Campaign_ID,Campaign_Name,Platform,Start_Date,End_Date,Clicks,Conversions,Cost,Data_Quality_Flag,Campaign_Duration_Days,Conversion_Rate,CPC,CPA,Conversion_Efficiency,Duration_Group,Start_YearMonth
CP89983,Order Campaign,Instagram,2023-11-14,2025-05-21,2630.0,1692.0,11905.26,False,554,0.6433460076045627,4.5267148288973384,7.036205673758865,0.14212205361327682,> 12 Months,2023-11
CP26597,City Campaign,Twitter,2024-03-02,2024-12-11,14563.0,379.0,7379.52,False,284,0.02602485751562178,0.5067307560255442,19.471029023746702,0.051358353930878974,6–12 Months,2024-03
CP82217,While Campaign,Google,2024-04-17,2024-12-07,10891.0,607.0,32802.26,False,234,0.05573409236984666,3.0118685152878526,54.039967051070846,0.01850482253356933,6–12 Months,2024-04
CP13723,Evidence Campaign,Facebook,2024-01-25,2025-08-20,8991.0,1895.0,92.5,False,573,0.210766321877433,0.0102880658436214,0.048812664907651716,20.486486486486488,> 12 Months,2024-01
CP58995,Son Campaign,Email,2024-02-15,2025-02-05,2257.0,45.0,20123.33,False,356,0.01993797075764289,8.91596366858662,447.18511111111115,0.0022362104085158867,6–12 Months,2024-02
CP95643,We Campaign,Facebook,2024-05-14,2025-02-10,1479.0,836.0,12056.88,False,272,0.5652467883705207,8.152048681541581,14.422105263157894,0.06933800452521714,6–12 Months,2024-05
CP64704,Or Campaign,Facebook,2024-10-21,2024-11-30,16336.0,1047.0,26080.28,False,40,0.06409157688540647,1.5964911851126347,24.90953199617956,0.04014527451392393,1–3 Months,2024-10
CP60150,Maintain Campaign,Facebook,2024-01-15,2025-03-04,16918.0,1000.0,49251.45,False,414,0.05910864168341411,2.911186310438586,49.25145,0.02030397074603895,> 12 Months,2024-01
CP95264,Point Campaign,Google,2023-12-26,2024-11-28,14659.0,217.0,12796.32,False,338,0.014803192577938468,0.8729326693498874,58.96921658986175,0.016958000425122223,6–12 Months,2023-12
CP47746,Minute Campaign,Facebook,2024-02-07,2025-01-06,14536.0,1287.0,17374.86,False,334,0.0885388002201431,1.1952985690698954,13.500279720279721,0.0740725392895252,6–12 Months,2024-02
CP98212,Painting Campaign,Google,2024-03-17,2025-03-19,10775.0,1341.0,29427.14,False,367,0.12445475638051044,2.7310570765661253,21.944175988068604,0.045570177733887836,> 12 Months,2024-03
CP11571,Time Campaign,Google,2024-06-11,2025-04-09,5308.0,406.0,6097.61,False,302,0.07648831951770912,1.1487584777694047,15.01874384236453,0.06658346466894406,6–12 Months,2024-06
CP31067,Pick Campaign,Google,2024-09-23,2025-02-13,1932.0,405.0,39998.43,False,143,0.2096273291925466,20.703121118012422,98.76155555555556,0.010125397421848807,3–6 Months,2024-09
CP19681,Interesting Campaign,Facebook,2023-12-22,2025-03-10,8109.0,1411.0,48122.46,False,444,0.1740041928721174,5.934450610432853,34.105216158752654,0.029321028060493998,> 12 Months,2023-12
CP75270,Themselves Campaign,Instagram,2024-06-24,2024-11-01,11732.0,774.0,40190.49,False,130,0.06597340606887146,3.425715138083873,51.9256976744186,0.019258287221678563,3–6 Months,2024-06
CP84268,Remain Campaign,Instagram,2024-06-25,2025-08-30,6775.0,136.0,44292.85,False,431,0.02007380073800738,6.5376900369003685,325.68272058823527,0.003070472999592485,> 12 Months,2024-06
CP52113,Together Campaign,Twitter,2024-03-22,2025-07-29,19236.0,533.0,6191.09,False,494,0.02770846329798295,0.32184913703472656,11.615553470919325,0.0860914637002531,> 12 Months,2024-03
CP22199,Table Campaign,Instagram,2024-07-01,2025-07-21,640.0,31.0,31155.05,False,385,0.0484375,48.679765625,1005.0016129032258,0.0009950232787300935,> 12 Months,2024-07
CP31784,Young Campaign,Google,2023-12-24,2025-06-02,17338.0,1253.0,10962.46,False,526,0.07226900449878879,0.6322793863190679,8.748970470869912,0.11429916277915725,> 12 Months,2023-12
CP25948,Kind Campaign,Facebook,2024-07-14,2025-08-29,7268.0,520.0,49242.22,False,411,0.07154650522839846,6.77520913593836,94.69657692307692,0.010560043799812437,> 12 Months,2024-07
CP38440,We Campaign,Facebook,2023-11-02,2025-02-07,350.0,1577.0,41283.27,True,463,4.505714285714285,117.95219999999999,26.178357641090678,0.03819949340253328,> 12 Months,2023-11
CP99991,Federal Campaign,LinkedIn,2024-01-04,2025-07-11,15219.0,1591.0,7238.25,False,554,0.10454037716012879,0.4756061502069781,4.549497171590195,0.21980451075881602,> 12 Months,2024-01
CP53017,Within Campaign,Instagram,2023-12-20,2025-01-10,4449.0,624.0,25958.34,False,387,0.14025623735670936,5.834645987862441,41.59990384615384,0.024038517100862383,> 12 Months,2023-12
CP40444,Per Campaign,Facebook,2024-10-13,2025-02-05,6890.0,1094.0,18357.35,False,115,0.15878084179970972,2.6643468795355587,16.780027422303473,0.059594658270393064,3–6 Months,2024-10
CP46135,Hotel Campaign,Facebook,2024-02-14,2025-07-31,6367.0,584.0,21732.72,False,533,0.09172294644259463,3.4133375215957282,37.21356164383562,0.02687192399294704,> 12 Months,2024-02
CP38806,Decision Campaign,Google,2024-09-21,2025-01-02,19738.0,809.0,13455.4,False,103,0.040986928766845676,0.6817002735839497,16.63213844252163,0.06012455965634615,3–6 Months,2024-09
CP69580,Ten Campaign,Facebook,2024-08-11,2025-01-23,12164.0,998.0,29008.87,False,165,0.08204537980927326,2.3848133837553434,29.06700400801603,0.03440327044796988,3–6 Months,2024-08
CP61639,Nice Campaign,Instagram,2024-06-07,2025-04-15,7672.0,283.0,4376.75,False,312,0.036887382690302395,0.5704835766423357,15.465547703180212,0.06465985034557606,6–12 Months,2024-06
CP63164,Blue Campaign,Twitter,2024-06-27,2025-08-22,15296.0,568.0,48801.82,False,421,0.03713389121338912,3.1904955543933053,85.91869718309859,0.011638910188185605,> 12 Months,2024-06
CP12149,Among Campaign,LinkedIn,2023-12-20,2025-05-17,9451.0,810.0,36972.06,False,514,0.08570521637921913,3.911973336154904,45.64451851851852,0.02190843572146102,> 12 Months,2023-12
CP32351,Item Campaign,Google,2023-11-28,2024-11-17,10924.0,1414.0,6655.04,False,355,0.12943976565360674,0.6092127425851337,4.706534653465346,0.21247054863682263,6–12 Months,2023-11
CP42435,American Campaign,Google,2024-08-26,2025-09-21,12065.0,1687.0,36360.38,False,391,0.13982594280978036,3.0137074181516783,21.553278008298754,0.04639665482043917,> 12 Months,2024-08
CP91387,Cover Campaign,Facebook,2024-01-15,2025-05-16,8504.0,748.0,33166.15,False,487,0.08795860771401694,3.9000646754468486,44.33977272727273,0.022553115149029957,> 12 Months,2024-01
CP45848,Front Campaign,Google,2024-04-09,2025-10-10,9952.0,1384.0,12127.76,False,549,0.13906752411575563,1.2186254019292604,8.762832369942197,0.11411835326556594,> 12 Months,2024-04
CP57858,Another Campaign,Facebook,2024-06-19,2024-12-25,14177.0,1470.0,24653.68,False,189,0.10368907385201383,1.7389913239754533,16.771210884353742,0.05962598687092556,6–12 Months,2024-06
CP65471,Magazine Campaign,Instagram,2024-10-08,2025-05-07,1282.0,1483.0,24727.3,True,211,1.156786271450858,19.288065522620904,16.673836817262305,0.059974198557869236,6–12 Months,2024-10
CP78736,Town Campaign,Google,2024-03-29,2025-01-06,13786.0,957.0,7897.18,False,283,0.06941825039895547,0.5728405628898883,8.252016718913271,0.12118249805626818,6–12 Months,2024-03
CP38869,They Campaign,Google,2024-08-13,2025-09-29,17252.0,534.0,27780.04,False,412,0.03095293299327614,1.610250405750058,52.022546816479405,0.01922243452493229,> 12 Months,2024-08
CP24906,Yourself Campaign,Email,2023-11-08,2025-05-19,10623.0,759.0,20097.37,False,558,0.07144874329285512,1.8918732937964793,26.47874835309618,0.03776613556898241,> 12 Months,2023-11
CP93485,Really Campaign,Google,2023-11-12,2025-07-10,14154.0,981.0,29865.58,False,606,0.06930902924968207,2.1100452168998163,30.44401630988787,0.03284717725220806,> 12 Months,2023-11
CP45712,Never Campaign,Email,2024-01-13,2025-08-15,674.0,270.0,32445.22,False,580,0.40059347181008903,48.13830860534125,120.16748148148149,0.008321718884938984,> 12 Months,2024-01
CP65395,Green Campaign,Facebook,2023-12-23,2025-05-18,11555.0,1283.0,40512.98,False,512,0.11103418433578538,3.506099524015578,31.576757599376464,0.031668862670679865,> 12 Months,2023-12
CP49612,Car Campaign,Email,2023-12-02,2024-11-12,2471.0,1073.0,38697.73,False,346,0.434237150951032,15.660756778632134,36.06498602050326,0.027727724597799402,6–12 Months,2023-12
CP35928,Five Campaign,Google,2024-06-09,2025-08-03,7407.0,272.0,42890.11,False,420,0.03672201971108411,5.7904833265829625,157.68422794117646,0.006341788351673614,> 12 Months,2024-06
CP72964,Material Campaign,Facebook,2024-09-15,2025-03-17,386.0,1402.0,17061.98,True,183,3.6321243523316062,44.2020207253886,12.169743223965764,0.08217100242761978,6–12 Months,2024-09
CP37228,Support Campaign,Facebook,2024-10-01,2024-10-23,12473.0,310.0,11540.29,False,22,0.024853683957347873,0.9252216788262648,37.22674193548387,0.026862409870115914,< 1 Month,2024-10
CP93507,Edge Campaign,Facebook,2023-12-07,2025-05-17,5500.0,1912.0,5056.5,False,527,0.34763636363636363,0.9193636363636364,2.644612970711297,0.3781271630574508,> 12 Months,2023-12
CP26254,They Campaign,Google,2024-09-09,2025-01-17,8079.0,1884.0,45317.36,False,130,0.2331971778685481,5.609278376036638,24.05380042462845,0.041573472064568635,3–6 Months,2024-09
CP38051,Study Campaign,Instagram,2023-11-11,2024-12-13,6977.0,415.0,7974.39,False,398,0.05948115235774688,1.1429539916869715,19.215397590361448,0.05204159816612932,> 12 Months,2023-11
CP36696,Stay Campaign,Google,2024-07-03,2025-03-22,15575.0,1324.0,42867.79,False,262,0.08500802568218299,2.7523460674157305,32.37748489425982,0.030885660305791363,6–12 Months,2024-07
CP57126,From Campaign,Google,2024-08-09,2025-03-12,14956.0,986.0,16256.18,False,215,0.06592671837389677,1.0869336721048408,16.486997971602435,0.060653855948937574,6–12 Months,2024-08
CP95577,True Campaign,Google,2024-04-27,2025-03-19,3678.0,1156.0,14329.34,False,326,0.31430125067971726,3.895959760739532,12.395622837370242,0.0806736388417052,6–12 Months,2024-04
CP22197,Price Campaign,Google,2024-03-13,2025-05-05,12715.0,1785.0,25536.57,False,418,0.1403853716083366,2.008381439244986,14.306201680672268,0.06989975552707353,> 12 Months,2024-03
CP48121,Tend Campaign,Facebook,2023-12-06,2025-02-27,11715.0,1145.0,39020.53,False,449,0.09773794280836534,3.330817755014938,34.079065502183404,0.029343527625073265,> 12 Months,2023-12
CP18186,Game Campaign,Google,2024-09-25,2024-12-02,7165.0,204.0,32692.62,False,68,0.028471737613398464,4.562822051639916,160.25794117647058,0.006239940390216508,1–3 Months,2024-09
CP28575,Prepare Campaign,Facebook,2024-04-19,2025-09-20,16990.0,1786.0,39951.39,False,519,0.10512065921130076,2.3514649793996467,22.369199328107502,0.0447043269333057,> 12 Months,2024-04
CP19397,Seem Campaign,Google,2023-11-06,2024-12-06,1400.0,118.0,41370.01,False,396,0.08428571428571428,29.550007142857144,350.5933050847458,0.0028523077466019466,> 12 Months,2023-11
CP40650,Reveal Campaign,Email,2024-01-09,2025-06-24,7546.0,42.0,30799.33,False,532,0.0055658627087198514,4.0815438642989665,733.317380952381,0.0013636660277999554,> 12 Months,2024-01
CP61599,Receive Campaign,Google,2024-03-31,2025-08-15,13168.0,819.0,16910.7,False,502,0.0621962332928311,1.2842269137302553,20.647985347985347,0.04843087512639926,> 12 Months,2024-03
CP53383,Machine Campaign,Google,2024-07-01,2025-01-12,1822.0,707.0,43834.65,False,195,0.3880351262349067,24.058534577387487,62.00091937765205,0.016128793089485144,6–12 Months,2024-07
CP51551,Me Campaign,Facebook,2024-04-01,2025-09-02,7376.0,946.0,2315.44,False,519,0.12825379609544468,0.31391540130151846,2.4476109936575052,0.40856165566803715,> 12 Months,2024-04
CP80595,Read Campaign,LinkedIn,2024-09-03,2025-09-25,2483.0,1420.0,46098.18,False,387,0.5718888441401531,18.565517519130086,32.46350704225352,0.030803819152947037,> 12 Months,2024-09
CP78695,Nation Campaign,Google,2023-12-25,2025-10-01,11801.0,192.0,42594.73,False,646,0.01626980764342005,3.6094169985594444,221.84755208333334,0.004507599883835394,> 12 Months,2023-12
CP23033,Draw Campaign,Facebook,2024-09-01,2025-01-01,889.0,1613.0,20628.37,True,122,1.814398200224972,23.204015748031495,12.788822070675758,0.07819328429730513,3–6 Months,2024-09
CP62750,Morning Campaign,Email,2024-09-25,2025-08-27,6097.0,732.0,16243.14,False,336,0.12005904543217977,2.664120059045432,22.190081967213114,0.04506517828449426,6–12 Months,2024-09
CP92535,These Campaign,Instagram,2024-10-15,2024-11-06,13884.0,1316.0,42128.9,False,22,0.0947853644482858,3.0343488908095653,32.012841945288756,0.031237464068608483,< 1 Month,2024-10
CP47734,Only Campaign,Facebook,2023-11-05,2025-02-09,3635.0,1788.0,24592.07,False,462,0.49188445667125175,6.765356258596974,13.753954138702461,0.07270636428734954,> 12 Months,2023-11
CP99889,Near Campaign,Facebook,2024-05-27,2025-09-13,14134.0,1654.0,40880.51,False,474,0.11702278194424791,2.892352483373426,24.716148730350668,0.04045937783065818,> 12 Months,2024-05
CP65103,Before Campaign,Facebook,2024-06-28,2025-06-08,13853.0,592.0,23586.55,False,345,0.0427344257561539,1.7026311990182632,39.84214527027027,0.025099050094227433,6–12 Months,2024-06
CP44641,Share Campaign,LinkedIn,2024-08-05,2025-06-03,19412.0,401.0,13941.92,False,302,0.020657325365753144,0.7182114156192047,34.76788029925187,0.028762179097283586,6–12 Months,2024-08
CP91362,Compare Campaign,Google,2023-10-30,2025-03-30,8579.0,361.0,13008.82,False,517,0.04207949644480709,1.5163562186735051,36.03551246537396,0.027750403187990918,> 12 Months,2023-10
CP64744,Issue Campaign,Facebook,2024-06-16,2025-08-08,8080.0,544.0,48917.47,False,418,0.06732673267326733,6.0541423267326735,89.92181985294118,0.011120771372681375,> 12 Months,2024-06
CP78087,Suffer Campaign,LinkedIn,2023-12-24,2025-08-11,3083.0,1806.0,12974.02,False,596,0.5857930587090496,4.2082452156989945,7.183842746400886,0.1392012652978799,> 12 Months,2023-12
CP68994,Back Campaign,LinkedIn,2024-05-20,2024-12-11,1467.0,1832.0,12514.35,True,205,1.2488070892978869,8.530572597137015,6.8309770742358085,0.146391942050526,6–12 Months,2024-05
CP88960,High Campaign,Instagram,2024-10-04,2025-08-09,10616.0,1171.0,37842.04,False,309,0.1103051996985682,3.5646232102486812,32.31600341588386,0.030944420543924163,6–12 Months,2024-10
CP38160,Security Campaign,Google,2023-12-18,2025-06-06,17396.0,1604.0,49214.28,False,536,0.09220510462175213,2.829057254541274,30.68221945137157,0.03259216633871307,> 12 Months,2023-12
CP76383,Question Campaign,Facebook,2024-04-25,2025-09-13,15472.0,1462.0,24806.49,False,506,0.09449327817993795,1.6033150206825233,16.96750341997264,0.05893618968261934,> 12 Months,2024-04
CP93107,Part Campaign,Facebook,2024-04-04,2025-01-20,11746.0,495.0,28247.42,False,291,0.04214200578920484,2.4048544185254555,57.06549494949495,0.01752372429057238,6–12 Months,2024-04
CP39681,Town Campaign,LinkedIn,2024-09-11,2025-06-13,3417.0,302.0,8869.35,False,275,0.08838162130523851,2.595654082528534,29.368708609271525,0.034049845817337235,6–12 Months,2024-09
CP75361,Budget Campaign,Google,2024-06-24,2025-07-31,11719.0,942.0,15107.85,False,402,0.08038228517791621,1.2891756975851183,16.038057324840764,0.06235169133927064,> 12 Months,2024-06
CP77431,Sense Campaign,Email,2024-09-15,2025-04-09,16500.0,41.0,27868.09,False,206,0.0024848484848484847,1.6889751515151514,679.709512195122,0.001471216721346888,6–12 Months,2024-09
CP75044,Green Campaign,Twitter,2023-12-12,2025-03-21,4491.0,1391.0,19166.92,False,465,0.30973057225562234,4.2678512580716985,13.779237958303378,0.07257295381834954,> 12 Months,2023-12
CP94910,Him Campaign,Google,2024-06-15,2024-11-26,568.0,1003.0,45327.41,True,164,1.7658450704225352,79.80177816901409,45.191834496510474,0.022127891269322467,3–6 Months,2024-06
CP52691,Challenge Campaign,Twitter,2024-02-28,2025-10-09,613.0,619.0,9447.67,True,589,1.0097879282218598,15.412185970636216,15.262794830371567,0.06551879987340795,> 12 Months,2024-02
CP89582,Popular Campaign,Google,2024-01-15,2025-06-04,9395.0,106.0,48230.57,False,506,0.01128259712613092,5.133642362959021,455.0053773584906,0.0021977762236689304,> 12 Months,2024-01
CP29189,Four Campaign,Facebook,2024-06-04,2025-03-07,6024.0,1713.0,6177.24,False,276,0.28436254980079684,1.025438247011952,3.606094570928196,0.2773083124502205,6–12 Months,2024-06
CP59238,Never Campaign,Google,2024-02-22,2025-10-19,15059.0,1902.0,2560.6,False,605,0.12630320738428846,0.1700378511189322,1.346267087276551,0.742794657502148,> 12 Months,2024-02
CP41353,Realize Campaign,LinkedIn,2023-12-09,2025-09-14,16451.0,804.0,17249.49,False,645,0.04887240897209896,1.0485374749255365,21.454589552238808,0.046610073689135154,> 12 Months,2023-12
CP94616,Me Campaign,Email,2024-09-08,2025-08-13,2787.0,1050.0,40462.43,False,339,0.3767491926803014,14.51827412988877,38.535647619047616,0.025949998554214367,6–12 Months,2024-09
CP89456,Rock Campaign,Google,2023-12-27,2025-03-04,10785.0,1582.0,28166.71,False,433,0.14668521094112194,2.611656003708855,17.804494310998734,0.05616559406476653,> 12 Months,2023-12
CP86153,Standard Campaign,Facebook,2024-09-06,2025-07-10,5635.0,726.0,42721.82,False,307,0.12883762200532387,7.581511978704525,58.84548209366391,0.016993658041722006,6–12 Months,2024-09
CP75991,Bring Campaign,Email,2024-09-21,2025-01-04,2928.0,1288.0,17008.21,False,105,0.43989071038251365,5.808814890710382,13.205131987577639,0.07572813364839687,3–6 Months,2024-09
CP49246,Remember Campaign,Twitter,2024-03-10,2024-11-04,10410.0,1848.0,46107.36,False,239,0.17752161383285303,4.42914121037464,24.94987012987013,0.04008036894760403,6–12 Months,2024-03
CP93719,Him Campaign,LinkedIn,2024-07-17,2025-05-03,14633.0,1838.0,3585.6,False,290,0.1256065058429577,0.24503519442356317,1.950816104461371,0.5126059794734493,6–12 Months,2024-07
CP26002,Thus Campaign,LinkedIn,2024-02-26,2025-09-18,15547.0,37.0,31886.05,False,570,0.0023798803627709526,2.0509455200360196,861.7851351351351,0.001160382047948868,> 12 Months,2024-02
CP48453,Win Campaign,Google,2024-08-06,2025-09-17,12769.0,1731.0,15590.36,False,407,0.13556269089200407,1.2209538726603493,9.006562680531484,0.11103014940001385,> 12 Months,2024-08
CP12301,Current Campaign,Facebook,2024-04-10,2025-03-12,3957.0,1828.0,32811.47,False,336,0.4619661359615871,8.29200657063432,17.949381838074398,0.05571222502374931,6–12 Months,2024-04
CP92032,Up Campaign,Instagram,2024-07-31,2025-05-24,1305.0,1927.0,44566.85,True,297,1.4766283524904213,34.15084291187739,23.12758173326414,0.043238415997540774,6–12 Months,2024-07
CP42208,Process Campaign,Facebook,2024-03-28,2025-05-06,1845.0,1890.0,42685.64,True,404,1.024390243902439,23.135848238482385,22.58499470899471,0.044277185489077824,> 12 Months,2024-03
CP80627,Whose Campaign,Facebook,2023-12-05,2024-12-09,15925.0,140.0,24452.87,False,370,0.008791208791208791,1.5355020408163265,174.66335714285714,0.0057252993206932355,> 12 Months,2023-12
CP39800,Seven Campaign,Instagram,2024-04-17,2025-08-28,80.0,1836.0,24840.73,True,498,22.95,310.509125,13.52980936819172,0.07391087137938378,> 12 Months,2024-04
CP68660,Toward Campaign,Email,2023-10-27,2025-02-10,19912.0,288.0,14438.25,False,472,0.01446364001607071,0.72510295299317,50.1328125,0.019947015739442107,> 12 Months,2023-10
CP14804,American Campaign,Email,2024-02-21,2025-02-09,3227.0,1473.0,34271.15,False,354,0.4564611093895259,10.620127052990394,23.26622539035981,0.04298075786776925,6–12 Months,2024-02
CP11902,Get Campaign,Facebook,2024-02-15,2025-04-25,10106.0,1402.0,15448.81,False,435,0.13872946764298436,1.5286770235503662,11.019122681883024,0.09075132647757336,> 12 Months,2024-02
CP64074,Crime Campaign,LinkedIn,2024-06-23,2024-10-22,6522.0,483.0,6227.24,False,121,0.07405703771849126,0.9548052744556884,12.892836438923394,0.07756245142310238,3–6 Months,2024-06
CP33121,Reach Campaign,Twitter,2024-02-26,2025-04-04,4255.0,118.0,42939.65,False,403,0.02773207990599295,10.091574618096358,363.89533898305086,0.002748042892757626,> 12 Months,2024-02
CP45498,Treatment Campaign,LinkedIn,2024-08-25,2025-07-01,18735.0,1932.0,16418.78,False,310,0.10312249799839872,0.8763693621563917,8.498333333333333,0.11767013139831341,6–12 Months,2024-08
CP18154,Sell Campaign,LinkedIn,2024-06-23,2025-03-09,19293.0,862.0,14366.77,False,259,0.04467941740527653,0.7446623127559219,16.666786542923436,0.0599995684485796,6–12 Months,2024-06
CP68666,Citizen Campaign,LinkedIn,2024-03-26,2025-02-01,19804.0,1418.0,584.57,False,312,0.07160169662694406,0.029517774187032924,0.41224964739069114,2.425714627846109,6–12 Months,2024-03
CP34704,What Campaign,Email,2024-02-06,2025-05-30,8249.0,1991.0,26007.49,False,479,0.24136258940477634,3.152805188507698,13.062526368658967,0.07655486938570388,> 12 Months,2024-02
CP52886,Whom Campaign,Facebook,2024-01-15,2024-11-06,12038.0,1380.0,7918.14,False,296,0.11463698288752285,0.6577620867253697,5.737782608695652,0.17428335442414505,6–12 Months,2024-01
CP76053,Present Campaign,Facebook,2023-11-22,2025-02-02,8430.0,852.0,8071.71,False,438,0.10106761565836299,0.9574982206405694,9.473838028169014,0.10555384175100443,> 12 Months,2023-11
CP73356,Where Campaign,Google,2024-07-28,2024-10-23,10474.0,713.0,29045.72,False,87,0.06807332442237922,2.773125835401948,40.73733520336606,0.02454750648288285,1–3 Months,2024-07
CP53946,Play Campaign,Facebook,2024-08-03,2025-05-31,5253.0,1995.0,11070.57,False,301,0.3797829811536265,2.1074757281553396,5.549157894736842,0.18020752318986286,6–12 Months,2024-08
CP46264,Cut Campaign,Facebook,2024-04-29,2025-06-05,7912.0,343.0,46626.19,False,402,0.04335187057633974,5.893097826086957,135.9364139941691,0.007356380609267023,> 12 Months,2024-04
CP28612,Order Campaign,Facebook,2024-03-11,2025-06-08,19666.0,590.0,1311.08,False,454,0.030001016983626564,0.06666734465575104,2.2221694915254235,0.4500106782194832,> 12 Months,2024-03
CP89868,Budget Campaign,Facebook,2024-02-18,2025-03-13,9337.0,446.0,13308.71,False,389,0.0477669486987255,1.4253732462246973,29.840156950672643,0.03351188807931047,> 12 Months,2024-02
CP48329,Believe Campaign,Google,2023-11-24,2024-11-11,6458.0,597.0,38386.22,False,353,0.09244348095385568,5.943979560235367,64.29852596314907,0.015552456063660344,6–12 Months,2023-11
CP83790,Way Campaign,Facebook,2024-07-27,2025-10-10,12045.0,1169.0,37497.84,False,440,0.0970527189705272,3.113145703611457,32.07685201026518,0.03117512902076493,> 12 Months,2024-07
CP94377,Truth Campaign,Email,2024-01-10,2025-05-30,2466.0,1457.0,14450.67,False,506,0.5908353609083536,5.859963503649635,9.918098833218943,0.10082577486026599,> 12 Months,2024-01
CP91563,Themselves Campaign,LinkedIn,2024-05-21,2025-04-23,2678.0,1244.0,1414.48,False,337,0.46452576549663926,0.528185212845407,1.137041800643087,0.8794751428086647,6–12 Months,2024-05
CP21968,Tv Campaign,Facebook,2024-06-13,2025-10-08,4201.0,979.0,32918.32,False,482,0.23303975243989528,7.835829564389431,33.62443309499489,0.02974027836171469,> 12 Months,2024-06
CP32565,Feeling Campaign,Twitter,2024-05-06,2025-09-11,13447.0,1490.0,20871.53,False,493,0.11080538410054287,1.5521328177288614,14.007738255033557,0.07138911234586061,> 12 Months,2024-05
CP72442,Against Campaign,Facebook,2024-01-29,2025-07-23,5351.0,85.0,49810.22,False,541,0.01588488133059241,9.308581573537657,586.0025882352942,0.001706477104497832,> 12 Months,2024-01
CP93937,Father Campaign,Facebook,2024-06-21,2024-12-09,14506.0,96.0,6758.73,False,171,0.006617951192609954,0.4659265131669654,70.4034375,0.014203851907089055,3–6 Months,2024-06
CP79079,Story Campaign,LinkedIn,2023-11-22,2025-01-05,11618.0,1133.0,33523.69,False,410,0.09752108796694783,2.8854957824066108,29.58842894969109,0.03379699549781065,> 12 Months,2023-11
CP71549,Commercial Campaign,Twitter,2024-04-13,2025-01-17,10300.0,1851.0,28841.66,False,279,0.17970873786407768,2.800161165048544,15.581663965424095,0.06417799807639366,6–12 Months,2024-04
CP18694,Heart Campaign,Instagram,2024-06-03,2025-08-12,6856.0,1512.0,29236.94,False,435,0.220536756126021,4.264431155192532,19.33660052910053,0.05171539839668584,> 12 Months,2024-06
CP93793,Animal Campaign,Facebook,2024-06-14,2024-11-30,19165.0,1273.0,27661.26,False,169,0.06642316723193321,1.4433216801460995,21.729190887666928,0.046021041702366414,3–6 Months,2024-06
CP41063,Evening Campaign,Google,2024-01-22,2024-11-22,2274.0,94.0,38360.67,False,305,0.04133685136323659,16.869248021108177,408.0922340425532,0.002450426439371367,6–12 Months,2024-01
CP64833,His Campaign,Facebook,2024-01-21,2024-10-27,14788.0,867.0,38434.58,False,280,0.058628617798214766,2.5990384095212336,44.33054209919262,0.02255781122104105,6–12 Months,2024-01
CP21328,Argue Campaign,Facebook,2024-07-25,2024-11-26,18420.0,253.0,39414.59,False,124,0.013735070575461455,2.139771444082519,155.7888932806324,0.0064189428330981,3–6 Months,2024-07
CP80986,Participant Campaign,Facebook,2024-04-09,2025-05-12,11139.0,419.0,36420.94,False,398,0.037615584881946315,3.2696777089505344,86.92348448687352,0.011504370837216173,> 12 Months,2024-04
CP61541,Build Campaign,Instagram,2024-04-23,2025-07-19,6780.0,960.0,23147.57,False,452,0.1415929203539823,3.4140958702064896,24.11205208333333,0.041473035830542904,> 12 Months,2024-04
CP54559,Practice Campaign,Facebook,2024-06-20,2025-06-29,8163.0,1115.0,4594.03,False,374,0.13659193923802523,0.5627869655763812,4.120206278026906,0.24270629490882734,> 12 Months,2024-06
CP92379,Strategy Campaign,Google,2024-06-21,2025-07-25,17307.0,751.0,2622.23,False,399,0.04339284682498411,0.15151268272953142,3.4916511318242343,0.2863974556007673,> 12 Months,2024-06
CP93930,Pick Campaign,Email,2024-03-23,2024-11-07,2698.0,581.0,9177.1,False,229,0.21534469977761306,3.401445515196442,15.795352839931153,0.06330976016388619,6–12 Months,2024-03
CP45900,Course Campaign,Instagram,2024-04-15,2024-12-02,16372.0,1507.0,48103.83,False,231,0.09204739799657953,2.9381767652088935,31.92025879230259,0.03132806680881751,6–12 Months,2024-04
CP63231,Information Campaign,Email,2023-11-25,2025-09-18,16237.0,1930.0,43093.48,False,663,0.11886432222701238,2.654029685286691,22.32822797927461,0.044786357472174444,> 12 Months,2023-11
CP66535,Method Campaign,Instagram,2024-05-18,2025-09-10,8561.0,1255.0,26371.45,False,480,0.14659502394580073,3.0804170073589536,21.013107569721114,0.047589343778973094,> 12 Months,2024-05
CP29480,Need Campaign,Twitter,2024-05-04,2025-05-08,9185.0,1941.0,38136.24,False,369,0.21132280892759936,4.152013064779531,19.647727975270477,0.05089647012919994,> 12 Months,2024-05
CP44545,Culture Campaign,Email,2024-04-12,2025-07-11,8200.0,1460.0,8248.86,False,455,0.17804878048780487,1.0059585365853658,5.649904109589041,0.17699415434375174,> 12 Months,2024-04
CP84298,Store Campaign,Facebook,2024-03-19,2025-05-14,16394.0,900.0,29206.41,False,421,0.05489813346346224,1.7815304379651091,32.451566666666665,0.030815153248892967,> 12 Months,2024-03
CP99259,Out Campaign,Twitter,2024-04-20,2024-12-10,9555.0,1397.0,40934.04,False,234,0.14620617477760334,4.2840439560439565,29.301388690050107,0.034128075313357785,6–12 Months,2024-04
CP48932,Head Campaign,Email,2024-01-11,2024-11-29,7957.0,1405.0,19537.03,False,323,0.176574085710695,2.455326127937665,13.905359430604982,0.07191471784605952,6–12 Months,2024-01
CP65077,Whether Campaign,Instagram,2023-10-27,2025-06-01,10924.0,1307.0,6010.44,False,583,0.11964481874771146,0.5502050530941047,4.598653404743687,0.21745496169997539,> 12 Months,2023-10
CP60535,Camera Campaign,Facebook,2024-04-17,2024-11-28,6385.0,910.0,45127.21,False,225,0.14252153484729835,7.0676914643696165,49.59034065934066,0.02016521739323127,6–12 Months,2024-04
CP74953,Which Campaign,LinkedIn,2024-03-12,2025-03-12,7658.0,1211.0,341.17,False,365,0.15813528336380256,0.04455079655262471,0.28172584640792736,3.549550077673887,6–12 Months,2024-03
CP81283,Sister Campaign,Google,2024-08-30,2025-04-17,7523.0,1898.0,18786.42,False,230,0.25229296823075903,2.497197926359165,9.898008429926238,0.10103042516881876,6–12 Months,2024-08
CP30465,Go Campaign,Google,2024-06-13,2025-08-23,10721.0,1140.0,39307.64,False,436,0.10633336442496036,3.666415446320306,34.48038596491228,0.029001995540815985,> 12 Months,2024-06
CP92508,Arm Campaign,Twitter,2024-05-02,2025-04-06,4591.0,965.0,24985.28,False,339,0.2101938575473753,5.44223045088216,25.891481865284973,0.038622741069941985,6–12 Months,2024-05
CP77214,Money Campaign,Google,2024-08-09,2025-02-19,19664.0,821.0,18869.28,False,194,0.041751423921887715,0.9595850284784377,22.983288672350792,0.04350987425063384,6–12 Months,2024-08
CP89624,Rich Campaign,LinkedIn,2024-07-15,2025-01-29,6482.0,889.0,34180.42,False,198,0.13714902807775378,5.273128663992595,38.4481664791901,0.026009042603923536,6–12 Months,2024-07
CP20357,Very Campaign,LinkedIn,2023-12-01,2025-09-10,1546.0,1409.0,47802.78,False,649,0.9113842173350583,30.920297542043983,33.926742370475516,0.0294752731954083,> 12 Months,2023-12
CP60884,Together Campaign,Facebook,2024-05-11,2025-03-02,3716.0,1197.0,35368.46,False,295,0.3221205597416577,9.517884822389666,29.547585630743527,0.03384371273162586,6–12 Months,2024-05
CP27845,Life Campaign,Email,2024-02-09,2025-08-16,13574.0,673.0,49453.4,False,554,0.04958007956387211,3.643244437895978,73.48202080237742,0.01360877108550676,> 12 Months,2024-02
CP27368,Term Campaign,LinkedIn,2024-07-08,2025-09-18,19501.0,1432.0,43523.08,False,437,0.07343213168555458,2.2318383672632174,30.393212290502795,0.032902083216537065,> 12 Months,2024-07
CP70874,Individual Campaign,Facebook,2024-02-19,2024-11-17,985.0,1893.0,44585.88,True,272,1.9218274111675127,45.26485279187817,23.553026941362916,0.04245738785463021,6–12 Months,2024-02
CP56134,Agreement Campaign,Email,2024-04-13,2024-12-13,18983.0,809.0,49193.22,False,244,0.04261707843860296,2.5914354949165044,60.8074412855377,0.016445355681128416,6–12 Months,2024-04
CP84866,Young Campaign,Email,2024-07-03,2024-11-19,5188.0,310.0,19552.23,False,139,0.0597532767925983,3.7687413261372398,63.071709677419356,0.01585496897284862,3–6 Months,2024-07
CP59277,Present Campaign,Google,2024-05-26,2024-12-03,8395.0,424.0,14897.22,False,191,0.05050625372245384,1.774534842167957,35.13495283018868,0.028461686140098624,6–12 Months,2024-05
CP67678,What Campaign,Facebook,2024-02-10,2025-01-29,4904.0,13.0,8491.8,False,354,0.0026508972267536707,1.7316068515497551,653.2153846153846,0.001530888621964719,6–12 Months,2024-02
CP58008,Effort Campaign,LinkedIn,2024-05-19,2025-10-03,19704.0,496.0,29942.85,False,502,0.025172553796183515,1.5196330694275273,60.368649193548386,0.01656488944773126,> 12 Months,2024-05
CP99267,Produce Campaign,Email,2023-12-14,2025-01-08,19306.0,1081.0,41827.11,False,391,0.05599295555785766,2.1665342380607067,38.69297872340426,0.02584448220304965,> 12 Months,2023-12
CP92764,Partner Campaign,Twitter,2024-06-25,2024-11-19,19647.0,318.0,3193.51,False,147,0.016185677202626356,0.16254440881559526,10.04248427672956,0.09957695451086734,3–6 Months,2024-06
CP84318,Carry Campaign,Google,2024-10-16,2025-01-31,3614.0,757.0,43583.04,False,107,0.20946319867183177,12.059501936912008,57.573368560105685,0.017369141757894814,3–6 Months,2024-10
CP51393,Entire Campaign,Email,2023-11-27,2025-08-05,17218.0,77.0,25461.59,False,617,0.00447206411894529,1.478777442211639,330.67,0.00302416306287235,> 12 Months,2023-11
CP33697,Paper Campaign,Google,2024-09-23,2025-01-03,13656.0,1699.0,36908.44,False,102,0.1244141769185706,2.702727006444054,21.72362566215421,0.04603283151495972,3–6 Months,2024-09
CP82454,Structure Campaign,Google,2024-03-28,2025-02-06,11755.0,1106.0,35176.37,False,315,0.09408762228838792,2.992460229689494,31.805036166365284,0.03144156148005038,6–12 Months,2024-03
CP86475,Case Campaign,Twitter,2024-03-22,2025-01-12,18683.0,650.0,27419.19,False,296,0.03479098645827758,1.4676010276722153,42.18336923076923,0.023706024867984794,6–12 Months,2024-03
CP86986,On Campaign,Email,2023-12-03,2025-03-13,3770.0,667.0,24203.88,False,466,0.17692307692307693,6.420127320954907,36.287676161919045,0.027557565150711373,> 12 Months,2023-12
CP47329,Cut Campaign,Google,2024-08-15,2025-03-26,8410.0,1462.0,11229.6,False,223,0.17384066587395958,1.335267538644471,7.680984952120383,0.13019163638954193,6–12 Months,2024-08
CP45187,East Campaign,Facebook,2024-03-05,2025-05-02,19328.0,411.0,39891.57,False,423,0.021264486754966887,2.0639264279801326,97.0597810218978,0.010302928663875601,> 12 Months,2024-03
CP28179,Child Campaign,Email,2024-08-11,2025-03-18,3276.0,1222.0,30288.38,False,219,0.373015873015873,9.24553724053724,24.785908346972178,0.040345505438059086,6–12 Months,2024-08
CP10976,She Campaign,Email,2023-12-10,2025-09-04,1774.0,640.0,5625.3,False,634,0.36076662908680945,3.170969560315671,8.78953125,0.11377170995324694,> 12 Months,2023-12
CP60024,Within Campaign,Facebook,2023-11-15,2024-12-19,6096.0,1141.0,6019.55,False,400,0.18717191601049868,0.9874589895013124,5.275679228746713,0.1895490526700501,> 12 Months,2023-11
CP39175,Prove Campaign,Google,2024-06-20,2025-09-18,9584.0,730.0,40596.45,False,455,0.0761686143572621,4.2358566360601,55.61157534246575,0.017981867872683452,> 12 Months,2024-06
CP45772,Meet Campaign,Google,2023-10-24,2025-06-20,13472.0,293.0,10977.86,False,605,0.021748812351543943,0.8148649049881236,37.46709897610922,0.026690083495326047,> 12 Months,2023-10
CP49893,Instead Campaign,Google,2024-08-25,2025-01-09,1517.0,724.0,7549.17,False,137,0.4772577455504285,4.976381015161503,10.427030386740332,0.09590458288792013,3–6 Months,2024-08
CP28083,Son Campaign,Facebook,2023-11-16,2024-12-15,11955.0,1461.0,3507.84,False,395,0.12220828105395232,0.2934203262233375,2.4009856262833678,0.4164956212370005,> 12 Months,2023-11
CP12930,Pull Campaign,Instagram,2024-10-06,2025-06-10,2348.0,1682.0,34072.1,False,247,0.7163543441226575,14.511115843270868,20.256896551724136,0.04936590348114733,6–12 Months,2024-10
CP45854,Film Campaign,LinkedIn,2024-01-07,2025-08-18,15477.0,381.0,24030.17,False,589,0.024617173870905215,1.552637462040447,63.071312335958,0.015855068857190773,> 12 Months,2024-01
CP97681,Follow Campaign,Twitter,2024-06-13,2024-12-08,6234.0,1949.0,34681.73,False,178,0.31264035931985884,5.56331889637472,17.794628014366342,0.05619673528396651,3–6 Months,2024-06
CP30111,Image Campaign,Email,2024-09-14,2025-05-06,6567.0,1160.0,32817.71,False,234,0.17664077965585503,4.997367138723923,28.291129310344825,0.0353467685588056,6–12 Months,2024-09
CP70304,Speak Campaign,LinkedIn,2024-01-31,2025-09-16,17889.0,911.0,22809.11,False,594,0.05092514953323271,1.2750354966739337,25.037442371020855,0.03994018179578247,> 12 Months,2024-01
CP90922,Water Campaign,Instagram,2023-11-18,2025-02-13,4353.0,17.0,21586.3,False,453,0.00390535263036986,4.9589478520560535,1269.7823529411764,0.0007875365393791433,> 12 Months,2023-11
CP47347,Candidate Campaign,Twitter,2023-11-07,2025-02-08,10544.0,85.0,3038.27,False,459,0.008061456752655538,0.2881515553869499,35.74435294117647,0.027976447122869265,> 12 Months,2023-11
CP22258,Contain Campaign,Google,2024-07-16,2025-07-08,44.0,1121.0,22704.75,True,357,25.477272727272727,516.0170454545455,20.25401427297056,0.049372928572215063,6–12 Months,2024-07
CP13152,Task Campaign,Instagram,2024-07-15,2024-12-11,9929.0,262.0,40527.58,False,149,0.02638735018632289,4.081738342229832,154.68541984732826,0.006464733398836051,3–6 Months,2024-07
CP76191,Plant Campaign,Google,2024-08-21,2025-09-18,8445.0,1095.0,14370.39,False,393,0.12966252220248667,1.7016447602131437,13.123643835616438,0.07619834952287308,> 12 Months,2024-08
CP21405,Prove Campaign,Google,2024-07-17,2025-06-16,11956.0,880.0,5766.04,False,334,0.07360321177651388,0.48227166276346606,6.5523181818181815,0.15261774111868803,6–12 Months,2024-07
CP26047,Eight Campaign,Google,2024-05-30,2025-09-21,1558.0,1384.0,16061.25,False,479,0.8883183568677792,10.308889602053915,11.604949421965317,0.08617012997120399,> 12 Months,2024-05
CP94399,Change Campaign,Facebook,2023-11-06,2025-04-02,19115.0,326.0,32830.65,False,513,0.017054669108030343,1.7175333507716455,100.70751533742332,0.009929745527426353,> 12 Months,2023-11
CP38838,Audience Campaign,Twitter,2024-06-17,2025-10-12,2250.0,588.0,24828.84,False,482,0.2613333333333333,11.03504,42.22591836734694,0.02368213738539537,> 12 Months,2024-06
CP58068,Recent Campaign,Google,2024-05-14,2024-11-01,19160.0,1021.0,43381.09,False,171,0.053288100208768265,2.2641487473903963,42.48882468168462,0.023535600419445434,3–6 Months,2024-05
CP20731,Fill Campaign,Google,2024-01-14,2025-10-15,1163.0,1750.0,5234.06,True,640,1.5047291487532244,4.5004815133276015,2.990891428571429,0.33434847900100495,> 12 Months,2024-01
CP87301,Charge Campaign,Google,2023-11-01,2025-01-28,15142.0,1632.0,49986.0,False,454,0.10777968564258354,3.301149121648395,30.628676470588236,0.03264914175969271,> 12 Months,2023-11
CP28409,Me Campaign,Facebook,2024-08-23,2025-01-30,2218.0,126.0,30461.0,False,160,0.056807935076645624,13.733543733092876,241.75396825396825,0.004136436755195168,3–6 Months,2024-08
CP80574,Responsibility Campaign,Google,2023-12-28,2025-05-15,18654.0,683.0,40376.62,False,504,0.03661413101747615,2.164501983488796,59.11657393850659,0.016915729944705624,> 12 Months,2023-12
CP66472,Read Campaign,LinkedIn,2024-06-22,2024-12-20,17574.0,1966.0,32080.75,False,181,0.11186980767042222,1.8254665983839764,16.317777212614445,0.06128285654169557,6–12 Months,2024-06
CP75040,Light Campaign,Facebook,2024-03-31,2024-12-14,3607.0,829.0,22927.02,False,258,0.22983088439146104,6.356257277515941,27.65623642943305,0.036158209832765006,6–12 Months,2024-03
CP54302,Debate Campaign,Instagram,2024-07-22,2025-07-23,1324.0,818.0,45571.48,False,366,0.6178247734138973,34.41954682779456,55.710855745721275,0.01794982300333454,> 12 Months,2024-07
CP96407,Know Campaign,Google,2024-01-02,2024-11-05,17685.0,425.0,5362.48,False,308,0.0240316652530393,0.30322193949674864,12.6176,0.07925437484149125,6–12 Months,2024-01
CP44612,Number Campaign,Instagram,2024-05-24,2024-11-22,5017.0,1435.0,21847.02,False,182,0.28602750647797487,4.354598365557106,15.224404181184669,0.06568401548586489,6–12 Months,2024-05
CP13309,Business Campaign,Instagram,2024-01-25,2025-04-03,16552.0,1510.0,40046.55,False,434,0.09122764620589657,2.4194387385210248,26.5208940397351,0.037706119503427886,> 12 Months,2024-01
CP50532,Everybody Campaign,Facebook,2024-07-09,2025-06-10,11328.0,12.0,14231.16,False,336,0.001059322033898305,1.2562817796610168,1185.93,0.0008432200888753974,6–12 Months,2024-07
CP65737,Knowledge Campaign,Google,2024-06-22,2024-11-13,12664.0,1737.0,39785.08,False,144,0.13716045483259634,3.1415887555274797,22.90447898675878,0.043659582939131955,3–6 Months,2024-06
CP24602,Left Campaign,Facebook,2024-04-22,2024-11-07,1849.0,275.0,26637.59,False,199,0.14872904272579773,14.406484586262845,96.86396363636364,0.010323756766284036,6–12 Months,2024-04
CP36942,Early Campaign,Facebook,2024-03-17,2025-05-11,7691.0,1567.0,15016.97,False,420,0.20374463658822,1.952538031465349,9.583261008296107,0.10434861360181182,> 12 Months,2024-03
CP42905,Large Campaign,Google,2024-08-14,2025-07-24,11511.0,435.0,16434.12,False,344,0.03778994005733646,1.427688298149596,37.779586206896546,0.026469321144058824,6–12 Months,2024-08
CP95923,Before Campaign,Twitter,2024-01-11,2024-11-16,13913.0,1350.0,17930.93,False,310,0.09703155322360382,1.2887896212175662,13.28217037037037,0.07528890024109179,6–12 Months,2024-01
CP24510,Interesting Campaign,Facebook,2024-05-29,2024-12-29,22.0,1379.0,4652.49,True,214,62.68181818181818,211.47681818181817,3.373814358230602,0.2964004221395425,6–12 Months,2024-05
CP75231,American Campaign,Google,2024-09-07,2025-08-23,3178.0,1773.0,22398.29,False,350,0.5578980490874764,7.047920075519195,12.632989283699944,0.07915782856637717,6–12 Months,2024-09
CP39938,Several Campaign,Facebook,2024-04-28,2025-10-20,3482.0,634.0,36183.98,False,540,0.1820792647903504,10.391723147616313,57.072523659306,0.017521566173759766,> 12 Months,2024-04
CP43587,Want Campaign,Google,2024-09-29,2024-12-26,11064.0,572.0,34497.32,False,88,0.05169920462762111,3.117979031091829,60.31,0.0165809981760902,1–3 Months,2024-09
CP73308,Believe Campaign,Google,2024-04-10,2024-12-31,1380.0,208.0,33592.67,False,265,0.15072463768115943,24.342514492753622,161.50322115384614,0.006191826967013935,6–12 Months,2024-04
CP56250,Choice Campaign,Facebook,2024-06-09,2024-12-11,12714.0,1463.0,38695.4,False,185,0.11507000157306906,3.0435268208274344,26.44935064935065,0.037808111558479816,6–12 Months,2024-06
CP70295,Avoid Campaign,Email,2024-03-26,2024-11-11,9794.0,687.0,44524.49,False,230,0.07014498672656728,4.546098631815397,64.81002911208151,0.015429710705277029,6–12 Months,2024-03
CP79291,Show Campaign,Facebook,2024-07-04,2025-05-08,10004.0,840.0,26734.45,False,308,0.08396641343462614,2.672376049580168,31.82672619047619,0.03142013394702341,6–12 Months,2024-07
CP45696,Every Campaign,Email,2024-06-13,2025-09-08,11376.0,1941.0,29743.67,False,452,0.17062236286919832,2.614598277074543,15.323889747552807,0.06525758253772988,> 12 Months,2024-06
CP65464,Employee Campaign,Email,2024-06-04,2024-10-27,18165.0,834.0,45778.2,False,145,0.04591246903385632,2.520132122213047,54.88992805755395,0.018218278569275333,3–6 Months,2024-06
CP87475,Ago Campaign,Facebook,2023-12-21,2024-12-28,8798.0,888.0,7892.5,False,373,0.10093203000681973,0.8970788815639918,8.88795045045045,0.1125118783655369,> 12 Months,2023-12
CP73302,Especially Campaign,Facebook,2023-11-24,2024-10-26,11070.0,737.0,49341.6,False,337,0.06657633242999096,4.457235772357723,66.94925373134328,0.014936686285000892,6–12 Months,2023-11
CP74728,Describe Campaign,Email,2024-06-14,2025-08-13,10629.0,915.0,24946.99,False,425,0.08608523849844764,2.3470683977796596,27.26446994535519,0.03667777154678781,> 12 Months,2024-06
CP85059,Old Campaign,Email,2024-03-23,2025-08-10,14321.0,1906.0,18053.83,False,505,0.13309126457649606,1.260654283918721,9.472103882476391,0.10557316646938626,> 12 Months,2024-03
CP83319,Create Campaign,Instagram,2024-01-11,2025-04-10,16592.0,850.0,42472.19,False,455,0.05122950819672131,2.5597993008678883,49.967282352941176,0.020013095627986217,> 12 Months,2024-01
CP56800,Whatever Campaign,Facebook,2024-04-27,2025-05-18,5355.0,444.0,4207.53,False,386,0.08291316526610644,0.785719887955182,9.476418918918919,0.10552509429522784,> 12 Months,2024-04
CP66546,Else Campaign,Facebook,2024-10-20,2025-08-25,17825.0,1528.0,8769.74,False,309,0.08572230014025245,0.49199102384291726,5.739358638743456,0.1742354961492587,6–12 Months,2024-10
CP13220,Listen Campaign,Facebook,2024-02-12,2025-07-11,16998.0,380.0,1267.44,False,515,0.022355571243675727,0.07456406636074833,3.3353684210526318,0.29981695385974877,> 12 Months,2024-02
CP59752,Network Campaign,Google,2024-03-26,2025-10-22,12208.0,1182.0,45460.49,False,575,0.09682175622542595,3.723827817824377,38.46065143824027,0.026000599641578876,> 12 Months,2024-03
CP13015,Positive Campaign,LinkedIn,2024-07-17,2025-09-24,3489.0,271.0,31642.81,False,434,0.07767268558326168,9.069306391516195,116.76313653136532,0.008564346845302297,> 12 Months,2024-07
CP13950,None Campaign,Google,2023-10-29,2025-03-28,11637.0,1540.0,19916.71,False,516,0.1323365128469537,1.7114986680415913,12.93292857142857,0.07732200750023473,> 12 Months,2023-10
CP47316,Cultural Campaign,Facebook,2024-01-02,2025-06-04,8536.0,1232.0,2652.72,False,519,0.14432989690721648,0.3107685098406748,2.153181818181818,0.4644289634789952,> 12 Months,2024-01
CP18397,Blood Campaign,Twitter,2024-05-19,2024-12-22,7486.0,1809.0,27118.16,False,217,0.24165108201977023,3.6225166978359606,14.99069098949696,0.06670806573897343,6–12 Months,2024-05
CP33627,Action Campaign,Facebook,2024-08-01,2025-09-11,4473.0,694.0,39206.31,False,406,0.15515314106863404,8.765103957075787,56.49324207492795,0.017701232276131063,> 12 Months,2024-08
CP86105,Source Campaign,Facebook,2024-10-18,2025-01-26,9971.0,1941.0,39476.15,False,100,0.19466452712867316,3.9590963795005516,20.338047398248328,0.04916892858092797,3–6 Months,2024-10
CP57890,Student Campaign,Instagram,2024-07-29,2025-03-12,16153.0,180.0,31836.39,False,226,0.011143440846901505,1.970927381910481,176.86883333333333,0.005653907368266314,6–12 Months,2024-07
CP62237,Later Campaign,Email,2023-11-16,2025-04-22,3485.0,439.0,29610.87,False,523,0.1259684361549498,8.496662840746055,67.45072892938497,0.014825636666534959,> 12 Months,2023-11
CP66650,Write Campaign,Facebook,2024-05-05,2025-04-08,8456.0,314.0,35602.06,False,338,0.03713339640491958,4.210271996215704,113.38235668789808,0.008819714364842933,6–12 Months,2024-05
CP67299,White Campaign,Email,2024-03-01,2024-11-15,17975.0,1104.0,6713.87,False,259,0.06141863699582754,0.3735115438108484,6.081403985507246,0.1644357129345668,6–12 Months,2024-03
CP87110,Analysis Campaign,Facebook,2024-05-30,2025-01-16,715.0,1982.0,37058.88,True,231,2.772027972027972,51.830601398601395,18.697719475277495,0.053482458185460546,6–12 Months,2024-05
CP17540,Television Campaign,Email,2024-08-14,2025-05-10,17204.0,1232.0,12778.93,False,269,0.07161125319693094,0.7427883050453383,10.372508116883116,0.09640869775481985,6–12 Months,2024-08
CP36614,Put Campaign,Facebook,2024-07-07,2025-07-14,11101.0,368.0,18384.62,False,372,0.033150166651653004,1.65612287181335,49.95820652173913,0.020016731376552795,> 12 Months,2024-07
CP81979,To Campaign,Google,2024-06-10,2025-02-10,4313.0,1538.0,49378.95,False,245,0.3565963366566195,11.448863899837699,32.10594928478543,0.031146875338580512,6–12 Months,2024-06
CP34349,Glass Campaign,Google,2024-10-19,2025-01-19,9618.0,933.0,21983.1,False,92,0.09700561447286338,2.2856207111665627,23.561736334405143,0.042441693846636735,3–6 Months,2024-10
CP77867,Toward Campaign,Facebook,2024-06-13,2024-12-17,6626.0,402.0,1853.13,False,187,0.06067008753395714,0.2796755206761244,4.609776119402985,0.21693027472438522,6–12 Months,2024-06
CP48238,Laugh Campaign,Twitter,2024-04-24,2025-05-19,14156.0,72.0,15422.4,False,390,0.005086182537439954,1.0894602995196383,214.2,0.004668534080298786,> 12 Months,2024-04
CP89474,Trade Campaign,Facebook,2023-11-20,2025-02-24,8153.0,401.0,20596.12,False,462,0.04918434931926898,2.52620139825831,51.36189526184538,0.019469686523481123,> 12 Months,2023-11
CP15242,Very Campaign,Twitter,2023-12-09,2024-10-31,16697.0,1718.0,41479.54,False,327,0.10289273522189615,2.4842510630652215,24.144086146682188,0.041418009939358055,6–12 Months,2023-12
CP16567,Step Campaign,Instagram,2024-05-20,2024-11-19,12928.0,1658.0,22177.63,False,183,0.1282487623762376,1.7154726175742574,13.376133896260555,0.07476001718849128,6–12 Months,2024-05
CP91774,Local Campaign,LinkedIn,2023-12-20,2024-11-12,19456.0,557.0,29346.28,False,328,0.028628700657894735,1.5083408717105262,52.686319569120286,0.018980259167431103,6–12 Months,2023-12
CP55552,Provide Campaign,Email,2024-10-02,2025-07-18,401.0,133.0,35231.12,False,289,0.3316708229426434,87.85815461346634,264.8956390977444,0.0037750715844401196,6–12 Months,2024-10
CP64429,White Campaign,Facebook,2024-07-21,2024-11-27,17370.0,1433.0,14163.51,False,129,0.0824985607369027,0.8154006908462867,9.883817166782974,0.10117548545522967,3–6 Months,2024-07
CP38048,Through Campaign,Google,2024-06-26,2024-12-11,13630.0,12.0,39984.01,False,168,0.0008804108584005869,2.9335297138664713,3332.0008333333335,0.00030011997295919043,3–6 Months,2024-06
CP41140,History Campaign,LinkedIn,2024-06-05,2025-10-14,613.0,1613.0,15836.89,True,496,2.631321370309951,25.83505709624796,9.818282703037818,0.10185080530331397,> 12 Months,2024-06
CP63506,Couple Campaign,Facebook,2024-08-16,2025-10-10,9190.0,1981.0,11768.43,False,420,0.21556039173014147,1.2805690968443961,5.940651186269561,0.16833171459574472,> 12 Months,2024-08
CP56355,West Campaign,Google,2024-01-21,2025-02-18,3689.0,701.0,15461.46,False,394,0.1900243968555164,4.19123339658444,22.056291012838802,0.04533853853387714,> 12 Months,2024-01
CP29936,Relationship Campaign,Instagram,2024-09-07,2024-11-11,17988.0,1391.0,34414.79,False,65,0.0773293306648877,1.9132082499444074,24.741042415528398,0.04041866883395191,1–3 Months,2024-09
CP38168,Sit Campaign,Google,2023-11-06,2025-05-14,18651.0,1785.0,40551.32,False,555,0.09570532411130771,2.174216932067986,22.717826330532212,0.044018295828594484,> 12 Months,2023-11
CP35609,Type Campaign,Facebook,2024-01-17,2025-02-26,750.0,353.0,43340.5,False,406,0.4706666666666667,57.787333333333336,122.77762039660057,0.008144806820410471,> 12 Months,2024-01
CP83944,Seven Campaign,Google,2023-12-15,2025-07-06,1988.0,1829.0,35757.25,False,569,0.920020120724346,17.98654426559356,19.550164024056862,0.05115046598941474,> 12 Months,2023-12
CP67230,Group Campaign,Facebook,2024-01-20,2025-04-21,16553.0,685.0,31731.96,False,457,0.04138222678668519,1.916991481906603,46.32402919708029,0.0215870686840649,> 12 Months,2024-01
CP62986,Before Campaign,Google,2023-12-26,2024-11-30,16864.0,1924.0,25808.13,False,340,0.11408918406072106,1.5303682400379508,13.413788981288981,0.07455015144452543,6–12 Months,2023-12
CP25959,Player Campaign,Twitter,2024-04-11,2024-12-28,5608.0,1867.0,40244.76,False,261,0.3329172610556348,7.176312410841655,21.55584359935726,0.046391132659258,6–12 Months,2024-04
CP35012,Per Campaign,Google,2024-02-14,2024-12-23,1683.0,452.0,39955.21,False,313,0.26856803327391565,23.740469399881164,88.39648230088495,0.011312667359275549,6–12 Months,2024-02
CP56011,Soldier Campaign,Email,2024-01-08,2025-10-01,8837.0,413.0,10216.23,False,632,0.046735317415412474,1.156074459658255,24.736634382566585,0.04042587138308359,> 12 Months,2024-01
CP28752,Hundred Campaign,Google,2024-09-23,2024-11-03,19104.0,195.0,10323.95,False,41,0.010207286432160805,0.5404077680067002,52.943333333333335,0.018888119372914434,1–3 Months,2024-09
CP90117,Measure Campaign,Google,2024-07-30,2025-08-22,19266.0,1730.0,45637.21,False,388,0.08979549465379424,2.3687952870341533,26.379890173410406,0.03790766350528439,> 12 Months,2024-07
CP79894,Also Campaign,Google,2024-08-29,2025-04-26,12728.0,122.0,744.41,False,240,0.009585166561910748,0.058486015084852294,6.101721311475409,0.1638881799008611,6–12 Months,2024-08
CP70503,Act Campaign,Instagram,2024-07-31,2025-04-07,17869.0,858.0,5926.06,False,250,0.04801611729811405,0.3316391516033354,6.9068298368298375,0.14478422425692616,6–12 Months,2024-07
CP64332,If Campaign,Facebook,2024-06-13,2025-06-20,10590.0,608.0,20696.04,False,372,0.05741265344664778,1.9543002832861192,34.039539473684215,0.029377600739078587,> 12 Months,2024-06
CP28783,Drive Campaign,Instagram,2024-01-27,2025-06-06,13773.0,824.0,14876.86,False,496,0.05982719814129093,1.0801466637624337,18.054441747572817,0.05538803215194604,> 12 Months,2024-01
CP37375,Sign Campaign,Email,2024-09-18,2025-07-07,8525.0,56.0,38190.56,False,292,0.00656891495601173,4.479831085043988,681.9742857142857,0.0014663309467051544,6–12 Months,2024-09
CP73474,Down Campaign,LinkedIn,2024-07-04,2025-02-24,3052.0,1627.0,19287.56,False,235,0.5330930537352556,6.319646133682832,11.854677320221267,0.0843548898875752,6–12 Months,2024-07
CP78312,Base Campaign,LinkedIn,2023-12-02,2025-09-19,15920.0,896.0,16108.33,False,657,0.05628140703517588,1.0118297738693467,17.978046875,0.05562339485222863,> 12 Months,2023-12
CP71637,Lawyer Campaign,Instagram,2024-04-01,2025-10-01,19022.0,566.0,42075.6,False,548,0.029755020502575964,2.2119440647671116,74.33851590106006,0.013451976917738548,> 12 Months,2024-04
CP86139,Ahead Campaign,Instagram,2023-11-10,2024-12-13,5003.0,571.0,321.69,False,399,0.11413152108734759,0.06429942034779132,0.5633800350262697,1.7750007771456993,> 12 Months,2023-11
CP99265,Democrat Campaign,Twitter,2024-07-07,2025-05-07,3165.0,1416.0,34405.15,False,304,0.44739336492890996,10.870505529225909,24.297422316384182,0.04115662916743569,6–12 Months,2024-07
CP53452,Manage Campaign,Twitter,2024-07-04,2025-03-13,15007.0,1092.0,14300.5,False,252,0.07276604251349371,0.9529219697474511,13.09569597069597,0.07636096639977623,6–12 Months,2024-07
CP55704,Certain Campaign,Email,2024-03-19,2025-05-22,9218.0,331.0,43647.16,False,429,0.03590800607507051,4.734992406161858,131.86453172205438,0.007583540372386198,> 12 Months,2024-03
CP78734,This Campaign,Email,2024-04-16,2024-11-02,9987.0,398.0,42898.05,False,200,0.03985180734955442,4.2953890057074195,107.78404522613066,0.009277810996070916,6–12 Months,2024-04
CP78348,Room Campaign,Google,2024-10-06,2025-03-26,11573.0,499.0,38604.88,False,171,0.043117601313401886,3.335771191566577,77.3644889779559,0.012925826993893,3–6 Months,2024-10
CP75781,Professional Campaign,Instagram,2023-11-13,2024-11-08,16596.0,1082.0,17497.51,False,361,0.06519643287539166,1.054320920703784,16.171451016635856,0.06183737000293185,6–12 Months,2023-11
CP83683,Year Campaign,Twitter,2024-04-10,2024-12-16,11371.0,997.0,34755.32,False,250,0.08767918388884004,3.056487556063671,34.85989969909729,0.02868625580198945,6–12 Months,2024-04
CP52658,War Campaign,Email,2024-03-04,2024-10-28,11588.0,1651.0,17359.05,False,238,0.14247497411114945,1.4980195029340697,10.514264082374318,0.09510889132757841,6–12 Months,2024-03
CP39172,Us Campaign,Instagram,2024-10-10,2025-02-20,11052.0,1524.0,10653.66,False,133,0.13789359391965256,0.963957654723127,6.990590551181103,0.14304943089980346,3–6 Months,2024-10
CP53830,Alone Campaign,Twitter,2024-07-31,2025-08-24,821.0,1759.0,22724.07,True,389,2.1425091352009744,27.678526187576125,12.918743604320637,0.07740690818150094,> 12 Months,2024-07
CP62278,Guy Campaign,Google,2024-05-30,2024-11-10,5205.0,435.0,27824.24,False,164,0.08357348703170028,5.345675312199808,63.963770114942534,0.01563385019680681,3–6 Months,2024-05
CP95067,When Campaign,Facebook,2023-11-17,2025-06-07,18283.0,1132.0,433.4,False,568,0.061915440573210086,0.023705081222994036,0.3828621908127208,2.611905860636825,> 12 Months,2023-11
CP62988,Too Campaign,Twitter,2024-07-25,2025-05-03,16202.0,1138.0,8286.93,False,282,0.07023824219232194,0.5114757437353413,7.28201230228471,0.13732467874110194,6–12 Months,2024-07
CP28472,Reality Campaign,Email,2024-01-12,2024-12-06,11331.0,1690.0,39281.02,False,329,0.14914835407289737,3.466686082428735,23.243207100591714,0.04302332271412505,6–12 Months,2024-01
CP46496,Director Campaign,Facebook,2024-04-03,2024-10-29,2201.0,1239.0,31448.86,False,209,0.562925942753294,14.288441617446615,25.382453591606133,0.03939729452832313,6–12 Months,2024-04
CP12683,Body Campaign,Facebook,2023-10-30,2025-01-17,4248.0,1347.0,9577.61,False,445,0.317090395480226,2.2546162900188325,7.110326651818857,0.1406405147004315,> 12 Months,2023-10
CP23364,Blue Campaign,Facebook,2024-05-08,2025-03-04,9012.0,1592.0,46125.8,False,300,0.17665335108743896,5.1182645361739905,28.973492462311558,0.03451430652693287,6–12 Months,2024-05
CP39918,Reflect Campaign,Google,2023-11-16,2025-04-21,9063.0,1995.0,7005.09,False,522,0.22012578616352202,0.7729328037073817,3.511323308270677,0.2847929148661901,> 12 Months,2023-11
CP72682,Service Campaign,Facebook,2024-10-18,2025-05-22,406.0,1788.0,20442.26,True,216,4.403940886699507,50.350394088669944,11.433031319910514,0.08746586727690579,6–12 Months,2024-10
CP33201,Have Campaign,Facebook,2024-02-07,2024-11-22,18324.0,1194.0,16835.55,False,289,0.06516044531761624,0.9187704649639816,14.100125628140702,0.07092135392072134,6–12 Months,2024-02
CP31807,Behavior Campaign,Google,2024-06-12,2025-10-10,13325.0,1531.0,32076.27,False,485,0.11489681050656661,2.407224765478424,20.951188765512736,0.04772998855540248,> 12 Months,2024-06
CP24970,Rise Campaign,Google,2024-08-09,2025-05-18,3114.0,1883.0,22028.83,False,282,0.6046885035324342,7.074126525369301,11.698794476898566,0.08547889288718465,6–12 Months,2024-08
CP21600,Eye Campaign,Google,2024-01-12,2025-07-29,16506.0,1847.0,30088.57,False,564,0.11189870350175694,1.8228868290318672,16.290508933405523,0.06138543639661174,> 12 Months,2024-01
CP75531,Far Campaign,LinkedIn,2024-05-09,2024-11-14,10367.0,1976.0,6185.02,False,189,0.19060480370406097,0.5966065399826372,3.1300708502024293,0.3194815861549356,6–12 Months,2024-05
CP88940,Relationship Campaign,Instagram,2024-05-03,2024-12-14,12513.0,243.0,27262.83,False,225,0.01941980340445936,2.1787604890913452,112.19271604938272,0.008913234612841,6–12 Months,2024-05
CP47463,Own Campaign,LinkedIn,2024-06-18,2025-02-26,6265.0,113.0,39292.51,False,253,0.018036711891460496,6.271749401436552,347.72132743362835,0.0028758661638057736,6–12 Months,2024-06
CP59567,A Campaign,Email,2024-08-22,2025-07-12,13383.0,1051.0,31351.83,False,324,0.07853246656205634,2.3426608383770455,29.83047573739296,0.033522764061938326,6–12 Months,2024-08
CP84753,American Campaign,Twitter,2024-03-09,2025-10-05,7794.0,1493.0,18463.85,False,575,0.1915576084167308,2.36898255068001,12.366945746818486,0.08086070889873997,> 12 Months,2024-03
CP42304,Weight Campaign,Email,2024-08-25,2024-12-05,166.0,1174.0,18904.13,True,102,7.072289156626506,113.88030120481929,16.10232538330494,0.06210283149766744,3–6 Months,2024-08
CP12267,Improve Campaign,Email,2024-01-02,2025-08-04,4196.0,1348.0,29893.71,False,580,0.32125834127740704,7.124335081029551,22.176342729970326,0.04509309818018573,> 12 Months,2024-01
CP17644,Free Campaign,Facebook,2024-07-16,2025-07-23,11307.0,224.0,7089.81,False,372,0.01981073671177147,0.6270283894932344,31.6509375,0.031594640759061245,> 12 Months,2024-07
CP88925,Else Campaign,Facebook,2024-06-14,2025-06-17,18601.0,150.0,37105.01,False,368,0.00806408257620558,1.9947857642062257,247.36673333333334,0.004042580772785131,> 12 Months,2024-06
CP42157,Action Campaign,Facebook,2023-12-03,2025-08-16,8534.0,373.0,4764.64,False,622,0.04370752284977736,0.5583126318256386,12.773833780160858,0.07828503307700056,> 12 Months,2023-12
CP27166,Offer Campaign,Twitter,2024-09-19,2025-10-08,18490.0,461.0,2859.4,False,384,0.02493239588967009,0.1546457544618713,6.202603036876356,0.16122263411904594,> 12 Months,2024-09
CP95949,Best Campaign,Twitter,2024-04-20,2025-09-09,1242.0,1004.0,14368.86,False,507,0.8083735909822867,11.56913043478261,14.311613545816734,0.0698733232838235,> 12 Months,2024-04
CP72360,Television Campaign,Google,2023-12-18,2025-01-09,12323.0,1676.0,43593.41,False,388,0.1360058427331007,3.5375647163839976,26.010387828162294,0.038446177988829044,> 12 Months,2023-12
CP60850,Situation Campaign,Email,2023-12-17,2025-06-14,14713.0,407.0,24434.68,False,545,0.02766261129613267,1.6607544348535308,60.0360687960688,0.016656653575982987,> 12 Months,2023-12
CP38204,Its Campaign,Twitter,2024-07-12,2025-05-31,6407.0,1582.0,46602.55,False,323,0.2469174340565007,7.273692835960668,29.457996207332492,0.03394664025895579,6–12 Months,2024-07
CP73057,Major Campaign,Twitter,2024-02-11,2025-02-09,12851.0,1701.0,19232.51,False,364,0.13236324021476928,1.49657692008404,11.306590241034684,0.08844399404965864,6–12 Months,2024-02
CP94171,There Campaign,Facebook,2024-02-18,2025-06-17,1043.0,555.0,7674.46,False,485,0.5321188878235859,7.358063279002876,13.827855855855855,0.07231779174039607,> 12 Months,2024-02
CP21446,Among Campaign,Instagram,2024-02-10,2025-02-01,14295.0,1400.0,28928.25,False,357,0.09793634137810424,2.0236621196222457,20.663035714285716,0.04839559945727792,6–12 Months,2024-02
CP11713,Base Campaign,Facebook,2023-10-27,2025-09-20,17780.0,1999.0,23358.67,False,694,0.11242969628796401,1.3137609673790775,11.685177588794396,0.08557850254316707,> 12 Months,2023-10
CP41848,Show Campaign,Google,2024-05-17,2025-09-05,12807.0,646.0,34545.02,False,476,0.05044116498789725,2.697354571718591,53.47526315789473,0.018700235229274727,> 12 Months,2024-05
CP44630,Treatment Campaign,Google,2024-08-03,2025-09-17,12378.0,426.0,30956.31,False,410,0.034415899175957346,2.500913717886573,72.66739436619719,0.013761330081007717,> 12 Months,2024-08
CP52992,As Campaign,Facebook,2024-10-07,2025-08-23,14494.0,346.0,7254.35,False,320,0.023871947012556922,0.5005071063888505,20.96632947976879,0.047695520618663285,6–12 Months,2024-10
CP61357,Pattern Campaign,Google,2024-10-16,2025-02-07,6502.0,179.0,23118.2,False,114,0.02752999077207013,3.555552137803753,129.15195530726257,0.007742817347371335,3–6 Months,2024-10
CP28927,Clear Campaign,Google,2024-05-17,2025-03-03,16620.0,748.0,8738.7,False,290,0.04500601684717208,0.5257942238267148,11.682754010695188,0.08559625573597902,6–12 Months,2024-05
CP65787,Teacher Campaign,Email,2024-06-07,2025-09-21,6424.0,449.0,3239.32,False,471,0.06989414694894147,0.5042528019925281,7.214521158129176,0.1386093377622464,> 12 Months,2024-06
CP88374,Administration Campaign,Facebook,2024-08-14,2025-03-26,16754.0,1825.0,9570.8,False,224,0.10892921093470216,0.5712546257610123,5.244273972602739,0.1906841643331801,6–12 Months,2024-08
CP61868,Else Campaign,Facebook,2024-06-15,2025-02-22,13547.0,630.0,23266.62,False,252,0.04650476120174208,1.7174739794788514,36.93114285714285,0.027077418206856003,6–12 Months,2024-06
CP97959,Yeah Campaign,Twitter,2023-11-03,2025-09-09,2110.0,1856.0,4544.63,False,676,0.8796208530805687,2.1538530805687204,2.448615301724138,0.4083940826865993,> 12 Months,2023-11
CP99975,Human Campaign,Google,2023-12-05,2024-11-18,11889.0,964.0,36617.07,False,349,0.0810833543611742,3.0799116830683824,37.98451244813278,0.026326519298239866,6–12 Months,2023-12
CP88061,Member Campaign,Google,2024-05-15,2025-08-21,10332.0,1256.0,8845.16,False,463,0.12156407278358498,0.8560936895083237,7.042324840764331,0.14199856192539198,> 12 Months,2024-05
CP11725,Become Campaign,Instagram,2024-02-23,2024-11-23,5718.0,780.0,28717.32,False,274,0.13641133263378805,5.022266526757607,36.817076923076925,0.02716130892437038,6–12 Months,2024-02
CP67510,Day Campaign,Instagram,2024-02-07,2025-10-10,792.0,1167.0,1549.36,True,611,1.4734848484848484,1.9562626262626261,1.32764353041988,0.7532142303919038,> 12 Months,2024-02
CP41429,Race Campaign,Google,2024-02-10,2025-06-25,16694.0,224.0,3248.46,False,501,0.013417994489037978,0.1945884749011621,14.502053571428572,0.06895575134063525,> 12 Months,2024-02
CP41984,Dark Campaign,Facebook,2024-03-22,2024-11-02,17861.0,1138.0,9720.49,False,225,0.06371423772465147,0.5442298863445496,8.541731107205624,0.11707228750814003,6–12 Months,2024-03
CP71366,Game Campaign,Instagram,2023-11-02,2025-10-14,12478.0,814.0,17369.13,False,712,0.06523481327135759,1.391980285302132,21.337997542997545,0.04686475373262794,> 12 Months,2023-11
CP29012,Top Campaign,Twitter,2024-03-16,2025-04-10,3227.0,712.0,24214.56,False,390,0.220638363805392,7.5037372172296255,34.00921348314607,0.02940379672395451,> 12 Months,2024-03
CP44728,Pick Campaign,Google,2023-10-23,2025-09-15,7765.0,1380.0,14429.89,False,693,0.1777205408886027,1.8583245331616225,10.456442028985506,0.09563482465909304,> 12 Months,2023-10
CP15312,Last Campaign,Facebook,2024-08-06,2025-03-29,1447.0,1560.0,29700.96,True,235,1.078092605390463,20.52588804422944,19.039076923076923,0.05252355479418847,6–12 Months,2024-08
CP24707,Term Campaign,Email,2024-07-07,2025-05-06,6969.0,791.0,13683.09,False,303,0.11350265461328742,1.9634222987516143,17.298470290771174,0.057808579787167955,6–12 Months,2024-07
CP16302,Cut Campaign,Email,2024-04-09,2025-08-14,7888.0,164.0,27308.5,False,492,0.02079107505070994,3.4620309330628802,166.515243902439,0.006005456176648296,> 12 Months,2024-04
CP56571,Mention Campaign,Email,2024-05-28,2025-09-12,3803.0,1687.0,39052.56,False,472,0.44359716013673417,10.26888246121483,23.14911677534084,0.043198192384827014,> 12 Months,2024-05
CP58433,Any Campaign,LinkedIn,2023-11-17,2025-05-26,6398.0,675.0,35066.43,False,556,0.10550171928727728,5.480842450765865,51.950266666666664,0.019249179343320662,> 12 Months,2023-11
CP17145,Less Campaign,LinkedIn,2024-04-10,2025-04-23,13066.0,1041.0,21321.08,False,378,0.07967243226695239,1.6317985611510792,20.481344860710855,0.04882491881274306,> 12 Months,2024-04
CP95294,Another Campaign,Google,2024-08-21,2024-12-02,11178.0,1337.0,5260.89,False,103,0.11960994811236357,0.4706468062265164,3.9348466716529544,0.25413950871430496,3–6 Months,2024-08
CP27724,Series Campaign,Twitter,2024-07-25,2025-06-15,2305.0,90.0,9556.26,False,325,0.039045553145336226,4.145882863340564,106.18066666666667,0.009417910354050643,6–12 Months,2024-07
CP52146,There Campaign,LinkedIn,2024-01-20,2025-06-28,8986.0,1652.0,40646.93,False,525,0.1838415312708658,4.523361896283107,24.604679176755447,0.040642675842923436,> 12 Months,2024-01
CP37528,Development Campaign,LinkedIn,2024-10-03,2024-12-30,3140.0,1936.0,8085.94,False,88,0.6165605095541401,2.575140127388535,4.176621900826446,0.2394279452976401,1–3 Months,2024-10
CP41613,Call Campaign,LinkedIn,2024-07-14,2025-01-27,6216.0,1616.0,32720.44,False,197,0.25997425997426,5.2639060489060485,20.24779702970297,0.04938808891322977,6–12 Months,2024-07
CP38617,Easy Campaign,LinkedIn,2024-03-28,2025-04-24,15545.0,536.0,10561.32,False,392,0.03448054036667739,0.6794030234802187,19.703955223880598,0.05075123185359406,> 12 Months,2024-03
CP95043,Next Campaign,LinkedIn,2023-12-04,2025-08-15,18684.0,1451.0,45091.48,False,620,0.0776600299721687,2.4133740098479985,31.076140592694696,0.03217902805585445,> 12 Months,2023-12
CP71961,Team Campaign,Instagram,2023-11-15,2025-05-02,2450.0,961.0,16269.93,False,534,0.39224489795918366,6.640787755102041,16.930208116545266,0.05906601933751405,> 12 Months,2023-11
CP55450,Security Campaign,Instagram,2024-06-26,2025-03-16,2142.0,1569.0,18882.49,False,263,0.7324929971988795,8.815354808590104,12.034729126832378,0.08309285480887318,6–12 Months,2024-06
CP89008,Where Campaign,Google,2024-02-12,2025-08-01,1352.0,943.0,13096.73,False,536,0.6974852071005917,9.686930473372781,13.888366914103923,0.07200270601898337,> 12 Months,2024-02
CP95745,Fast Campaign,Facebook,2023-12-17,2024-10-27,15750.0,1152.0,7796.08,False,315,0.07314285714285715,0.49498920634920635,6.767430555555555,0.14776656986588133,6–12 Months,2023-12
CP37670,Draw Campaign,Google,2024-01-25,2025-08-24,14287.0,1978.0,9747.51,False,577,0.13844753972142507,0.6822642962133408,4.927962588473205,0.20292361844204315,> 12 Months,2024-01
CP24876,Pay Campaign,Facebook,2024-01-01,2024-12-25,11950.0,1928.0,42274.05,False,359,0.1613389121338912,3.537577405857741,21.9263744813278,0.04560717508731716,6–12 Months,2024-01
CP12546,Follow Campaign,Instagram,2024-09-08,2024-11-01,9125.0,6.0,33263.17,False,54,0.0006575342465753425,3.6452789041095888,5543.861666666667,0.00018037968119093882,1–3 Months,2024-09
CP49566,Receive Campaign,Facebook,2023-11-24,2025-02-25,6783.0,225.0,7511.64,False,459,0.033171163202122954,1.107421494913755,33.38506666666667,0.029953512149144525,> 12 Months,2023-11
CP73370,Seven Campaign,Twitter,2024-06-22,2025-04-28,11556.0,194.0,37545.79,False,310,0.016787815853236413,3.2490299411561097,193.535,0.005167024052496964,6–12 Months,2024-06
CP86244,Moment Campaign,Google,2024-02-03,2024-12-07,6021.0,1755.0,4273.04,False,308,0.2914798206278027,0.7096894203620661,2.434780626780627,0.41071462003632075,6–12 Months,2024-02
CP47517,Environmental Campaign,Google,2024-01-19,2025-02-04,578.0,991.0,9846.67,True,382,1.7145328719723183,17.035761245674742,9.936094853683148,0.10064316159676318,> 12 Months,2024-01
CP94720,Difference Campaign,Twitter,2024-04-21,2025-01-27,16531.0,839.0,28604.83,False,281,0.050753130482124494,1.7303750529308572,34.09395709177593,0.029330710932384495,6–12 Months,2024-04
CP98395,Space Campaign,Instagram,2024-06-23,2025-04-23,12994.0,846.0,25836.62,False,304,0.06510697244882253,1.9883500076958596,30.539739952718676,0.03274422118682707,6–12 Months,2024-06
CP79032,Bring Campaign,Email,2023-11-25,2025-09-16,18419.0,68.0,3045.24,False,661,0.0036918399478799067,0.1653314512188501,44.78294117647059,0.02232993130262311,> 12 Months,2023-11
CP59506,After Campaign,Email,2024-01-05,2025-05-27,18903.0,1893.0,44985.75,False,508,0.10014283447071894,2.379820663386764,23.764263074484944,0.042079991997465864,> 12 Months,2024-01
CP98704,Contain Campaign,Twitter,2024-09-28,2025-04-10,13321.0,1440.0,39849.07,False,194,0.10809999249305607,2.991447338788379,27.672965277777777,0.03613635148825305,6–12 Months,2024-09
CP31943,Blood Campaign,Twitter,2024-01-16,2025-09-29,3989.0,172.0,13282.1,False,622,0.043118576084231634,3.3296816244672853,77.22151162790698,0.012949759450689274,> 12 Months,2024-01
CP31156,Person Campaign,Twitter,2024-09-25,2025-06-08,6874.0,577.0,16778.78,False,256,0.08393948210648822,2.4409048588885653,29.079341421143845,0.03438867426594783,6–12 Months,2024-09
CP82163,Former Campaign,Email,2024-01-31,2025-05-24,6489.0,225.0,4465.81,False,479,0.03467406380027739,0.688212359377408,19.848044444444447,0.05038279729769067,> 12 Months,2024-01
CP49987,Mind Campaign,LinkedIn,2024-02-01,2025-04-21,2571.0,675.0,27982.89,False,445,0.26254375729288215,10.884049008168027,41.456133333333334,0.02412188305067847,> 12 Months,2024-02
CP12718,Value Campaign,Facebook,2024-09-09,2025-01-30,10007.0,1529.0,37379.6,False,143,0.152793044868592,3.7353452583191764,24.447089601046436,0.04090466457639996,3–6 Months,2024-09
CP14888,Lead Campaign,Instagram,2024-06-20,2025-08-03,13185.0,91.0,31246.29,False,409,0.006901782328403489,2.369836177474403,343.3658241758242,0.002912345753687878,> 12 Months,2024-06
CP25017,Back Campaign,Facebook,2024-04-25,2025-09-07,11104.0,1971.0,23791.25,False,500,0.17750360230547552,2.1425837536023056,12.070649416539828,0.08284558398570903,> 12 Months,2024-04
CP15771,Guy Campaign,Google,2023-12-14,2025-05-19,19837.0,975.0,2329.9,False,522,0.04915057720421435,0.11745223572112719,2.389641025641026,0.41847289583243913,> 12 Months,2023-12
CP86136,Week Campaign,Google,2024-10-01,2024-11-06,13811.0,1166.0,39629.53,False,36,0.08442545796828616,2.869417855332706,33.98759005145798,0.029422503875266754,1–3 Months,2024-10
CP20206,Fight Campaign,Facebook,2023-11-15,2025-03-11,11763.0,286.0,36635.86,False,482,0.024313525461191872,3.114499702456856,128.09741258741258,0.007806558928874606,> 12 Months,2023-11
CP93919,Turn Campaign,Google,2024-09-18,2025-07-19,3456.0,1531.0,32989.96,False,304,0.4429976851851852,9.545706018518517,21.547981711299805,0.04640805869422091,6–12 Months,2024-09
CP68368,Senior Campaign,LinkedIn,2024-02-25,2025-06-11,12197.0,885.0,47964.79,False,472,0.07255882594080512,3.93250717389522,54.19750282485876,0.01845103460267417,> 12 Months,2024-02
CP21752,Recent Campaign,Google,2024-10-16,2025-04-16,18982.0,827.0,37366.67,False,182,0.04356759034875145,1.9685317669370983,45.18339782345828,0.02213202300338778,6–12 Months,2024-10
CP40237,Enjoy Campaign,LinkedIn,2024-01-01,2024-11-07,19305.0,716.0,41287.21,False,311,0.03708883708883709,2.1386796166796165,57.66370111731843,0.017341932283629725,6–12 Months,2024-01
CP20319,Drop Campaign,Twitter,2024-09-21,2025-08-29,19976.0,125.0,45627.61,False,342,0.006257509010812975,2.2841214457348817,365.02088,0.0027395693090214454,6–12 Months,2024-09
CP21276,Lead Campaign,Google,2023-12-19,2024-11-17,19159.0,1806.0,1265.18,False,334,0.09426379247351115,0.06603580562659847,0.7005426356589147,1.4274648666592895,6–12 Months,2023-12
CP43737,Dream Campaign,Twitter,2024-01-03,2025-08-06,14218.0,353.0,33171.31,False,581,0.02482768321845548,2.333050358700239,93.96971671388101,0.01064172623872859,> 12 Months,2024-01
CP39431,Relate Campaign,Instagram,2024-05-18,2025-09-20,15751.0,1420.0,2386.79,False,490,0.09015300615833916,0.15153260110469177,1.680838028169014,0.5949413228646006,> 12 Months,2024-05
CP40400,Pressure Campaign,Facebook,2024-08-08,2025-05-09,4268.0,1287.0,10490.18,False,274,0.3015463917525773,2.457867853795689,8.150878010878012,0.12268616935076423,6–12 Months,2024-08
CP96211,Reason Campaign,Facebook,2024-01-21,2025-01-28,4024.0,1351.0,35353.42,False,373,0.33573558648111335,8.78564115308151,26.168334566987415,0.0382141246872297,> 12 Months,2024-01
CP77932,Phone Campaign,Google,2023-11-17,2024-10-24,19524.0,1141.0,44234.42,False,342,0.05844089325957796,2.2656433107969676,38.76811568799299,0.02579439269238751,6–12 Months,2023-11
CP25142,Eight Campaign,Google,2023-11-30,2024-11-15,4518.0,1302.0,22939.13,False,351,0.28818061088977426,5.077275343072156,17.618379416282643,0.05675890933963058,6–12 Months,2023-11
CP11214,Third Campaign,Instagram,2024-03-09,2025-03-05,3816.0,1165.0,13564.64,False,361,0.305293501048218,3.5546750524109014,11.643467811158798,0.08588506587716298,6–12 Months,2024-03
CP80946,Middle Campaign,Google,2023-11-10,2025-09-24,3475.0,1272.0,3383.52,False,684,0.3660431654676259,0.9736748201438848,2.66,0.37593984962406013,> 12 Months,2023-11
CP50225,Many Campaign,Twitter,2023-11-16,2025-09-03,8015.0,1342.0,48836.44,False,657,0.16743605739238926,6.093130380536494,36.39078986587184,0.02747948048629261,> 12 Months,2023-11
CP99192,About Campaign,LinkedIn,2024-06-28,2025-01-24,510.0,903.0,37104.39,True,210,1.7705882352941176,72.75370588235295,41.090132890365446,0.024336742902928737,6–12 Months,2024-06
CP18872,Senior Campaign,Email,2024-10-11,2025-07-17,15186.0,844.0,29996.18,False,279,0.055577505597260636,1.9752522059791915,35.54049763033176,0.02813691610065015,6–12 Months,2024-10
CP65107,Red Campaign,Email,2023-10-25,2024-10-30,10655.0,1984.0,46689.57,False,371,0.18620366025340215,4.381939934303144,23.53304939516129,0.04249343054562293,> 12 Months,2023-10
CP55179,Evening Campaign,Google,2024-05-20,2025-05-30,16748.0,1092.0,8034.19,False,375,0.06520181514210652,0.4797104131836637,7.35731684981685,0.13591911567936532,> 12 Months,2024-05
CP33205,Discussion Campaign,LinkedIn,2024-07-12,2025-01-08,10845.0,1135.0,6835.44,False,180,0.10465652374366068,0.6302849239280774,6.022414096916299,0.166046370094683,3–6 Months,2024-07
CP92064,Mind Campaign,Twitter,2023-12-20,2025-02-15,18928.0,488.0,41907.19,False,423,0.02578191039729501,2.2140315934065935,85.8753893442623,0.011644779809860789,> 12 Months,2023-12
CP82872,Occur Campaign,LinkedIn,2024-10-07,2025-01-04,7327.0,1571.0,24532.49,False,89,0.21441244711341614,3.3482311996724445,15.615843411839593,0.0640375273769601,1–3 Months,2024-10
CP42426,Follow Campaign,Facebook,2024-01-09,2025-08-08,6178.0,638.0,6897.65,False,577,0.10326966655875688,1.116485917772742,10.811363636363636,0.09249527012823208,> 12 Months,2024-01
CP20942,Election Campaign,Instagram,2024-04-08,2024-12-21,732.0,1186.0,16188.33,True,257,1.6202185792349726,22.115204918032788,13.64951939291737,0.07326265278753274,6–12 Months,2024-04
CP56506,Fear Campaign,Email,2024-09-15,2025-04-13,19683.0,1703.0,29184.73,False,210,0.08652136361327034,1.482737895645989,17.137246036406342,0.05835243293324968,6–12 Months,2024-09
CP87005,Want Campaign,Twitter,2024-09-05,2025-05-08,6129.0,303.0,42194.98,False,245,0.049437102300538424,6.884480339370207,139.2573597359736,0.007180949013366044,6–12 Months,2024-09
CP54922,Later Campaign,Google,2024-02-14,2024-11-06,12782.0,11.0,16407.74,False,266,0.0008605851979345956,1.283659834141762,1491.6127272727274,0.0006704153039967721,6–12 Months,2024-02
CP96753,Own Campaign,LinkedIn,2023-12-15,2025-04-07,18052.0,884.0,38961.95,False,479,0.04896964325282517,2.1583176379348545,44.07460407239819,0.02268880279349468,> 12 Months,2023-12
CP61239,After Campaign,LinkedIn,2024-02-01,2025-01-15,6101.0,1743.0,44696.26,False,349,0.2856908703491231,7.32605474512375,25.643293172690765,0.03899655138931087,6–12 Months,2024-02
CP68479,Station Campaign,Email,2023-12-07,2025-10-20,8922.0,1251.0,14275.13,False,683,0.1402151983860121,1.5999921542255098,11.41097521982414,0.08763492871868768,> 12 Months,2023-12
CP84117,Center Campaign,Google,2024-01-20,2025-06-15,15174.0,207.0,7326.02,False,512,0.013641755634638196,0.48280084354817454,35.391400966183575,0.028255451118069565,> 12 Months,2024-01
CP80307,There Campaign,Google,2024-01-15,2025-10-16,15469.0,1924.0,47202.78,False,640,0.12437778783373198,3.0514435322257416,24.53366943866944,0.04076031115116525,> 12 Months,2024-01
CP29100,Thought Campaign,Facebook,2024-02-22,2024-12-24,13819.0,1812.0,36804.09,False,306,0.13112381503726753,2.663296186410015,20.311307947019866,0.04923365854175447,6–12 Months,2024-02
CP15252,Support Campaign,Facebook,2024-08-29,2025-05-06,2434.0,1362.0,42658.98,False,250,0.5595727198027938,17.526285949055055,31.320837004405288,0.03192762696154479,6–12 Months,2024-08
CP22677,Moment Campaign,Instagram,2024-10-16,2025-09-20,8890.0,1535.0,15856.1,False,339,0.17266591676040494,1.7835883014623173,10.32970684039088,0.09680816846513329,6–12 Months,2024-10
CP86582,Safe Campaign,Email,2024-02-29,2024-10-25,1098.0,667.0,1870.05,False,239,0.6074681238615665,1.7031420765027323,2.8036731634182908,0.35667495521510123,6–12 Months,2024-02
CP28391,All Campaign,Email,2024-04-12,2025-02-16,15192.0,1662.0,41003.19,False,310,0.10939968404423381,2.698998815165877,24.670992779783393,0.040533431667145896,6–12 Months,2024-04
CP87563,President Campaign,Google,2024-05-29,2025-01-13,17171.0,714.0,22491.51,False,229,0.04158173664900122,1.309854405684002,31.500714285714285,0.0317453118976894,6–12 Months,2024-05
CP55837,Do Campaign,Email,2024-09-20,2025-01-04,1752.0,1230.0,24574.94,False,106,0.702054794520548,14.02679223744292,19.979626016260163,0.05005098689966283,3–6 Months,2024-09
CP21558,Special Campaign,Google,2024-04-21,2025-10-12,19258.0,1430.0,29227.34,False,539,0.0742548551251428,1.517672655519784,20.4386993006993,0.04892679251686948,> 12 Months,2024-04
CP14592,Hand Campaign,Email,2023-12-23,2025-02-16,19498.0,21.0,3348.45,False,421,0.0010770335419017336,0.1717329982562314,159.45,0.006271558482282847,> 12 Months,2023-12
CP38449,Throw Campaign,Facebook,2023-12-25,2025-08-02,7289.0,908.0,40678.24,False,586,0.1245712717793936,5.580771024831939,44.799823788546256,0.022321516368456452,> 12 Months,2023-12
CP54225,Present Campaign,Google,2024-02-11,2025-05-24,8296.0,31.0,48351.77,False,468,0.0037367405978784955,5.828323288331726,1559.734516129032,0.0006411347505996161,> 12 Months,2024-02
CP91927,Condition Campaign,Facebook,2024-09-05,2025-02-08,4894.0,904.0,41232.12,False,156,0.18471597874948917,8.425034736411934,45.610752212389386,0.021924654856456567,3–6 Months,2024-09
CP82897,Center Campaign,Twitter,2023-12-01,2025-06-01,12904.0,663.0,41297.11,False,548,0.051379417234965905,3.2003340049597027,62.28825037707391,0.016054392183859838,> 12 Months,2023-12
CP15549,Administration Campaign,Facebook,2024-07-01,2025-07-04,16276.0,472.0,49183.78,False,368,0.028999754239370852,3.0218591791594984,104.20292372881356,0.009596659711799297,> 12 Months,2024-07
CP29504,Generation Campaign,Twitter,2023-12-03,2025-03-27,19122.0,357.0,27970.38,False,480,0.018669595230624413,1.4627329777219957,78.34840336134454,0.012763501961718075,> 12 Months,2023-12
CP66375,Since Campaign,Twitter,2023-12-16,2025-01-12,15393.0,177.0,5947.5,False,393,0.011498733190411226,0.386376924576106,33.601694915254235,0.029760403530895336,> 12 Months,2023-12
CP90821,Edge Campaign,Facebook,2024-05-05,2025-08-11,7227.0,77.0,29952.09,False,463,0.0106544901065449,4.144470734744707,388.98818181818183,0.0025707721898538633,> 12 Months,2024-05
CP18177,Position Campaign,Google,2024-01-23,2024-11-04,12263.0,1989.0,17630.34,False,286,0.1621952213977004,1.4376857212753813,8.86392156862745,0.11281688271468389,6–12 Months,2024-01
CP60217,Product Campaign,Facebook,2024-02-20,2025-09-29,14054.0,1514.0,48484.74,False,587,0.1077273374128362,3.449888999573075,32.02426684280053,0.03122631986889071,> 12 Months,2024-02
CP52829,Study Campaign,Google,2023-11-17,2025-02-01,12506.0,1806.0,18090.02,False,442,0.14441068287222134,1.4465072765072766,10.016622369878185,0.09983405214587933,> 12 Months,2023-11
CP23635,Lot Campaign,LinkedIn,2024-09-30,2025-06-16,15257.0,1569.0,44801.15,False,259,0.10283804155469621,2.936432457232746,28.553951561504142,0.03502142244116501,6–12 Months,2024-09
CP71016,Visit Campaign,Google,2024-06-14,2025-04-19,15726.0,621.0,46102.09,False,309,0.03948874475391072,2.931584001017423,74.23847020933977,0.013470105151415045,6–12 Months,2024-06
CP34356,Think Campaign,Google,2024-05-05,2025-06-02,3141.0,195.0,7204.99,False,393,0.06208213944603629,2.293852276345113,36.94866666666667,0.027064576078523358,> 12 Months,2024-05
CP70592,History Campaign,Email,2024-09-08,2024-11-08,6099.0,1811.0,22073.97,False,61,0.2969339235940318,3.619276930644368,12.18882937603534,0.08204233311905379,1–3 Months,2024-09
CP61962,Address Campaign,Facebook,2024-03-05,2025-07-16,19299.0,194.0,8596.95,False,498,0.010052334317840302,0.44546090471008865,44.31417525773196,0.022566142643611977,> 12 Months,2024-03
CP73601,Both Campaign,Email,2023-11-25,2025-07-10,990.0,139.0,30825.5,False,593,0.1404040404040404,31.136868686868688,221.76618705035972,0.004509253702291933,> 12 Months,2023-11
CP22297,Nearly Campaign,Twitter,2024-05-16,2024-12-26,9265.0,245.0,23985.6,False,224,0.02644360496492175,2.588839719373988,97.9004081632653,0.010214462010539658,6–12 Months,2024-05
CP69193,Interview Campaign,Instagram,2024-03-23,2024-11-14,3329.0,737.0,42598.99,False,236,0.221387804145389,12.796332231901472,57.80052917232022,0.01730087966874332,6–12 Months,2024-03
CP47513,More Campaign,Google,2024-09-14,2024-12-02,16848.0,1981.0,32075.32,False,79,0.11758072174738841,1.9038057929724597,16.191479050984352,0.06176088032792814,1–3 Months,2024-09
CP24701,Possible Campaign,LinkedIn,2024-02-20,2025-08-17,12803.0,371.0,41037.52,False,544,0.028977583378895572,3.205305006639069,110.6132614555256,0.009040507321105175,> 12 Months,2024-02
CP62059,Draw Campaign,Google,2024-02-18,2024-12-24,12366.0,355.0,23810.32,False,310,0.028707747048358403,1.9254666019731521,67.07132394366197,0.014909501426272306,6–12 Months,2024-02
CP43165,Prevent Campaign,LinkedIn,2024-10-12,2025-01-20,9629.0,1922.0,14305.79,False,100,0.19960535881192232,1.4856984110499534,7.443178980228929,0.13435119626389036,3–6 Months,2024-10
CP80194,Manager Campaign,Facebook,2024-04-09,2025-06-21,15338.0,1429.0,37791.57,False,438,0.0931672969096362,2.463917720693702,26.446165150454863,0.037812665628869084,> 12 Months,2024-04
CP64564,Talk Campaign,Instagram,2024-05-26,2025-04-11,18813.0,1802.0,8936.44,False,320,0.09578482963907936,0.47501408600435874,4.9591786903440624,0.20164629315476856,6–12 Months,2024-05
CP47525,Perform Campaign,Facebook,2024-05-01,2025-08-05,770.0,445.0,15536.7,False,461,0.577922077922078,20.17753246753247,34.913932584269666,0.028641860884228952,> 12 Months,2024-05
CP21808,Eight Campaign,Google,2024-04-27,2024-11-18,7390.0,472.0,37476.47,False,205,0.06387009472259811,5.071240866035183,79.39930084745762,0.012594569339107978,6–12 Months,2024-04
CP68638,Charge Campaign,LinkedIn,2024-02-23,2024-12-17,17012.0,526.0,40542.51,False,298,0.030919351046320244,2.3831712908535154,77.07701520912548,0.012974036387978938,6–12 Months,2024-02
CP22776,Night Campaign,Instagram,2024-01-21,2025-01-05,17024.0,1119.0,454.09,False,350,0.06573073308270677,0.026673519736842104,0.40579982126899017,2.4642691977361317,6–12 Months,2024-01
CP85287,Rich Campaign,Facebook,2024-08-26,2025-10-04,14002.0,23.0,49143.51,False,404,0.0016426224825024996,3.5097493215254967,2136.674347826087,0.00046801703826202076,> 12 Months,2024-08
CP47485,Simple Campaign,Twitter,2024-10-11,2025-08-28,1296.0,1997.0,12902.28,True,321,1.540895061728395,9.955462962962963,6.460831246870306,0.1547788452893597,6–12 Months,2024-10
CP56455,Current Campaign,Twitter,2024-06-22,2025-06-05,8350.0,1718.0,21540.33,False,348,0.20574850299401198,2.5796802395209584,12.53802677532014,0.07975736676271904,6–12 Months,2024-06
CP68323,Product Campaign,Instagram,2024-02-10,2025-03-09,18159.0,77.0,39832.06,False,393,0.004240321603612534,2.1935161627842943,517.2994805194805,0.0019331161883166476,> 12 Months,2024-02
CP32425,Sit Campaign,Email,2024-02-11,2025-01-09,18954.0,1970.0,34331.67,False,333,0.10393584467658541,1.8113152896486229,17.427243654822334,0.057381420711547095,6–12 Months,2024-02
CP46161,Move Campaign,Twitter,2024-02-03,2025-02-22,18306.0,947.0,29490.06,False,385,0.05173167267562548,1.610950508030154,31.14050686378036,0.03211251520003689,> 12 Months,2024-02
CP15158,Over Campaign,Google,2024-10-11,2025-07-17,13474.0,1002.0,30739.25,False,279,0.07436544455989312,2.2813752412052843,30.677894211576845,0.0325967614694568,6–12 Months,2024-10
CP62631,Fast Campaign,Email,2023-11-15,2025-01-21,9547.0,1190.0,35312.6,False,433,0.12464648580705981,3.698816382109563,29.674453781512604,0.03369901961339579,> 12 Months,2023-11
CP35845,Yourself Campaign,Facebook,2023-12-01,2024-10-26,5821.0,990.0,46915.93,False,330,0.17007387046899158,8.059771516921492,47.38982828282828,0.021101574667708813,6–12 Months,2023-12
CP19655,Wonder Campaign,Google,2024-07-31,2025-08-27,5629.0,910.0,41407.13,False,392,0.16166281755196305,7.356036596198258,45.50234065934065,0.021976891419424625,> 12 Months,2024-07
CP45565,Bit Campaign,Facebook,2024-03-21,2025-02-06,7232.0,226.0,14606.6,False,322,0.03125,2.0197179203539823,64.63097345132743,0.015472457656128051,6–12 Months,2024-03
CP79902,Charge Campaign,Google,2024-03-31,2025-01-07,18772.0,1560.0,8182.11,False,282,0.08310249307479224,0.4358677818026848,5.244942307692307,0.19065986646476277,6–12 Months,2024-03
CP79231,Build Campaign,Instagram,2024-07-24,2025-04-07,9369.0,286.0,16612.05,False,257,0.03052620343686626,1.773086775536343,58.084090909090904,0.017216418202449426,6–12 Months,2024-07
CP46476,Tv Campaign,Facebook,2023-10-23,2025-02-02,7598.0,1628.0,32724.83,False,468,0.21426691234535403,4.307032113714135,20.10124692874693,0.049748157591651354,> 12 Months,2023-10
CP54917,Reality Campaign,Twitter,2024-05-04,2025-09-22,6333.0,125.0,42674.54,False,506,0.019737880941102164,6.738439917890416,341.39632,0.002929146980846191,> 12 Months,2024-05
CP67425,White Campaign,Instagram,2024-06-15,2024-10-27,3701.0,1269.0,24398.0,False,134,0.3428803026209133,6.59227235882194,19.22616233254531,0.05201246003770801,3–6 Months,2024-06
CP41640,Growth Campaign,Facebook,2023-12-02,2024-11-11,17147.0,547.0,47979.97,False,345,0.031900624015862834,2.798155362454074,87.71475319926874,0.011400590704829535,6–12 Months,2023-12
CP60930,Chance Campaign,Facebook,2024-05-20,2024-11-10,19559.0,1358.0,31587.88,False,174,0.06943095250268419,1.6150048570990339,23.26058910162003,0.04299117256365416,3–6 Months,2024-05
CP84269,Conference Campaign,Email,2023-11-20,2024-11-02,17576.0,1317.0,151.29,False,348,0.07493172507965408,0.008607760582612653,0.114874715261959,8.705135831846123,6–12 Months,2023-11
CP96224,Production Campaign,Instagram,2024-06-19,2025-01-08,10245.0,90.0,11431.56,False,203,0.008784773060029283,1.1158184480234261,127.01733333333333,0.007872941225869436,6–12 Months,2024-06
CP70410,City Campaign,LinkedIn,2024-10-09,2025-08-14,15850.0,502.0,31725.6,False,309,0.03167192429022082,2.0016151419558357,63.19840637450199,0.015823183801094386,6–12 Months,2024-10
CP28671,Hold Campaign,Google,2024-01-25,2025-05-16,17641.0,1136.0,11660.85,False,477,0.0643954424352361,0.6610084462332068,10.264832746478874,0.09741999939970071,> 12 Months,2024-01
CP76074,Eight Campaign,Google,2024-04-10,2025-03-29,12435.0,85.0,28473.4,False,353,0.006835544833132288,2.2897788500201046,334.98117647058825,0.0029852423665596662,6–12 Months,2024-04
CP38203,Defense Campaign,Facebook,2024-01-11,2025-10-09,7820.0,901.0,37875.8,False,637,0.11521739130434783,4.843452685421996,42.03751387347392,0.02378827641924395,> 12 Months,2024-01
CP18173,Say Campaign,Facebook,2024-02-13,2025-03-30,19295.0,1752.0,43916.47,False,411,0.09080072557657425,2.2760544182430684,25.066478310502283,0.039893916792492656,> 12 Months,2024-02
CP19582,Class Campaign,Google,2024-07-07,2025-01-03,5799.0,1653.0,39584.85,False,180,0.28504914640455253,6.8261510605276765,23.947277676950996,0.04175839999393707,3–6 Months,2024-07
CP88770,Theory Campaign,LinkedIn,2024-03-27,2025-01-19,3702.0,289.0,28521.85,False,298,0.07806591031874663,7.704443544030253,98.69152249134947,0.010132582563893997,6–12 Months,2024-03
CP80332,Something Campaign,Facebook,2024-06-10,2025-08-04,15656.0,864.0,38257.83,False,420,0.05518650996423097,2.4436529126213595,44.279895833333335,0.02258361229583591,> 12 Months,2024-06
CP33005,Choice Campaign,Twitter,2024-05-19,2025-06-20,19244.0,1271.0,13276.95,False,397,0.06604655996674288,0.6899267304094783,10.446066089693156,0.09572981746560769,> 12 Months,2024-05
CP92077,Beautiful Campaign,Email,2024-10-03,2025-03-17,8629.0,1571.0,19865.2,False,165,0.18206049368408853,2.302143933248349,12.644939528962444,0.07908301955177899,3–6 Months,2024-10
CP51348,Big Campaign,Instagram,2024-04-13,2025-10-11,14950.0,248.0,37122.6,False,546,0.016588628762541805,2.4831170568561873,149.68790322580645,0.006680566555144306,> 12 Months,2024-04
CP76915,Win Campaign,Google,2024-05-01,2025-07-24,4144.0,1329.0,34540.86,False,449,0.3207046332046332,8.335149613899613,25.990112866817157,0.03847616996218392,> 12 Months,2024-05
CP26013,Score Campaign,Google,2024-07-25,2024-11-27,12937.0,985.0,41615.39,False,125,0.07613820823993198,3.2167728221380534,42.2491269035533,0.023669128175898387,3–6 Months,2024-07
CP93197,A Campaign,Instagram,2024-02-26,2025-05-15,7717.0,218.0,28726.94,False,444,0.028249319683814954,3.722552805494363,131.77495412844036,0.007588695489321174,> 12 Months,2024-02
CP32363,Matter Campaign,Instagram,2024-10-18,2025-02-12,8428.0,1265.0,23016.34,False,117,0.1500949216896061,2.73093735168486,18.194735177865613,0.05496095382671615,3–6 Months,2024-10
CP87621,Meeting Campaign,Google,2024-08-21,2025-04-18,11586.0,62.0,37460.55,False,240,0.00535128603486967,3.233259968928017,604.2024193548388,0.001655074471677538,6–12 Months,2024-08
CP84565,Off Campaign,Facebook,2024-08-08,2025-09-20,5218.0,1235.0,32117.33,False,408,0.2366807205825987,6.155103487926409,26.005935222672065,0.038452760550145355,> 12 Months,2024-08
CP52519,Everyone Campaign,LinkedIn,2024-03-21,2025-07-14,5551.0,1927.0,33214.77,False,480,0.34714465862006844,5.983565123401188,17.236517903476905,0.05801635838514011,> 12 Months,2024-03
CP46609,Part Campaign,Google,2024-07-04,2024-12-04,8994.0,1444.0,2097.26,False,153,0.1605514787636202,0.2331843451189682,1.4523961218836567,0.6885173988918875,3–6 Months,2024-07
CP40661,Hit Campaign,Google,2024-09-24,2025-03-31,3901.0,1649.0,32449.34,False,188,0.4227121250961292,8.31821071520123,19.67819284414797,0.05081767456595419,6–12 Months,2024-09
CP87354,Could Campaign,Twitter,2024-03-03,2025-05-31,2950.0,1034.0,17999.1,False,454,0.3505084745762712,6.101389830508474,17.40725338491296,0.05744731681028496,> 12 Months,2024-03
CP41064,Western Campaign,LinkedIn,2024-07-26,2025-03-24,7882.0,506.0,20352.51,False,241,0.06419690433900026,2.582150469424004,40.222351778656126,0.024861798372780557,6–12 Months,2024-07
CP83585,Thought Campaign,Facebook,2024-09-06,2025-03-07,15767.0,115.0,13918.66,False,182,0.007293714720619015,0.8827716115938352,121.03182608695651,0.008262289616960253,6–12 Months,2024-09
CP74709,Culture Campaign,Email,2023-12-27,2024-12-13,3520.0,1767.0,2399.69,False,352,0.5019886363636363,0.6817301136363636,1.358058856819468,0.7363451112435356,6–12 Months,2023-12
CP32025,Yard Campaign,Email,2024-02-16,2025-10-07,3132.0,977.0,34343.83,False,599,0.311941251596424,10.965462962962963,35.15233367451382,0.02844761344322983,> 12 Months,2024-02
CP23385,Evidence Campaign,Google,2024-07-20,2024-10-30,11813.0,318.0,30454.44,False,102,0.02691949547109117,2.5780445272157793,95.76867924528301,0.010441827201550907,3–6 Months,2024-07
CP60903,Charge Campaign,Email,2023-12-24,2025-08-31,1317.0,1367.0,25604.09,True,616,1.037965072133637,19.441222475322704,18.73013167520117,0.053389907628039114,> 12 Months,2023-12
CP85777,Computer Campaign,Facebook,2024-07-23,2024-11-17,11414.0,501.0,20336.76,False,117,0.04389346416681269,1.7817382162256876,40.59233532934132,0.024635192626554083,3–6 Months,2024-07
CP70683,Practice Campaign,Google,2024-03-31,2025-05-06,8939.0,191.0,22129.17,False,401,0.02136704329343327,2.475575567736883,115.85952879581151,0.008631141610824084,> 12 Months,2024-03
CP52511,Subject Campaign,LinkedIn,2024-05-31,2025-09-17,19391.0,1274.0,32636.94,False,474,0.06570058274457223,1.6830973131865297,25.617692307692305,0.03903552232531604,> 12 Months,2024-05
CP89083,Floor Campaign,Google,2024-06-20,2025-03-23,9417.0,1786.0,36394.17,False,276,0.18965700329191887,3.8647308059891685,20.377474804031355,0.04907379396205491,6–12 Months,2024-06
CP29879,People Campaign,Email,2023-12-29,2024-11-17,18741.0,1069.0,18771.95,False,324,0.05704071287551358,1.001651459367163,17.560289990645465,0.05694666776760006,6–12 Months,2023-12
CP52634,Live Campaign,LinkedIn,2024-09-05,2024-11-30,11871.0,782.0,16858.11,False,86,0.06587482099233426,1.4201086681829669,21.557685421994886,0.0463871691429229,1–3 Months,2024-09
CP21384,Commercial Campaign,Twitter,2024-06-01,2024-11-04,7389.0,1212.0,13912.33,False,156,0.16402760860738935,1.8828434158884828,11.478820132013201,0.08711696746698791,3–6 Months,2024-06
CP61563,Money Campaign,Google,2024-03-10,2025-05-08,731.0,1229.0,34469.52,True,424,1.6812585499316006,47.15392612859097,28.046802278275017,0.03565468854802736,> 12 Months,2024-03
CP25686,Environmental Campaign,Facebook,2024-04-05,2025-06-25,11902.0,172.0,29840.39,False,446,0.014451352713829609,2.507174424466476,173.4906395348837,0.005763999733247455,> 12 Months,2024-04
CP55154,Pay Campaign,Facebook,2024-08-25,2025-01-17,2361.0,1744.0,30004.16,False,145,0.7386700550614147,12.708242270224481,17.20422018348624,0.05812527329543637,3–6 Months,2024-08
CP94090,Many Campaign,Instagram,2024-02-19,2025-10-21,4.0,605.0,39138.69,True,610,151.25,9784.6725,64.69204958677686,0.015457850020018553,> 12 Months,2024-02
CP17121,Personal Campaign,Twitter,2024-04-13,2025-03-08,15856.0,138.0,193.73,False,329,0.008703329969727547,0.012218087790110998,1.4038405797101448,0.7123315955195375,6–12 Months,2024-04
CP65134,Ground Campaign,Google,2024-07-13,2025-09-22,3030.0,1895.0,44966.05,False,436,0.6254125412541254,14.840280528052807,23.72878627968338,0.04214290559210782,> 12 Months,2024-07
CP79241,Sense Campaign,Twitter,2024-08-06,2025-09-19,2562.0,582.0,44776.55,False,409,0.22716627634660422,17.47718579234973,76.9356529209622,0.012997875003768714,> 12 Months,2024-08
CP32976,Soon Campaign,LinkedIn,2024-08-16,2025-10-05,15776.0,321.0,46588.58,False,415,0.0203473630831643,2.953130070993915,145.1357632398754,0.006890100535367251,> 12 Months,2024-08
CP90517,Street Campaign,Instagram,2024-07-04,2025-05-11,12516.0,970.0,34026.35,False,311,0.07750079897730905,2.7186281559603707,35.07871134020618,0.028507318592796465,6–12 Months,2024-07
CP22662,Sing Campaign,Twitter,2024-07-02,2024-11-03,4795.0,334.0,37125.58,False,124,0.06965589155370178,7.742561001042753,111.15443113772456,0.00899649244537055,3–6 Months,2024-07
CP96767,Finally Campaign,Google,2024-08-03,2025-07-17,2011.0,383.0,35709.0,False,348,0.19045251118846346,17.75683739433118,93.23498694516971,0.010725587386933267,6–12 Months,2024-08
CP82831,Garden Campaign,Facebook,2023-11-03,2025-05-11,2055.0,21.0,38856.84,False,555,0.010218978102189781,18.908437956204377,1850.3257142857142,0.0005404453887655302,> 12 Months,2023-11
CP64528,Consider Campaign,Facebook,2023-11-03,2025-09-26,5830.0,1317.0,18031.34,False,693,0.22590051457975988,3.092854202401372,13.691222475322704,0.0730394967872604,> 12 Months,2023-11
CP71907,Box Campaign,Google,2024-06-04,2025-01-01,5285.0,763.0,37254.68,False,211,0.14437086092715232,7.049135288552507,48.82657929226737,0.02048064833733641,6–12 Months,2024-06
CP36846,Cut Campaign,Instagram,2024-07-09,2025-04-13,14290.0,550.0,12781.33,False,278,0.03848845346396081,0.8944247725682295,23.238781818181817,0.04303151549956069,6–12 Months,2024-07
CP88183,Receive Campaign,Google,2024-10-04,2024-12-31,303.0,1005.0,47026.01,True,88,3.3168316831683167,155.20135313531352,46.79204975124378,0.021371151837036566,1–3 Months,2024-10
CP38325,South Campaign,Google,2024-10-09,2024-11-19,4768.0,685.0,47345.48,False,41,0.14366610738255034,9.929840604026847,69.11748905109489,0.014468118181503281,1–3 Months,2024-10
CP60858,Action Campaign,Facebook,2024-07-15,2025-06-23,3856.0,1466.0,30758.75,False,343,0.3801867219917012,7.976854253112033,20.981412005457027,0.047661234608038366,6–12 Months,2024-07
CP14498,Market Campaign,Google,2024-08-12,2025-04-18,8105.0,1308.0,31635.0,False,249,0.16138186304750154,3.9031462060456508,24.18577981651376,0.0413466097676624,6–12 Months,2024-08
CP95489,Start Campaign,Instagram,2024-08-19,2025-04-12,14424.0,104.0,1335.69,False,236,0.007210205213533,0.09260191347753745,12.843173076923078,0.0778623782464494,6–12 Months,2024-08
CP52504,Later Campaign,Google,2024-07-05,2025-05-11,3749.0,139.0,13639.13,False,310,0.037076553747666045,3.6380714857295278,98.12323741007194,0.010191265865198147,6–12 Months,2024-07
CP84252,Often Campaign,Email,2024-03-27,2024-12-22,14101.0,1337.0,197.4,False,270,0.0948159704985462,0.01399900716261258,0.14764397905759163,6.773049645390071,6–12 Months,2024-03
CP26356,Knowledge Campaign,Email,2024-09-02,2024-12-10,14110.0,968.0,6597.79,False,99,0.06860382707299788,0.4675967399007796,6.815898760330579,0.14671579422806727,3–6 Months,2024-09
CP25557,Finish Campaign,Google,2024-04-06,2024-11-01,745.0,1691.0,29421.9,True,209,2.2697986577181206,39.49248322147651,17.399112950916617,0.0574741943926123,6–12 Months,2024-04
CP15962,Probably Campaign,Facebook,2024-03-23,2025-05-22,15674.0,1181.0,23768.16,False,425,0.0753477095827485,1.516406788311854,20.12545300592718,0.049688322528963116,> 12 Months,2024-03
CP12399,Crime Campaign,Email,2024-03-25,2025-09-08,18967.0,1632.0,45450.38,False,532,0.08604418200031634,2.396287235725207,27.849497549019606,0.035907290544105464,> 12 Months,2024-03
CP74829,Believe Campaign,LinkedIn,2024-02-27,2025-04-22,2321.0,279.0,1642.95,False,420,0.12020680741059887,0.7078629900904783,5.888709677419355,0.16981648863325116,> 12 Months,2024-02
CP19749,Voice Campaign,Instagram,2024-07-11,2025-04-03,19557.0,1752.0,15074.08,False,266,0.08958429206933578,0.770776703993455,8.603926940639269,0.11622599853523399,6–12 Months,2024-07
CP41077,Special Campaign,LinkedIn,2023-12-08,2025-05-09,11883.0,1443.0,28857.22,False,518,0.12143398131784902,2.428445678700665,19.99807345807346,0.05000481681880652,> 12 Months,2023-12
CP43602,Sport Campaign,Google,2024-01-12,2025-07-24,7157.0,1563.0,22798.96,False,559,0.2183875925667179,3.1855470169065248,14.586666666666666,0.06855575868372944,> 12 Months,2024-01
CP33785,You Campaign,Google,2024-08-22,2025-09-19,6810.0,221.0,39129.41,False,393,0.03245227606461087,5.745875183553598,177.05615384615388,0.005647925690676143,> 12 Months,2024-08
CP36484,Magazine Campaign,Google,2024-01-01,2025-03-06,6550.0,737.0,6357.19,False,430,0.11251908396946565,0.9705633587786259,8.625766621438263,0.11593172455125614,> 12 Months,2024-01
CP33446,Sing Campaign,Facebook,2023-11-18,2025-06-28,17996.0,1027.0,18630.79,False,588,0.057068237386085796,1.0352739497666148,18.140983446932815,0.05512380312375374,> 12 Months,2023-11
CP14481,Dinner Campaign,Instagram,2023-12-23,2025-09-14,5892.0,1426.0,8614.01,False,631,0.24202308214528173,1.4619840461642906,6.0406802244039275,0.16554427032241661,> 12 Months,2023-12
CP36346,Eye Campaign,Instagram,2024-06-04,2025-07-16,7658.0,1837.0,26033.78,False,407,0.2398798641943066,3.3995534082005743,14.171899836690255,0.07056216961194264,> 12 Months,2024-06
CP11621,Very Campaign,Facebook,2024-09-15,2025-01-23,5450.0,86.0,36354.43,False,130,0.01577981651376147,6.670537614678899,422.72593023255814,0.002365598910504167,3–6 Months,2024-09
CP39049,One Campaign,Facebook,2024-04-01,2025-05-04,12398.0,1541.0,40789.66,False,398,0.12429424100661397,3.290019357960962,26.46960415314731,0.037779182273154514,> 12 Months,2024-04
CP35357,Resource Campaign,Google,2024-04-17,2025-10-06,5521.0,400.0,48537.28,False,537,0.07245064299945662,8.791392863611664,121.3432,0.008241088087342347,> 12 Months,2024-04
CP53971,Plant Campaign,Facebook,2024-05-01,2024-10-26,2332.0,1692.0,35535.84,False,178,0.725557461406518,15.238353344768438,21.002269503546096,0.04761390190860833,3–6 Months,2024-05
CP31273,Employee Campaign,LinkedIn,2024-01-30,2025-08-03,6516.0,1781.0,10180.53,False,551,0.2733271945979128,1.562389502762431,5.7161875350926445,0.17494177611578177,> 12 Months,2024-01
CP80058,Thank Campaign,Email,2024-07-28,2025-06-30,9764.0,1166.0,46944.32,False,337,0.11941827120032773,4.807898402294142,40.2609948542024,0.024837935665060224,6–12 Months,2024-07
CP83693,Particular Campaign,Google,2024-01-07,2024-11-16,13507.0,889.0,4350.82,False,314,0.06581772414303694,0.3221159398830236,4.8940607424071985,0.20432929884481546,6–12 Months,2024-01
CP73964,Doctor Campaign,Instagram,2024-01-03,2025-05-31,17159.0,1322.0,42289.59,False,514,0.07704411679002272,2.464571944752025,31.989099848714066,0.031260648306119784,> 12 Months,2024-01
CP76926,Born Campaign,Instagram,2024-01-01,2024-12-16,12843.0,496.0,43854.0,False,350,0.038620260063848014,3.4146227516935297,88.41532258064517,0.011310256761070826,6–12 Months,2024-01
CP15818,Write Campaign,LinkedIn,2024-01-11,2024-11-16,6509.0,447.0,15445.03,False,310,0.06867414349362422,2.3728729451528654,34.55263982102908,0.028941348770445897,6–12 Months,2024-01
CP96322,Some Campaign,Google,2024-02-20,2025-04-19,5847.0,799.0,17423.23,False,424,0.1366512741576877,2.9798580468616382,21.806295369211515,0.04585831674149971,> 12 Months,2024-02
CP67667,Some Campaign,Google,2023-12-04,2025-06-01,645.0,733.0,20820.84,True,545,1.136434108527132,32.28037209302325,28.404965893587995,0.03520511180144509,> 12 Months,2023-12
CP24338,Success Campaign,Google,2024-08-20,2025-03-05,17195.0,1656.0,13488.55,False,197,0.09630706600756034,0.784446059901134,8.145259661835748,0.12277079448865891,6–12 Months,2024-08
CP27621,At Campaign,LinkedIn,2024-09-10,2025-05-23,10862.0,1326.0,16211.37,False,255,0.12207696556803535,1.4924848094273615,12.225769230769231,0.08179444426966999,6–12 Months,2024-09
CP60651,Listen Campaign,LinkedIn,2024-02-24,2024-11-24,13563.0,1015.0,3217.95,False,274,0.07483595074835951,0.23725945587259453,3.1703940886699504,0.3154182010286052,6–12 Months,2024-02
CP20747,Either Campaign,Facebook,2024-08-03,2024-11-10,16024.0,1502.0,9288.89,False,99,0.0937343984023964,0.5796860958562157,6.184347536617842,0.1616985452513702,3–6 Months,2024-08
CP55133,Thank Campaign,Google,2024-07-06,2025-01-12,2560.0,1018.0,31500.44,False,190,0.39765625,12.304859375,30.94345776031434,0.032317008905272435,6–12 Months,2024-07
CP67971,Local Campaign,Google,2023-11-21,2024-12-19,14885.0,1750.0,27807.34,False,394,0.1175680214981525,1.868145112529392,15.889908571428572,0.0629330241583697,> 12 Months,2023-11
CP73397,Affect Campaign,Email,2024-09-17,2024-12-05,49.0,1221.0,19883.66,True,79,24.918367346938776,405.7889795918367,16.284733824733824,0.06140720571564792,1–3 Months,2024-09
CP79558,Stock Campaign,Instagram,2023-12-08,2025-01-17,8264.0,1777.0,35910.7,False,406,0.21502904162633107,4.345438044530494,20.208610016882385,0.04948385857140073,> 12 Months,2023-12
CP30391,Director Campaign,Facebook,2024-10-02,2025-02-11,4971.0,1922.0,25577.43,False,132,0.38664252665459664,5.145328907664454,13.307715920915713,0.07514437533403473,3–6 Months,2024-10
CP17070,Choose Campaign,Facebook,2024-03-04,2025-07-09,18628.0,735.0,27544.6,False,492,0.039456731801589005,1.4786665235129912,37.4756462585034,0.026683996137173895,> 12 Months,2024-03
CP61900,Together Campaign,Google,2024-03-06,2025-01-12,2335.0,1791.0,25803.08,False,312,0.7670235546038544,11.050569593147753,14.407079843662759,0.06941031845810655,6–12 Months,2024-03
CP45162,Enter Campaign,Email,2023-12-18,2024-10-25,13729.0,1515.0,43751.18,False,312,0.11035035326680749,3.1867710685410446,28.878666666666668,0.03462763747172076,6–12 Months,2023-12
CP94420,Speak Campaign,Google,2024-02-16,2024-12-28,946.0,1326.0,26924.85,True,316,1.4016913319238902,28.461786469344606,20.305316742081448,0.04924818522665865,6–12 Months,2024-02
CP42903,Offer Campaign,Email,2024-06-10,2025-09-24,11420.0,1224.0,43176.61,False,471,0.10718038528896673,3.780788966725044,35.275008169934644,0.02834868230738819,> 12 Months,2024-06
CP86639,Goal Campaign,LinkedIn,2023-10-28,2025-01-20,10635.0,861.0,12260.38,False,450,0.08095909732016925,1.1528330982604607,14.239698025551682,0.07022620832306993,> 12 Months,2023-10
CP87973,Including Campaign,Facebook,2024-10-07,2024-10-27,2928.0,381.0,32579.28,False,20,0.13012295081967212,11.126803278688524,85.50992125984251,0.011694549419140018,< 1 Month,2024-10
CP25401,Minute Campaign,Google,2024-06-25,2024-10-22,5264.0,987.0,18228.46,False,119,0.1875,3.4628533434650453,18.46855116514691,0.054146099012204,3–6 Months,2024-06
CP13002,Cost Campaign,Twitter,2023-12-31,2025-07-02,18238.0,873.0,11776.93,False,549,0.04786709068976862,0.6457358262967431,13.490183276059565,0.07412797732516029,> 12 Months,2023-12
CP24349,Successful Campaign,Facebook,2024-10-17,2025-02-13,6482.0,23.0,24953.0,False,119,0.003548287565566183,3.849583461894477,1084.9130434782608,0.0009217328577726125,3–6 Months,2024-10
CP84335,Great Campaign,Facebook,2024-03-19,2025-08-31,2654.0,1845.0,21745.94,False,530,0.6951770911831198,8.193647324792765,11.786417344173442,0.08484342364597713,> 12 Months,2024-03
CP13239,Beautiful Campaign,Instagram,2024-10-15,2025-07-11,13175.0,1536.0,17488.14,False,269,0.11658444022770398,1.327373055028463,11.3855078125,0.08783095286291166,6–12 Months,2024-10
CP13284,Next Campaign,Facebook,2024-07-22,2025-05-31,7885.0,374.0,42208.53,False,313,0.04743183259353202,5.353015852885225,112.8570320855615,0.008860768190695104,6–12 Months,2024-07
CP62274,Type Campaign,Facebook,2024-01-14,2025-04-22,18066.0,1012.0,40789.38,False,464,0.05601682718919517,2.2577980737296577,40.30571146245059,0.024810379564484678,> 12 Months,2024-01
CP46197,Civil Campaign,Email,2024-08-04,2025-01-31,16898.0,134.0,2566.91,False,180,0.007929932536394839,0.15190614273878564,19.1560447761194,0.05220284310708206,3–6 Months,2024-08
CP70626,Thus Campaign,Email,2023-11-30,2025-06-22,16563.0,250.0,34531.41,False,570,0.015093883958220129,2.0848523818148887,138.12564,0.0072397854590936185,> 12 Months,2023-11
CP45097,Hard Campaign,Twitter,2024-10-02,2025-03-12,4878.0,785.0,3292.55,False,161,0.16092660926609267,0.6749794997949979,4.194331210191083,0.23841703239130763,3–6 Months,2024-10
CP29863,Cost Campaign,Google,2024-06-13,2025-05-02,5678.0,280.0,5604.47,False,323,0.0493131384290243,0.9870500176118352,20.015964285714286,0.049960121117607906,6–12 Months,2024-06
CP85563,Century Campaign,Facebook,2024-09-06,2025-06-22,1992.0,1733.0,17592.36,False,289,0.8699799196787149,8.831506024096386,10.151390652048471,0.09850867080937406,6–12 Months,2024-09
CP62445,Under Campaign,Facebook,2024-02-12,2025-07-05,2774.0,843.0,2243.04,False,509,0.3038932948810382,0.8085940879596251,2.660782918149466,0.37582923175690136,> 12 Months,2024-02
CP65282,Produce Campaign,Google,2024-04-26,2025-04-19,2473.0,1544.0,16615.77,False,358,0.6243429033562474,6.718871815608573,10.761509067357514,0.09292377061069093,6–12 Months,2024-04
CP33599,Involve Campaign,Email,2024-03-28,2024-12-30,18691.0,31.0,7316.27,False,277,0.0016585522443956985,0.3914327751324167,236.00870967741938,0.004237131762496463,6–12 Months,2024-03
CP75905,Number Campaign,Instagram,2024-08-16,2025-09-24,15970.0,341.0,2411.85,False,404,0.021352536005009394,0.15102379461490295,7.072873900293255,0.1413852436926011,> 12 Months,2024-08
CP61705,Worry Campaign,Google,2024-04-20,2025-08-29,18169.0,2000.0,5014.58,False,496,0.11007760471132148,0.27599647751664924,2.50729,0.39883699133327216,> 12 Months,2024-04
CP31525,Remain Campaign,Instagram,2024-01-13,2025-04-27,7264.0,1408.0,31196.77,False,470,0.19383259911894274,4.294709526431718,22.156796875,0.04513287753828361,> 12 Months,2024-01
CP70780,Food Campaign,Instagram,2024-02-15,2025-09-08,17190.0,1127.0,48423.12,False,571,0.06556137289121583,2.816935427574171,42.96638864241349,0.023274006301122273,> 12 Months,2024-02
CP24494,Break Campaign,Google,2024-08-19,2025-02-05,3600.0,1657.0,47.34,False,170,0.4602777777777778,0.01315,0.028569704284852143,35.00211237853823,3–6 Months,2024-08
CP83342,Present Campaign,Google,2024-10-06,2025-03-26,18590.0,1879.0,49844.77,False,171,0.10107584722969339,2.6812678859601933,26.527285790313996,0.03769703421241587,3–6 Months,2024-10
CP20438,Have Campaign,Twitter,2023-10-28,2024-12-17,4906.0,1362.0,21117.99,False,416,0.2776192417448023,4.304523033020791,15.50513215859031,0.06449477436062806,> 12 Months,2023-10
CP80151,Lot Campaign,Instagram,2024-01-29,2025-06-03,6956.0,1467.0,31982.87,False,491,0.210897067280046,4.597882403680276,21.801547375596456,0.045868303876418846,> 12 Months,2024-01
CP40532,Meet Campaign,Google,2024-03-13,2025-01-12,2171.0,363.0,26762.71,False,305,0.16720405343159833,12.327365269461078,73.7264738292011,0.013563648823306759,6–12 Months,2024-03
CP59832,Parent Campaign,Google,2024-10-01,2025-08-26,2227.0,868.0,24784.15,False,329,0.389762011674899,11.128940278401437,28.55316820276498,0.035022383257041295,6–12 Months,2024-10
CP64623,Despite Campaign,Twitter,2024-06-19,2025-01-04,11801.0,1208.0,45756.67,False,199,0.10236420642318447,3.8773553088721293,37.878038079470194,0.026400522590476976,6–12 Months,2024-06
CP85315,Attack Campaign,LinkedIn,2023-10-30,2025-06-27,853.0,359.0,6640.58,False,606,0.4208675263774912,7.784970691676436,18.49743732590529,0.05406154281704309,> 12 Months,2023-10
CP11025,Chance Campaign,Twitter,2023-12-01,2025-01-30,13685.0,240.0,30521.25,False,426,0.0175374497625137,2.230270369017172,127.171875,0.007863373878854897,> 12 Months,2023-12
CP46563,Economy Campaign,LinkedIn,2023-12-02,2025-10-13,19186.0,1163.0,39496.66,False,681,0.06061711664755551,2.058618784530387,33.961014617368875,0.029445527799059464,> 12 Months,2023-12
CP84167,Quickly Campaign,Google,2024-02-22,2025-01-02,1915.0,1373.0,19374.89,False,315,0.7169712793733681,10.117436031331593,14.11135469774217,0.0708649184588919,6–12 Months,2024-02
CP47633,See Campaign,LinkedIn,2024-05-27,2025-07-01,3361.0,1065.0,43444.18,False,400,0.31686997917286525,12.925968461767331,40.79265727699531,0.02451421571312889,> 12 Months,2024-05
CP86310,Black Campaign,Google,2024-06-30,2025-06-04,3899.0,1547.0,10260.28,False,339,0.39676840215439857,2.631515773275199,6.632372333548805,0.150775612361456,6–12 Months,2024-06
CP57744,Prevent Campaign,LinkedIn,2024-05-26,2025-10-06,14138.0,210.0,11424.64,False,498,0.014853586080067902,0.8080803508275569,54.40304761904762,0.01838132317517226,> 12 Months,2024-05
CP42697,Civil Campaign,Email,2024-07-12,2025-04-07,6522.0,205.0,33280.78,False,269,0.03143207605029132,5.102848819380558,162.34526829268293,0.0061597114009948085,6–12 Months,2024-07
CP91213,Road Campaign,Google,2024-08-20,2025-05-02,8430.0,53.0,3284.28,False,255,0.006287069988137604,0.3895943060498221,61.967547169811326,0.016137479143069407,6–12 Months,2024-08
CP63071,One Campaign,Facebook,2023-12-27,2025-06-19,9036.0,1043.0,14460.88,False,540,0.11542718016821603,1.6003629924745462,13.86469798657718,0.07212562444332572,> 12 Months,2023-12
CP91994,Free Campaign,Facebook,2024-01-08,2025-03-06,13987.0,1470.0,48706.97,False,423,0.1050975906198613,3.482302852648888,33.13399319727891,0.030180485462347584,> 12 Months,2024-01
CP62628,Radio Campaign,Facebook,2024-04-01,2025-06-17,1985.0,1950.0,27487.04,False,442,0.982367758186398,13.847375314861461,14.095917948717949,0.07094252418594363,> 12 Months,2024-04
CP82063,My Campaign,Facebook,2024-08-26,2025-01-03,5196.0,1682.0,868.44,False,130,0.32371054657428794,0.1671362586605081,0.5163139120095125,1.9368062272580717,3–6 Months,2024-08
CP82193,Positive Campaign,Facebook,2024-05-03,2025-10-03,4588.0,375.0,14070.52,False,518,0.08173496076721883,3.066809067131648,37.521386666666665,0.02665146703888698,> 12 Months,2024-05
CP29642,Knowledge Campaign,Facebook,2024-07-09,2025-04-03,3619.0,826.0,3219.68,False,268,0.22823984526112184,0.8896601271069355,3.897917675544794,0.25654723450777717,6–12 Months,2024-07
CP52569,Laugh Campaign,Twitter,2024-01-22,2025-03-31,10838.0,759.0,14232.01,False,434,0.07003137110167927,1.3131583317955342,18.751001317523055,0.05333048529336334,> 12 Months,2024-01
CP83912,Culture Campaign,Google,2024-05-15,2025-08-01,18999.0,642.0,8368.86,False,443,0.0337912521711669,0.44048949944733934,13.035607476635516,0.07671295732035187,> 12 Months,2024-05
CP20668,Democratic Campaign,LinkedIn,2024-07-19,2025-02-03,4918.0,672.0,10614.63,False,199,0.13664091093940625,2.158322488816592,15.795580357142857,0.06330884825943062,6–12 Months,2024-07
CP15448,Market Campaign,Facebook,2024-01-31,2025-01-15,12050.0,1941.0,16005.71,False,350,0.16107883817427385,1.3282746887966805,8.246115404430705,0.1212692220463822,6–12 Months,2024-01
CP73985,Here Campaign,Google,2023-12-30,2025-03-11,12094.0,1548.0,5533.5,False,437,0.1279973540598644,0.4575409293864726,3.574612403100775,0.2797506099213879,> 12 Months,2023-12
CP53057,Economic Campaign,Facebook,2024-01-28,2025-10-12,15718.0,1142.0,46512.66,False,623,0.07265555414174832,2.9591970988675405,40.729124343257446,0.02455245518101953,> 12 Months,2024-01
CP52902,Generation Campaign,Facebook,2024-09-22,2025-07-17,10720.0,984.0,4493.51,False,298,0.09179104477611941,0.4191707089552239,4.566575203252032,0.21898248807724918,6–12 Months,2024-09
CP34424,Arrive Campaign,Instagram,2023-11-08,2025-09-09,2646.0,1608.0,36354.25,False,671,0.6077097505668935,13.73932350718065,22.608364427860696,0.044231417234573675,> 12 Months,2023-11
CP25444,Alone Campaign,Instagram,2023-11-26,2025-05-11,10740.0,1442.0,39651.7,False,532,0.13426443202979516,3.6919646182495343,27.49771151178918,0.036366662715596056,> 12 Months,2023-11
CP79052,Hot Campaign,Instagram,2024-05-11,2024-11-09,6713.0,877.0,15538.99,False,182,0.13064203783703263,2.3147609116639356,17.718346636259977,0.05643867458567127,6–12 Months,2024-05
CP97880,Wrong Campaign,Google,2024-04-09,2024-12-07,11602.0,313.0,1516.22,False,242,0.026978107222892605,0.13068608860541286,4.844153354632588,0.2064344224452916,6–12 Months,2024-04
CP88267,Treat Campaign,LinkedIn,2024-01-22,2025-01-28,15745.0,251.0,17490.32,False,372,0.015941568751984755,1.110849158463004,69.6825498007968,0.014350795182706778,> 12 Months,2024-01
CP78205,Soon Campaign,LinkedIn,2024-01-04,2024-12-23,15555.0,1727.0,1627.54,False,354,0.11102539376406301,0.10463130826100932,0.9424088013896931,1.0611106332256044,6–12 Months,2024-01
CP86519,Car Campaign,Facebook,2024-06-15,2025-06-24,11877.0,726.0,5569.55,False,374,0.06112654710785552,0.46893575818809463,7.6715564738292015,0.13035164420823944,> 12 Months,2024-06
CP79924,Home Campaign,Facebook,2024-05-21,2025-07-29,12521.0,1150.0,36352.06,False,434,0.09184569922530149,2.9032872773740115,31.610486956521736,0.03163507102486077,> 12 Months,2024-05
CP10230,Save Campaign,LinkedIn,2024-02-22,2025-05-31,9698.0,1910.0,29178.97,False,464,0.1969478242936688,3.008761600329965,15.276947643979058,0.0654581021879799,> 12 Months,2024-02
CP84958,Follow Campaign,Google,2024-03-14,2025-06-03,2774.0,1230.0,21180.7,False,446,0.4434030281182408,7.635436193222783,17.22008130081301,0.058071735117347395,> 12 Months,2024-03
CP91360,Close Campaign,Twitter,2024-10-07,2025-04-22,13649.0,60.0,24472.31,False,197,0.004395926441497546,1.7929745768920802,407.87183333333337,0.0024517505703384765,6–12 Months,2024-10
CP85333,Notice Campaign,Email,2024-09-22,2025-09-22,3481.0,369.0,7032.22,False,365,0.10600402183280666,2.020172364263143,19.05750677506775,0.05247276109109214,6–12 Months,2024-09
CP55776,Mother Campaign,Google,2024-03-25,2024-11-28,671.0,369.0,36670.17,False,248,0.5499254843517138,54.65002980625931,99.37715447154471,0.010062674920787114,6–12 Months,2024-03
CP22900,Behavior Campaign,Google,2024-01-20,2025-04-28,1715.0,629.0,40842.45,False,464,0.36676384839650145,23.81483965014577,64.93235294117646,0.015400643203333788,> 12 Months,2024-01
CP92923,Attention Campaign,Facebook,2024-05-02,2025-02-17,18632.0,1059.0,46812.78,False,291,0.056837698583082866,2.5124935594675826,44.20470254957507,0.02262202757452132,6–12 Months,2024-05
CP65108,Will Campaign,Twitter,2024-09-26,2025-07-09,11120.0,694.0,38310.75,False,286,0.06241007194244604,3.4452113309352517,55.20280979827089,0.018115019935657745,6–12 Months,2024-09
CP19422,Nice Campaign,Email,2023-12-25,2025-09-25,16346.0,1372.0,8379.01,False,640,0.08393490762265998,0.5126030833231372,6.107150145772595,0.16374249463838805,> 12 Months,2023-12
CP74860,Ten Campaign,Instagram,2024-06-10,2025-06-07,2378.0,904.0,20593.21,False,362,0.3801513877207738,8.65988645920942,22.780099557522124,0.04389796442613852,6–12 Months,2024-06
CP45031,Democratic Campaign,Google,2024-04-03,2025-07-20,1595.0,1310.0,9886.05,False,473,0.8213166144200627,6.198150470219435,7.546603053435114,0.13250995089039608,> 12 Months,2024-04
CP59254,Push Campaign,Facebook,2024-03-11,2025-01-10,10388.0,607.0,11579.65,False,305,0.05843280708509819,1.1147140931844435,19.076853377265238,0.052419546359345925,6–12 Months,2024-03
CP67496,Reach Campaign,Email,2024-01-29,2025-10-15,18808.0,1311.0,5774.5,False,625,0.0697043811144194,0.307023606975755,4.40465293668955,0.22703264351891939,> 12 Months,2024-01
CP52883,Firm Campaign,Twitter,2023-12-01,2025-02-10,12638.0,2.0,44115.73,False,437,0.0001582528881152081,3.490720841905365,22057.865,4.533530330337954e-05,> 12 Months,2023-12
CP80047,Thus Campaign,LinkedIn,2023-12-26,2025-10-12,3907.0,772.0,16758.35,False,656,0.1975940619401075,4.289314051702073,21.70770725388601,0.04606658770105649,> 12 Months,2023-12
CP57576,Brother Campaign,LinkedIn,2024-08-11,2025-10-19,16119.0,1502.0,48417.9,False,434,0.0931819591786091,3.003778150009306,32.23561917443409,0.03102158499232722,> 12 Months,2024-08
CP89145,Hundred Campaign,LinkedIn,2024-04-13,2025-06-02,11542.0,1666.0,30049.0,False,415,0.14434240166348986,2.603448275862069,18.036614645858343,0.05544277679789677,> 12 Months,2024-04
CP43155,Decision Campaign,Facebook,2024-05-03,2025-04-27,3047.0,1151.0,5232.1,False,359,0.3777486051854283,1.7171316048572367,4.545699391833189,0.21998815007358422,6–12 Months,2024-05
CP99449,Modern Campaign,Facebook,2024-08-14,2025-09-02,14537.0,534.0,9458.19,False,384,0.03673385155121414,0.6506287404553898,17.711966292134832,0.05645900536994922,> 12 Months,2024-08
CP36357,Former Campaign,Google,2024-08-08,2025-08-20,1181.0,1792.0,22374.16,True,377,1.5173581710414903,18.945097375105842,12.485580357142856,0.08009239229539791,> 12 Months,2024-08
CP85556,Remember Campaign,LinkedIn,2024-01-03,2025-03-12,17921.0,1843.0,32811.12,False,434,0.10284024328999498,1.8308755091791755,17.803103635377106,0.05616998139655092,> 12 Months,2024-01
CP35448,Entire Campaign,Google,2024-09-08,2025-08-15,16786.0,1033.0,32717.69,False,341,0.06153937805313952,1.9491058024544263,31.672497579864473,0.03157313367783606,6–12 Months,2024-09
CP49058,Soon Campaign,Facebook,2024-04-20,2025-05-13,15953.0,724.0,19217.5,False,388,0.04538331348335736,1.204632357550304,26.543508287292816,0.03767399505658905,> 12 Months,2024-04
CP89607,Eat Campaign,Email,2023-11-25,2025-06-04,5577.0,1347.0,43886.32,False,557,0.2415277030661646,7.869162632239555,32.58078693392724,0.030692935748543055,> 12 Months,2023-11
CP51756,Those Campaign,Facebook,2024-05-28,2025-04-23,11179.0,759.0,14012.2,False,330,0.06789516056892388,1.2534394847481887,18.461396574440055,0.054167082970554226,6–12 Months,2024-05
CP83120,Ask Campaign,Facebook,2024-09-16,2025-10-16,1646.0,1503.0,39303.26,False,395,0.9131227217496962,23.878043742405833,26.149873586161014,0.03824110264644714,> 12 Months,2024-09
CP53981,Get Campaign,Twitter,2024-05-25,2024-10-26,10442.0,888.0,4433.79,False,154,0.08504117985060333,0.42461118559662897,4.993006756756757,0.20028012152131697,3–6 Months,2024-05
CP80558,Determine Campaign,Google,2023-11-18,2025-08-05,5349.0,1835.0,36866.98,False,626,0.34305477659375583,6.892312581790989,20.090997275204362,0.04977353718693529,> 12 Months,2023-11
CP46318,Rest Campaign,Google,2024-02-16,2024-11-11,12438.0,1815.0,39457.28,False,269,0.14592378195851424,3.17231709278019,21.73954820936639,0.04599911600596899,6–12 Months,2024-02
CP36152,Skill Campaign,Email,2024-04-11,2024-12-15,1685.0,1040.0,6101.0,False,248,0.6172106824925816,3.6207715133531155,5.866346153846154,0.17046385838387149,6–12 Months,2024-04
CP94096,Sound Campaign,Email,2024-05-17,2025-07-20,18997.0,1470.0,22000.23,False,429,0.07738063904827078,1.1580896983734275,14.966142857142858,0.0668174832717658,> 12 Months,2024-05
CP91146,Large Campaign,Google,2023-12-01,2025-08-11,10953.0,1503.0,23194.8,False,619,0.1372226787181594,2.117666392769104,15.432335329341317,0.06479900667390967,> 12 Months,2023-12
CP17500,Tree Campaign,Email,2024-07-23,2025-09-08,2190.0,1461.0,5430.19,False,412,0.6671232876712329,2.479538812785388,3.716762491444216,0.26905135916054507,> 12 Months,2024-07
CP29039,Sell Campaign,Google,2024-06-16,2025-10-20,19049.0,272.0,1672.08,False,491,0.01427896477505381,0.08777783610688225,6.147352941176471,0.1626716425051433,> 12 Months,2024-06
CP24208,Range Campaign,Facebook,2024-09-06,2025-04-17,17498.0,576.0,5265.5,False,223,0.03291804777688879,0.30092010515487483,9.141493055555555,0.10939132086221631,6–12 Months,2024-09
CP55015,My Campaign,Facebook,2024-03-30,2025-08-05,16486.0,1429.0,18962.13,False,493,0.08667960693922115,1.1501959238141455,13.269510146955914,0.07536073215403544,> 12 Months,2024-03
CP62340,Deep Campaign,Google,2024-05-21,2025-09-04,16337.0,1409.0,49576.9,False,471,0.08624594478790476,3.0346391626369593,35.18587650816182,0.028420494222107472,> 12 Months,2024-05
CP33079,Dog Campaign,Facebook,2024-01-18,2024-11-04,17840.0,436.0,35484.03,False,291,0.02443946188340807,1.989015134529148,81.38538990825688,0.012287217658197224,6–12 Months,2024-01
CP72976,Section Campaign,Email,2024-07-10,2025-01-09,1145.0,1750.0,42218.08,True,183,1.5283842794759825,36.87168558951965,24.124617142857144,0.04145143502499403,6–12 Months,2024-07
CP22629,Understand Campaign,Twitter,2024-06-19,2025-05-07,1238.0,1130.0,12349.97,False,322,0.9127625201938611,9.975743134087237,10.929176991150442,0.09149819797133112,6–12 Months,2024-06
CP27289,Look Campaign,Twitter,2023-12-11,2025-05-22,13533.0,1225.0,22854.35,False,528,0.09051947092292914,1.6887866696224043,18.656612244897957,0.05360029928656908,> 12 Months,2023-12
CP12477,Character Campaign,Instagram,2023-11-06,2025-03-23,11159.0,918.0,42146.68,False,503,0.08226543597096514,3.776922663321086,45.911416122004354,0.021781075045531464,> 12 Months,2023-11
CP22550,Board Campaign,Google,2024-02-14,2025-09-15,6298.0,1257.0,18030.15,False,579,0.1995871705303271,2.8628374087011754,14.343794749403342,0.06971655809851832,> 12 Months,2024-02
CP58197,Sport Campaign,Google,2024-05-12,2025-01-25,14656.0,1440.0,28398.98,False,258,0.0982532751091703,1.9377033296943231,19.72151388888889,0.05070604648476812,6–12 Months,2024-05
CP67163,Since Campaign,Facebook,2023-12-15,2024-12-13,17127.0,1913.0,36771.31,False,364,0.11169498452735446,2.1469790389443566,19.22180345007841,0.05202425477906553,6–12 Months,2023-12
CP97030,Including Campaign,Facebook,2024-08-22,2025-10-07,16729.0,693.0,36529.13,False,411,0.04142507023731245,2.1835812062884807,52.7115873015873,0.01897116082425177,> 12 Months,2024-08
CP60286,It Campaign,Google,2023-12-13,2025-09-08,17382.0,873.0,6145.89,False,635,0.05022437003797031,0.35357783914394203,7.039965635738832,0.14204614791348363,> 12 Months,2023-12
CP77652,Guess Campaign,Google,2024-05-12,2024-12-05,17089.0,1669.0,34645.38,False,207,0.09766516472584703,2.0273497571537247,20.75816656680647,0.0481738113422338,6–12 Months,2024-05
CP62717,Air Campaign,Google,2024-08-03,2025-03-04,15131.0,121.0,46874.8,False,213,0.00799682770471218,3.097931399114401,387.39504132231406,0.002581344347069214,6–12 Months,2024-08
CP10321,Himself Campaign,LinkedIn,2024-09-21,2025-10-08,13589.0,513.0,3042.46,False,382,0.037751122231216426,0.2238913827360365,5.930721247563353,0.1686135561354956,> 12 Months,2024-09
CP20438,Throw Campaign,LinkedIn,2023-12-29,2025-07-10,17567.0,1121.0,33408.87,False,559,0.06381283087607446,1.9017971195992487,29.802738626226585,0.033553963363621694,> 12 Months,2023-12
CP47276,International Campaign,Twitter,2024-10-08,2025-09-15,19826.0,759.0,6583.1,False,342,0.0382830626450116,0.33204378089377584,8.6733860342556,0.11529522565356747,6–12 Months,2024-10
CP78406,Grow Campaign,Facebook,2024-09-26,2024-11-16,6705.0,233.0,48237.43,False,51,0.03475018642803878,7.194247576435496,207.0275965665236,0.004830273917992729,1–3 Months,2024-09
CP93372,Air Campaign,LinkedIn,2024-04-18,2024-11-27,6972.0,1343.0,30444.97,False,223,0.19262765347102698,4.36674842226047,22.669374534623977,0.044112377184145686,6–12 Months,2024-04
CP99961,Age Campaign,Facebook,2024-07-24,2024-10-25,5415.0,1191.0,41893.77,False,93,0.21994459833795013,7.736614958448753,35.175289672544075,0.028429048042226807,3–6 Months,2024-07
CP44091,End Campaign,Google,2024-09-29,2025-03-14,8919.0,560.0,31184.02,False,166,0.06278730799416975,3.496358336136338,55.68575,0.017957915624733436,3–6 Months,2024-09
CP37148,Attorney Campaign,Google,2023-11-11,2025-05-09,11739.0,1529.0,2165.62,False,545,0.13024959536587444,0.18448079052730215,1.4163636363636363,0.7060333761232349,> 12 Months,2023-11
CP34914,Occur Campaign,Instagram,2024-05-09,2025-09-15,17706.0,1517.0,32974.14,False,494,0.08567717158025528,1.8623144696712979,21.73641397495056,0.046005748747351714,> 12 Months,2024-05
CP56786,It Campaign,Facebook,2024-08-30,2025-07-17,18108.0,407.0,6002.33,False,321,0.02247625358957367,0.33147393417274135,14.747739557739557,0.06780700161437309,6–12 Months,2024-08
CP78687,Chair Campaign,Email,2023-11-30,2025-09-05,339.0,1695.0,18559.51,True,645,5.0,54.747817109144535,10.949563421828907,0.09132784216824691,> 12 Months,2023-11
CP43415,Maybe Campaign,Google,2024-01-09,2025-02-20,3766.0,580.0,6435.15,False,408,0.15400955921402018,1.708749336165693,11.095086206896552,0.09012998919994096,> 12 Months,2024-01
CP61721,Small Campaign,LinkedIn,2024-02-16,2025-08-08,17286.0,268.0,32632.87,False,539,0.015503875968992248,1.8878207798218212,121.76444029850745,0.008212578299119875,> 12 Months,2024-02
CP34990,North Campaign,Google,2024-06-21,2025-08-06,4314.0,188.0,22805.68,False,411,0.04357904496986555,5.286434863235976,121.3068085106383,0.008243560376186985,> 12 Months,2024-06
CP75285,Police Campaign,Google,2024-03-22,2024-11-07,1408.0,1684.0,23848.2,True,230,1.1960227272727273,16.937642045454545,14.161638954869359,0.07061329576236361,6–12 Months,2024-03
CP21505,Something Campaign,Email,2024-04-04,2025-03-23,10866.0,2000.0,45885.28,False,353,0.18406037180195103,4.2228308485183135,22.94264,0.043586962965029306,6–12 Months,2024-04
CP56890,Care Campaign,Google,2024-10-05,2025-05-14,5032.0,1482.0,39592.2,False,221,0.29451510333863273,7.868084260731319,26.715384615384615,0.037431615318168736,6–12 Months,2024-10
CP83120,Discover Campaign,Twitter,2023-12-30,2025-02-18,15485.0,1596.0,1117.74,False,416,0.10306748466257669,0.07218211172102035,0.7003383458646617,1.427881260400451,> 12 Months,2023-12
CP87906,Us Campaign,LinkedIn,2024-08-17,2025-03-11,17875.0,1828.0,14393.88,False,206,0.10226573426573426,0.8052520279720279,7.874113785557986,0.12699841877242274,6–12 Months,2024-08
CP62517,Music Campaign,LinkedIn,2024-04-21,2025-05-26,4785.0,1530.0,16369.8,False,400,0.31974921630094044,3.421065830721003,10.69921568627451,0.09346479492724408,> 12 Months,2024-04
CP59969,Pay Campaign,Facebook,2024-10-02,2025-09-06,648.0,1000.0,13963.26,True,339,1.5432098765432098,21.54824074074074,13.96326,0.07161651362217705,6–12 Months,2024-10
CP84743,Social Campaign,Email,2024-03-26,2025-09-24,15475.0,953.0,47952.19,False,547,0.06158319870759289,3.0986875605815833,50.31709338929696,0.01987396196086143,> 12 Months,2024-03
CP53942,Religious Campaign,Facebook,2024-06-03,2025-05-01,7061.0,1456.0,25326.77,False,332,0.20620308738139073,3.5868531369494407,17.394759615384615,0.05748857829087562,6–12 Months,2024-06
CP73546,Military Campaign,Twitter,2023-10-25,2024-10-27,12679.0,1881.0,25172.05,False,368,0.14835554854483793,1.9853340168783027,13.382270069112174,0.07472573747469913,> 12 Months,2023-10
CP38849,Whatever Campaign,LinkedIn,2024-08-29,2025-01-20,5322.0,772.0,49293.66,False,144,0.14505824877865464,9.262243517474634,63.851891191709846,0.015661243251160493,3–6 Months,2024-08
CP85402,Player Campaign,Twitter,2024-10-18,2025-09-22,17599.0,1695.0,31210.75,False,339,0.09631229047104949,1.7734388317518042,18.413421828908554,0.054308211113158124,6–12 Months,2024-10
CP74546,Loss Campaign,Facebook,2024-03-25,2025-08-28,5713.0,956.0,23866.07,False,521,0.16733765097146858,4.177502187992298,24.964508368200836,0.040056867343471296,> 12 Months,2024-03
CP39580,Sister Campaign,Google,2023-12-03,2024-12-17,3044.0,211.0,2898.96,False,380,0.06931668856767412,0.9523521681997372,13.73914691943128,0.07278472279714104,> 12 Months,2023-12
CP68099,Use Campaign,Twitter,2023-12-19,2025-02-06,3754.0,1336.0,15172.53,False,415,0.3558870538092701,4.041696856686202,11.356684131736527,0.08805387104194225,> 12 Months,2023-12
CP94102,Exist Campaign,Instagram,2024-09-27,2024-11-20,5053.0,1655.0,27701.04,False,54,0.3275282010686721,5.48209776370473,16.737788519637462,0.05974504928334821,1–3 Months,2024-09
CP80439,Exist Campaign,Email,2024-06-09,2025-05-31,19711.0,261.0,10033.51,False,356,0.013241337324336664,0.5090309979199432,38.44256704980843,0.026012831003307913,6–12 Months,2024-06
CP16219,Series Campaign,Instagram,2023-12-22,2024-10-29,13607.0,169.0,10684.67,False,312,0.012420077901080327,0.7852333357830529,63.22289940828402,0.015817053778918767,6–12 Months,2023-12
CP14383,Whether Campaign,Facebook,2024-03-07,2025-01-25,4979.0,1675.0,45199.38,False,324,0.33641293432416147,9.078003615183771,26.98470447761194,0.03705803044201049,6–12 Months,2024-03
CP81697,Reduce Campaign,LinkedIn,2024-07-25,2025-09-03,10900.0,1800.0,24419.2,False,405,0.1651376146788991,2.2402935779816513,13.566222222222223,0.0737124885336129,> 12 Months,2024-07
CP19551,Environment Campaign,Email,2024-09-01,2025-07-03,5767.0,856.0,14630.51,False,305,0.1484307265475984,2.5369360152592337,17.091717289719625,0.058507871564285864,6–12 Months,2024-09
CP11487,Sea Campaign,Google,2024-10-11,2025-02-08,5379.0,103.0,1644.5,False,120,0.01914854062093326,0.3057259713701431,15.966019417475728,0.06263301915475829,3–6 Months,2024-10
CP50864,Trade Campaign,LinkedIn,2024-05-03,2025-10-17,8487.0,1493.0,8023.02,False,532,0.17591610698715682,0.9453305054789679,5.373757535164099,0.1860895273849498,> 12 Months,2024-05
CP64854,Office Campaign,Facebook,2023-12-11,2025-08-11,1322.0,352.0,22601.74,False,609,0.26626323751891073,17.09662632375189,64.20948863636364,0.015574022177053623,> 12 Months,2023-12
CP53398,Arm Campaign,Facebook,2024-04-27,2024-11-13,3913.0,1111.0,31779.84,False,200,0.28392537694863274,8.121604906721187,28.604716471647166,0.03495926977605929,6–12 Months,2024-04
CP40677,Cost Campaign,Google,2024-05-15,2025-04-06,2176.0,393.0,48011.34,False,326,0.18060661764705882,22.064034926470587,122.16625954198473,0.008185566159994702,6–12 Months,2024-05
CP65397,Crime Campaign,Twitter,2024-10-04,2025-07-12,15686.0,974.0,20888.76,False,281,0.06209358663776616,1.3316817544307025,21.44636550308008,0.04662794727882364,6–12 Months,2024-10
CP10159,Senior Campaign,Twitter,2023-12-09,2025-02-15,9321.0,1873.0,1616.22,False,434,0.2009441047097951,0.1733955584164789,0.8629044313934864,1.1588768855725087,> 12 Months,2023-12
CP34057,Executive Campaign,Email,2024-06-04,2025-06-30,5211.0,1822.0,46003.0,False,391,0.3496449817693341,8.82805603530992,25.248627881448957,0.03960611264482751,> 12 Months,2024-06
CP59093,Financial Campaign,Facebook,2024-02-02,2025-08-10,6558.0,1313.0,24247.66,False,555,0.20021347971942666,3.6974168953949373,18.467372429550647,0.05414955504984811,> 12 Months,2024-02
CP32930,Design Campaign,Email,2024-04-13,2025-01-01,8461.0,409.0,46280.18,False,263,0.048339439782531614,5.469823897884411,113.15447432762836,0.008837476431595555,6–12 Months,2024-04
CP35726,Range Campaign,Facebook,2023-12-13,2025-03-07,11249.0,1703.0,20500.09,False,450,0.15139123477642458,1.8223922126411236,12.03763358778626,0.08307280602182722,> 12 Months,2023-12
CP26878,Improve Campaign,Twitter,2024-01-13,2024-11-16,18410.0,1879.0,45592.91,False,308,0.10206409560021727,2.4765296034763717,24.26445449707291,0.041212548179091875,6–12 Months,2024-01
CP27871,Fish Campaign,LinkedIn,2024-09-24,2025-07-26,13826.0,75.0,443.47,False,305,0.005424562418631563,0.03207507594387386,5.912933333333334,0.1691207973481859,6–12 Months,2024-09
CP62478,Of Campaign,Email,2024-05-23,2024-11-23,3374.0,1208.0,29366.53,False,184,0.35803200948429165,8.70377296976882,24.310041390728475,0.04113526521519567,6–12 Months,2024-05
CP67365,Director Campaign,Facebook,2023-11-11,2025-04-04,1658.0,393.0,43077.6,False,510,0.23703256936067552,25.981664656212303,109.61221374045802,0.009123070923171208,> 12 Months,2023-11
CP43438,Former Campaign,Instagram,2024-06-29,2025-03-08,4038.0,1648.0,27080.93,False,252,0.408122833085686,6.706520554730065,16.432603155339805,0.06085463091555571,6–12 Months,2024-06
CP32387,Which Campaign,Twitter,2024-08-01,2025-05-03,15181.0,1149.0,26623.09,False,275,0.07568671365522693,1.7537112179698306,23.170661444734552,0.04315802560859765,6–12 Months,2024-08
CP90869,Yourself Campaign,LinkedIn,2024-06-05,2025-08-14,1136.0,1819.0,22597.55,True,435,1.6012323943661972,19.892209507042253,12.42306212204508,0.08049545194058648,> 12 Months,2024-06
CP23145,Inside Campaign,Facebook,2024-06-19,2025-05-11,8319.0,1070.0,23182.61,False,326,0.12862122851304245,2.7867063348960213,21.665990654205608,0.04615528622532148,6–12 Months,2024-06
CP92190,Hand Campaign,Facebook,2023-11-02,2024-12-05,5093.0,1394.0,16722.87,False,399,0.2737090123699195,3.283500883565678,11.99631994261119,0.08335889712710798,> 12 Months,2023-11
CP88003,Throw Campaign,Email,2023-12-24,2025-04-23,13724.0,1429.0,12343.75,False,486,0.10412416205187992,0.899428009326727,8.638033589923023,0.11576708860759494,> 12 Months,2023-12
CP52118,Like Campaign,Google,2024-09-29,2025-07-16,14304.0,1701.0,26346.16,False,290,0.11891778523489933,1.8418736017897093,15.488630217519106,0.06456348856911216,6–12 Months,2024-09
CP92741,Local Campaign,Twitter,2023-12-31,2025-04-30,18262.0,1826.0,24995.08,False,486,0.09998904829701019,1.368693461833315,13.68843373493976,0.07305437710141355,> 12 Months,2023-12
CP44671,Toward Campaign,Google,2024-02-18,2025-07-26,7050.0,1687.0,48709.71,False,524,0.23929078014184396,6.909178723404255,28.87356846473029,0.03463375166881511,> 12 Months,2024-02
CP34318,With Campaign,Facebook,2023-10-27,2025-09-26,11806.0,1427.0,19478.36,False,700,0.12087074368964933,1.6498695578519398,13.649866853538894,0.07326078786920459,> 12 Months,2023-10
CP46824,Call Campaign,Facebook,2024-06-11,2025-07-16,1082.0,1148.0,3917.69,True,400,1.0609981515711646,3.6207855822550834,3.412621951219512,0.2930298211446031,> 12 Months,2024-06
CP84165,Shake Campaign,Facebook,2024-06-21,2025-09-03,18144.0,1640.0,26630.57,False,439,0.09038800705467372,1.467734237213404,16.23815243902439,0.061583360776731405,> 12 Months,2024-06
CP59962,Different Campaign,Twitter,2024-09-26,2025-04-21,4576.0,555.0,26032.04,False,207,0.12128496503496504,5.68881993006993,46.90457657657658,0.021319881192561167,6–12 Months,2024-09
CP28809,Argue Campaign,Google,2024-10-21,2025-03-05,3157.0,998.0,14243.45,False,135,0.31612290148875516,4.511704149509028,14.271993987975952,0.07006729408956397,3–6 Months,2024-10
CP64001,Tend Campaign,Facebook,2024-03-11,2025-05-16,2722.0,1532.0,9806.11,False,431,0.5628214548126378,3.6025385745775167,6.4008550913838125,0.15622912653437498,> 12 Months,2024-03
CP39243,Exactly Campaign,Google,2023-12-20,2025-06-27,18704.0,1103.0,3603.94,False,555,0.058971343028229255,0.1926828485885372,3.26739800543971,0.30605392986564706,> 12 Months,2023-12
CP40670,Catch Campaign,Google,2023-12-28,2025-08-27,9553.0,1724.0,28898.97,False,608,0.18046686904637288,3.0251198576363447,16.76274361948956,0.059656105390607346,> 12 Months,2023-12
CP54708,Forget Campaign,LinkedIn,2024-07-20,2024-12-01,3361.0,1961.0,40854.66,False,134,0.5834573043736982,12.155507289497175,20.83358490566038,0.047999420384357616,3–6 Months,2024-07
CP30970,Admit Campaign,Google,2024-04-27,2025-03-25,3787.0,1956.0,2267.92,False,332,0.516503828888302,0.5988698177977291,1.1594683026584867,0.8624642844544781,6–12 Months,2024-04
CP31388,Meet Campaign,Email,2023-11-13,2025-03-31,3002.0,1067.0,3415.46,False,504,0.3554297135243171,1.137728181212525,3.2009934395501407,0.3124030145280577,> 12 Months,2023-11
CP49752,Minute Campaign,Google,2024-02-29,2024-12-20,3541.0,430.0,43455.63,False,295,0.12143462298785654,12.272134990115786,101.05960465116279,0.009895150524799664,6–12 Months,2024-02
CP29617,Dark Campaign,Twitter,2024-08-23,2025-06-02,5594.0,151.0,43633.8,False,283,0.026993207007508044,7.800107257776189,288.9655629139073,0.0034606199780903794,6–12 Months,2024-08
CP75238,Action Campaign,Facebook,2024-01-17,2025-07-28,12737.0,1315.0,45407.62,False,558,0.10324252178691999,3.565016879956034,34.53050950570342,0.028959897039307497,> 12 Months,2024-01
CP54441,Democratic Campaign,Google,2024-10-13,2025-03-09,13476.0,254.0,27494.91,False,147,0.018848322944493914,2.040287177203918,108.24767716535433,0.009238073519789662,3–6 Months,2024-10
CP16976,Pull Campaign,Google,2024-02-15,2025-06-07,10973.0,880.0,9015.77,False,478,0.08019684680579604,0.8216321880980589,10.245193181818182,0.09760674906303066,> 12 Months,2024-02
CP78021,Defense Campaign,Email,2024-07-25,2025-06-02,17997.0,1628.0,49696.52,False,312,0.09045952103128299,2.761378007445685,30.526117936117934,0.03275883301285482,6–12 Months,2024-07
CP24870,Tough Campaign,Google,2024-09-11,2024-11-22,4498.0,45.0,2210.28,False,72,0.010004446420631391,0.4913917296576257,49.117333333333335,0.020359411477278894,1–3 Months,2024-09
CP80679,Smile Campaign,Google,2024-01-31,2025-05-02,11868.0,1034.0,5004.95,False,457,0.08712504213009774,0.42171806538591167,4.8403771760154735,0.20659547048422064,> 12 Months,2024-01
CP64126,Theory Campaign,Facebook,2024-02-29,2025-05-05,7798.0,793.0,42791.76,False,431,0.10169274172864837,5.487530135932291,53.961866330390926,0.018531605150150402,> 12 Months,2024-02
CP39588,While Campaign,Instagram,2024-09-09,2025-04-20,1370.0,145.0,4730.87,False,223,0.10583941605839416,3.453189781021898,32.62668965517241,0.030649753639394022,6–12 Months,2024-09
CP16130,Care Campaign,Google,2024-01-10,2024-11-18,511.0,1773.0,18707.82,True,313,3.4696673189823874,36.610215264187865,10.55150592216582,0.09477320179475748,6–12 Months,2024-01
CP53780,Including Campaign,Google,2024-01-28,2024-10-23,8168.0,1987.0,32750.04,False,269,0.24326640548481882,4.009554358472086,16.482154001006542,0.06067168162237359,6–12 Months,2024-01
CP33646,Manager Campaign,Facebook,2023-12-11,2025-09-16,10678.0,1566.0,39866.29,False,645,0.14665667728038959,3.733497846038584,25.457401021711366,0.039281307590949645,> 12 Months,2023-12
CP66866,Simple Campaign,Facebook,2024-08-13,2025-01-02,11910.0,1881.0,880.67,False,142,0.1579345088161209,0.07394374475230898,0.46819245082402977,2.1358738233390486,3–6 Months,2024-08
CP60817,Just Campaign,Facebook,2024-03-16,2025-09-24,13891.0,1869.0,27594.73,False,557,0.13454754877258657,1.986518609171406,14.764435527019797,0.06773032386981137,> 12 Months,2024-03
CP36321,Body Campaign,Email,2024-02-13,2025-10-17,12747.0,1769.0,29017.67,False,612,0.138777751627834,2.276431317172668,16.40343131712832,0.06096285470197987,> 12 Months,2024-02
CP26282,Ok Campaign,Facebook,2024-04-02,2025-04-23,4044.0,338.0,9644.71,False,386,0.08358061325420375,2.3849431256181997,28.5346449704142,0.035045117997327034,> 12 Months,2024-04
CP54730,Someone Campaign,LinkedIn,2024-01-25,2024-12-11,8893.0,1790.0,8327.9,False,321,0.20128190711795793,0.9364556392668391,4.652458100558659,0.2149401409719137,6–12 Months,2024-01
CP91159,Within Campaign,Twitter,2024-02-22,2025-02-08,2035.0,1341.0,10380.49,False,352,0.658968058968059,5.100977886977887,7.740857568978374,0.12918465313294458,6–12 Months,2024-02
CP55692,Test Campaign,Twitter,2024-05-13,2024-11-20,9801.0,1757.0,26529.05,False,191,0.17926742169166412,2.706769717375778,15.099060899260103,0.06622928450132967,6–12 Months,2024-05
CP27512,Sport Campaign,LinkedIn,2023-12-06,2025-01-20,16990.0,1349.0,40302.98,False,411,0.07939964685108887,2.372158917010006,29.87618977020015,0.0334714703478502,> 12 Months,2023-12
CP33490,Participant Campaign,Facebook,2024-01-09,2025-10-08,18272.0,1790.0,30730.0,False,638,0.09796409807355516,1.68180823117338,17.16759776536313,0.05824926781646599,> 12 Months,2024-01
CP42474,Traditional Campaign,Facebook,2024-09-30,2024-12-24,1408.0,492.0,12153.5,False,85,0.3494318181818182,8.631747159090908,24.702235772357724,0.040482165631299624,1–3 Months,2024-09
CP90739,Country Campaign,Google,2024-05-04,2024-11-16,9531.0,1805.0,7139.78,False,196,0.189382016577484,0.7491113209526807,3.955556786703601,0.2528089100784618,6–12 Months,2024-05
CP20555,Author Campaign,Twitter,2024-05-24,2025-08-19,11587.0,1962.0,27123.04,False,452,0.1693276948304134,2.3408164322085097,13.824179408766565,0.07233702416838231,> 12 Months,2024-05
CP90330,Sea Campaign,Facebook,2024-06-24,2025-02-07,8329.0,853.0,38040.68,False,228,0.10241325489254412,4.567256573418177,44.596342321219225,0.02242336362020868,6–12 Months,2024-06
CP54587,Next Campaign,Google,2024-01-08,2025-05-20,8303.0,673.0,9100.83,False,498,0.08105504034686258,1.0960893652896544,13.522778603268945,0.07394929912985959,> 12 Months,2024-01
CP19516,Necessary Campaign,Google,2023-10-31,2025-09-12,2550.0,688.0,44751.35,False,682,0.2698039215686274,17.54954901960784,65.04556686046512,0.015373837884220254,> 12 Months,2023-10
CP35600,High Campaign,LinkedIn,2024-08-15,2024-12-28,1172.0,888.0,19305.12,False,135,0.757679180887372,16.471945392491467,21.74,0.045998160073597055,3–6 Months,2024-08
CP51136,Fall Campaign,LinkedIn,2023-12-19,2025-05-31,14846.0,1282.0,43218.07,False,529,0.08635322645830527,2.9110918765997575,33.711443057722306,0.02966351806084816,> 12 Months,2023-12
CP15298,Style Campaign,Facebook,2024-07-04,2025-04-06,1052.0,868.0,5221.32,False,276,0.8250950570342205,4.963231939163498,6.015345622119815,0.1662414868270859,6–12 Months,2024-07
CP73139,Member Campaign,Google,2024-10-14,2025-04-28,17069.0,1703.0,12560.3,False,196,0.09977151561309977,0.7358544730212666,7.3753963593658245,0.13558593345700343,6–12 Months,2024-10
CP34476,Ten Campaign,Google,2024-07-31,2025-01-28,9637.0,735.0,49180.04,False,181,0.07626854830341392,5.103252049392965,66.91161904761906,0.014945087478578707,6–12 Months,2024-07
CP58283,Large Campaign,Facebook,2024-06-01,2024-11-22,17178.0,371.0,40158.69,False,174,0.021597392013039934,2.337797764582606,108.24444743935311,0.009238349159297776,3–6 Months,2024-06
CP91878,Particular Campaign,Facebook,2024-06-16,2025-05-18,5287.0,1503.0,3188.07,False,336,0.28428220162663137,0.6030017022886325,2.1211377245508984,0.47144510628687575,6–12 Months,2024-06
CP54249,Adult Campaign,Facebook,2024-01-17,2025-08-16,3883.0,2000.0,23848.18,False,577,0.5150656708730363,6.141689415400464,11.92409,0.08386384202064895,> 12 Months,2024-01
CP86519,Prevent Campaign,LinkedIn,2024-10-13,2025-08-03,4513.0,1471.0,18694.29,False,294,0.32594726346111236,4.142319964546865,12.708558803535011,0.07868712852962054,6–12 Months,2024-10
CP73144,Hospital Campaign,Google,2024-03-10,2025-09-30,16498.0,1160.0,42350.56,False,569,0.07031155291550491,2.567011759001091,36.50910344827586,0.027390428839665876,> 12 Months,2024-03
CP64838,Over Campaign,LinkedIn,2024-05-05,2025-01-21,19055.0,1955.0,48653.72,False,261,0.1025977433744424,2.5533308842823406,24.886813299232738,0.04018192236893705,6–12 Months,2024-05
CP63048,Reach Campaign,Google,2023-12-23,2025-04-24,5684.0,1202.0,9117.62,False,488,0.21147079521463757,1.6040851513019,7.585374376039934,0.13183264930979793,> 12 Months,2023-12
CP30738,Little Campaign,Google,2024-03-29,2025-01-14,1119.0,832.0,22308.13,False,291,0.743521000893655,19.935773011617517,26.81265625,0.03729581995442917,6–12 Months,2024-03
CP85631,Movement Campaign,Email,2023-12-28,2025-09-28,9607.0,153.0,28824.89,False,640,0.015925887373789943,3.000404913084209,188.39797385620915,0.005307912710161253,> 12 Months,2023-12
CP87644,Will Campaign,Instagram,2024-01-28,2025-06-21,13598.0,1426.0,18251.06,False,510,0.10486836299455803,1.342187086336226,12.798779803646564,0.07813244819752935,> 12 Months,2024-01
CP24829,Present Campaign,Instagram,2024-08-12,2025-07-04,6835.0,1408.0,44326.33,False,326,0.2059985369422092,6.485198244330651,31.48176846590909,0.03176441631869816,6–12 Months,2024-08
CP30025,Crime Campaign,Twitter,2024-02-09,2024-12-03,1203.0,1312.0,42156.56,True,298,1.090606816292602,35.04285951787198,32.131524390243904,0.031122083965105313,6–12 Months,2024-02
CP86669,Nothing Campaign,Facebook,2024-03-07,2025-05-16,10877.0,196.0,23836.92,False,435,0.018019674542612853,2.191497655603567,121.61693877551019,0.008222538817934532,> 12 Months,2024-03
CP44500,Ok Campaign,Instagram,2023-11-30,2025-01-08,17284.0,248.0,20669.16,False,405,0.014348530432770193,1.195855126128211,83.3433870967742,0.011998552432706505,> 12 Months,2023-11
CP31065,Bit Campaign,Email,2024-05-27,2024-10-30,6453.0,705.0,48029.32,False,156,0.10925151092515109,7.442944366961103,68.126695035461,0.014678533862232486,3–6 Months,2024-05
CP87740,Policy Campaign,Email,2024-08-01,2025-03-11,19675.0,223.0,40991.94,False,222,0.01133418043202033,2.083453113087675,183.82035874439464,0.0054400938330803564,6–12 Months,2024-08
CP82864,Too Campaign,Google,2024-02-12,2025-06-10,5673.0,1644.0,6045.06,False,484,0.2897937599153887,1.0655843469063988,3.6770437956204383,0.2719575984357475,> 12 Months,2024-02
CP18174,Grow Campaign,Instagram,2024-06-11,2025-01-15,18503.0,1527.0,37770.19,False,218,0.08252715775820137,2.0413008701291684,24.73489849377865,0.04042870846029633,6–12 Months,2024-06
CP45512,Exactly Campaign,LinkedIn,2024-05-03,2024-12-13,7000.0,637.0,20232.45,False,224,0.091,2.89035,31.762087912087914,0.03148407632293667,6–12 Months,2024-05
CP45485,Tree Campaign,LinkedIn,2024-02-03,2025-02-08,2969.0,832.0,2295.99,False,371,0.28022903334456045,0.7733209834961265,2.7596033653846153,0.36237091624963524,> 12 Months,2024-02
CP18470,Policy Campaign,Twitter,2024-01-31,2025-02-28,343.0,285.0,11622.99,False,394,0.8309037900874635,33.88626822157434,40.78242105263158,0.024520368683101337,> 12 Months,2024-01
CP44113,Participant Campaign,Google,2024-02-18,2025-09-02,15660.0,1371.0,22590.93,False,562,0.08754789272030651,1.442588122605364,16.477702407002187,0.06068807260258874,> 12 Months,2024-02
CP12923,Where Campaign,Instagram,2024-03-04,2025-07-23,19400.0,229.0,49657.92,False,506,0.011804123711340207,2.5596865979381445,216.84681222707422,0.004611550383101024,> 12 Months,2024-03
CP96765,Employee Campaign,Google,2024-01-08,2024-12-15,14845.0,47.0,19232.17,False,342,0.003166049174806332,1.2955318288986188,409.1951063829787,0.0024438219920061024,6–12 Months,2024-01
CP72486,Network Campaign,Email,2024-08-21,2025-07-20,3048.0,1430.0,35666.67,False,333,0.46916010498687666,11.701663385826771,24.94172727272727,0.04009345419687344,6–12 Months,2024-08
CP29860,Campaign Campaign,LinkedIn,2024-01-12,2025-01-21,4754.0,1815.0,23928.65,False,375,0.38178376104333195,5.033371897349601,13.18382920110193,0.07585049720732259,> 12 Months,2024-01
CP25294,Down Campaign,Google,2024-05-16,2025-03-10,15079.0,1220.0,23903.58,False,298,0.08090722196432124,1.5852231580343525,19.593098360655738,0.0510383800250841,6–12 Months,2024-05
CP63368,Particularly Campaign,Twitter,2024-02-20,2025-07-09,13514.0,99.0,12595.75,False,505,0.007325736273494155,0.9320519461299394,127.22979797979798,0.007859793978127543,> 12 Months,2024-02
CP50283,Wait Campaign,Email,2024-06-28,2025-05-08,17614.0,1763.0,46123.68,False,314,0.10009083683433632,2.618580674463495,26.16204197390811,0.038223316092731545,6–12 Months,2024-06
CP64298,Sit Campaign,Facebook,2024-03-03,2025-08-02,8310.0,41.0,40148.92,False,517,0.0049338146811070994,4.831398315282792,979.2419512195122,0.001021198079549836,> 12 Months,2024-03
CP12025,Second Campaign,Facebook,2024-06-10,2024-10-31,12536.0,837.0,18455.1,False,143,0.06676770899808551,1.4721681557115507,22.049103942652327,0.045353316969293046,3–6 Months,2024-06
CP15734,Manager Campaign,LinkedIn,2024-08-20,2024-12-15,17277.0,1753.0,36717.09,False,117,0.10146437460207212,2.1252005556520226,20.94528807758129,0.04774343500533403,3–6 Months,2024-08
CP77099,Face Campaign,Google,2023-11-18,2025-03-25,6293.0,629.0,13854.69,False,493,0.0999523279834737,2.2016033688225014,22.026534181240063,0.04539978880797766,> 12 Months,2023-11
CP16330,However Campaign,Instagram,2023-12-17,2025-01-23,3913.0,750.0,48651.13,False,403,0.19166879631995912,12.43320470227447,64.86817333333333,0.01541588037112396,> 12 Months,2023-12
CP26356,Itself Campaign,Google,2024-09-05,2025-02-04,11355.0,410.0,49317.92,False,152,0.0361074416556583,4.343277851166887,120.28760975609755,0.008313408189153153,3–6 Months,2024-09
CP99044,Hotel Campaign,Instagram,2024-10-03,2025-03-25,16448.0,798.0,11454.91,False,173,0.048516536964980546,0.6964317850194552,14.35452380952381,0.06966444956791455,3–6 Months,2024-10
CP65930,Laugh Campaign,Facebook,2024-03-06,2024-10-22,13630.0,213.0,38188.14,False,230,0.01562729273661042,2.8017710931768156,179.28704225352112,0.005577647929435684,6–12 Months,2024-03
CP40917,Movie Campaign,Google,2024-08-08,2024-12-25,15991.0,1330.0,48206.17,False,139,0.08317178412857232,3.0145813269964354,36.24524060150376,0.027589829268742986,3–6 Months,2024-08
CP22313,West Campaign,Facebook,2024-07-05,2025-07-28,1050.0,612.0,16161.28,False,388,0.5828571428571429,15.391695238095238,26.40732026143791,0.03786828766038333,> 12 Months,2024-07
CP47173,Front Campaign,Facebook,2024-02-29,2025-03-25,4277.0,1963.0,36915.7,False,390,0.45896656534954405,8.63121346738368,18.805756495160466,0.05317520729662448,> 12 Months,2024-02
CP26764,Direction Campaign,Twitter,2024-03-28,2024-12-10,17716.0,487.0,21030.04,False,257,0.027489275231429217,1.1870648001806277,43.18283367556468,0.023157350152448592,6–12 Months,2024-03
CP72910,Water Campaign,Facebook,2024-02-21,2024-12-11,16816.0,85.0,39425.94,False,294,0.005054709800190295,2.3445492388201714,463.8345882352941,0.0021559409870760215,6–12 Months,2024-02
CP57514,Plan Campaign,Google,2024-03-31,2025-07-23,7152.0,931.0,39867.76,False,479,0.13017337807606263,5.574351230425056,42.8225134264232,0.023352202381071822,> 12 Months,2024-03
CP75199,Adult Campaign,Facebook,2024-05-30,2025-01-03,8873.0,451.0,22707.98,False,218,0.05082835568578835,2.5592223599684436,50.35028824833703,0.019860859486400817,6–12 Months,2024-05
CP85666,Piece Campaign,Google,2024-01-21,2025-08-16,12823.0,1268.0,1920.49,False,573,0.09888481634562894,0.14976916478203228,1.5145820189274448,0.6602481658326781,> 12 Months,2024-01
CP63051,Tv Campaign,Google,2024-04-03,2025-04-14,13726.0,304.0,27668.2,False,376,0.02214774879790179,2.015751129243771,91.01381578947368,0.010987342870154184,> 12 Months,2024-04
CP50961,Unit Campaign,Google,2024-09-15,2024-12-26,6999.0,594.0,249.98,False,102,0.0848692670381483,0.035716530932990424,0.42084175084175085,2.3761900952076167,3–6 Months,2024-09
CP70182,Seat Campaign,Google,2023-11-26,2025-07-11,2747.0,1580.0,40590.65,False,593,0.5751729159082636,14.776356024754278,25.690284810126585,0.038925220463333306,> 12 Months,2023-11
CP19448,Remember Campaign,Email,2024-08-16,2025-07-09,15247.0,1591.0,9440.4,False,327,0.10434839640585034,0.6191644257886797,5.93362664990572,0.16853099444938774,6–12 Months,2024-08
CP61247,Evidence Campaign,Email,2024-03-09,2025-03-28,9626.0,483.0,40397.48,False,384,0.050176605028049034,4.196704757947226,83.63867494824017,0.01195619132678573,> 12 Months,2024-03
CP56458,Enough Campaign,Twitter,2023-12-16,2025-06-29,780.0,78.0,46172.17,False,561,0.1,59.19508974358974,591.9508974358974,0.0016893293081091923,> 12 Months,2023-12
CP87457,Research Campaign,Facebook,2023-11-28,2025-06-21,17022.0,1873.0,6378.5,False,571,0.11003407355187404,0.3747209493596522,3.4054991991457553,0.29364270596535236,> 12 Months,2023-11
CP99881,Attention Campaign,Facebook,2024-01-19,2024-12-10,2994.0,1127.0,40682.72,False,326,0.37641950567802274,13.58808283233133,36.09824312333629,0.027702179205323536,6–12 Months,2024-01
CP35609,On Campaign,Google,2024-03-18,2025-05-09,4950.0,784.0,9262.01,False,417,0.15838383838383838,1.8711131313131313,11.813788265306123,0.08464685311287723,> 12 Months,2024-03
CP81415,Three Campaign,Google,2024-01-12,2025-03-05,4029.0,1853.0,9243.03,False,418,0.459915611814346,2.294125093075205,4.988143550998381,0.20047538523622663,> 12 Months,2024-01
CP11224,Thought Campaign,Email,2024-02-06,2025-09-02,5694.0,352.0,13111.8,False,574,0.061819459079733054,2.302739726027397,37.24943181818182,0.02684604707210299,> 12 Months,2024-02
CP46351,Just Campaign,Google,2023-10-27,2025-08-21,14831.0,1641.0,2591.65,False,664,0.11064661856921314,0.17474546557885512,1.5793113954905547,0.6331873516871491,> 12 Months,2023-10
CP31342,Stay Campaign,LinkedIn,2023-10-30,2025-04-11,6747.0,1766.0,36019.28,False,529,0.2617459611679265,5.33856232399585,20.395968289920724,0.04902929764281796,> 12 Months,2023-10
CP31098,Sort Campaign,Instagram,2023-12-31,2025-01-06,4245.0,964.0,2749.34,False,372,0.2270906949352179,0.6476654888103651,2.8520124481327804,0.3506296056508107,> 12 Months,2023-12
CP23442,Five Campaign,Twitter,2024-09-12,2025-03-08,722.0,868.0,24623.79,True,177,1.2022160664819945,34.10497229916898,28.368421658986176,0.0352504630684391,3–6 Months,2024-09
CP46863,Born Campaign,Facebook,2024-04-21,2025-01-24,7747.0,141.0,1580.46,False,278,0.018200593778236736,0.20400929392022718,11.208936170212766,0.08921453247788619,6–12 Months,2024-04
CP47824,Know Campaign,Facebook,2024-06-01,2025-03-31,6638.0,862.0,11256.54,False,303,0.1298583910816511,1.6957728231395,13.05863109048724,0.07657770504968667,6–12 Months,2024-06
CP35800,How Campaign,Google,2023-11-27,2025-07-27,19325.0,1102.0,13924.23,False,608,0.05702457956015524,0.7205293661060802,12.635417422867514,0.07914261686283551,> 12 Months,2023-11
CP94851,Property Campaign,Email,2024-09-03,2025-01-19,3993.0,1910.0,17442.54,False,138,0.47833708990733786,4.3682794891059356,9.132219895287959,0.10950240045314501,3–6 Months,2024-09
CP57085,Source Campaign,Twitter,2024-06-06,2025-04-06,6342.0,431.0,3853.21,False,304,0.06795963418479975,0.6075701671397036,8.94016241299304,0.11185479120006436,6–12 Months,2024-06
CP12458,Some Campaign,Instagram,2024-04-19,2025-04-06,12486.0,910.0,3215.94,False,352,0.07288162742271344,0.2575636713118693,3.5340000000000003,0.2829654782116582,6–12 Months,2024-04
CP97981,Agent Campaign,Google,2024-10-02,2025-10-03,18829.0,1777.0,6437.5,False,366,0.09437569706304105,0.34189282489776407,3.6226786719189645,0.2760388349514563,> 12 Months,2024-10
CP33622,Magazine Campaign,Google,2024-05-27,2025-01-30,3298.0,581.0,14778.54,False,248,0.17616737416616132,4.481061249241965,25.436385542168676,0.03931376171123805,6–12 Months,2024-05
CP90206,Many Campaign,Twitter,2024-08-22,2025-09-22,2131.0,1064.0,48394.46,False,396,0.4992961051149695,22.709741905208823,45.48351503759398,0.021985987652305656,> 12 Months,2024-08
CP42115,Project Campaign,Facebook,2023-11-02,2025-01-15,5602.0,633.0,11231.71,False,440,0.11299535880042842,2.0049464476972507,17.743617693522907,0.056358292726575034,> 12 Months,2023-11
CP66027,A Campaign,Google,2023-11-09,2025-09-15,18877.0,1957.0,10025.09,False,676,0.10367113418445728,0.5310743232505165,5.122682677567706,0.1952102175641316,> 12 Months,2023-11
CP98669,Choice Campaign,Facebook,2024-08-05,2025-07-08,14140.0,773.0,40535.32,False,337,0.05466760961810467,2.866712871287129,52.43896507115136,0.019069789013630583,6–12 Months,2024-08
CP95641,Support Campaign,Google,2024-05-04,2025-10-09,15550.0,329.0,42647.08,False,523,0.021157556270096464,2.742577491961415,129.6263829787234,0.007714478927982877,> 12 Months,2024-05
CP62463,Doctor Campaign,Google,2024-02-29,2025-10-03,17716.0,652.0,22023.58,False,582,0.03680289004289907,1.2431463084217658,33.77849693251534,0.029604632852606158,> 12 Months,2024-02
CP94085,Can Campaign,Google,2024-05-12,2025-08-27,11939.0,1462.0,36279.15,False,472,0.12245581707010637,3.0387092721333446,24.814740082079343,0.04029862882675035,> 12 Months,2024-05
CP36160,Degree Campaign,Facebook,2023-11-02,2025-04-18,15460.0,1259.0,14123.07,False,533,0.0814359637774903,0.9135232858990944,11.217688641779189,0.08914492387278404,> 12 Months,2023-11
CP49890,Couple Campaign,Instagram,2024-03-15,2025-07-28,17940.0,1492.0,32277.74,False,500,0.08316610925306578,1.7992051282051282,21.63387399463807,0.04622380625161489,> 12 Months,2024-03
CP31311,Hotel Campaign,Google,2023-11-04,2025-03-30,17973.0,569.0,429.92,False,512,0.03165859900962555,0.023920324931842207,0.7555711775043937,1.323502046892445,> 12 Months,2023-11
CP65977,Same Campaign,Instagram,2024-05-07,2025-05-13,18674.0,877.0,30684.39,False,371,0.046963692834957695,1.6431610795758809,34.987901938426454,0.028581307954956902,> 12 Months,2024-05
CP64592,Education Campaign,Google,2024-09-17,2025-06-11,13343.0,1457.0,36327.71,False,267,0.10919583302105973,2.7226043618376674,24.933225806451613,0.0401071248366605,6–12 Months,2024-09
CP41836,Day Campaign,Facebook,2024-03-11,2025-05-30,2734.0,350.0,38592.43,False,445,0.12801755669348938,14.115738844184346,110.26408571428571,0.009069136097415996,> 12 Months,2024-03
CP97901,Begin Campaign,Facebook,2023-10-30,2025-06-14,14894.0,425.0,17592.51,False,593,0.02853498052907211,1.1811810124882502,41.39414117647058,0.024158008152333012,> 12 Months,2023-10
CP89970,Officer Campaign,Google,2024-03-23,2025-10-04,7285.0,1771.0,46101.21,False,560,0.2431022649279341,6.328237474262182,26.031174477696215,0.03841547759809341,> 12 Months,2024-03
CP39964,Future Campaign,Email,2024-07-09,2025-01-31,9854.0,1713.0,15513.0,False,206,0.17383803531560788,1.5742845544956363,9.056042031523642,0.11042351576097467,6–12 Months,2024-07
CP84649,Understand Campaign,Twitter,2024-06-09,2025-09-01,2968.0,659.0,38762.82,False,449,0.22203504043126684,13.060249326145552,58.82066767830045,0.01700082708120823,> 12 Months,2024-06
CP98767,Social Campaign,Facebook,2024-03-14,2025-07-07,2399.0,1099.0,32710.54,False,480,0.45810754481033766,13.635072947061277,29.763912647861694,0.03359773332999088,> 12 Months,2024-03
CP96353,Push Campaign,Facebook,2023-12-17,2025-04-08,6748.0,1602.0,37914.41,False,478,0.23740367516301125,5.618614404267932,23.66692259675406,0.042253064204348684,> 12 Months,2023-12
CP46233,Whatever Campaign,Google,2023-11-26,2025-08-30,6373.0,617.0,38023.92,False,643,0.0968146869606151,5.966408284952141,61.62709886547812,0.016226627870035495,> 12 Months,2023-11
CP79430,Decide Campaign,Email,2024-01-03,2025-01-02,5492.0,1388.0,3570.73,False,365,0.25273124544792425,0.6501693372177713,2.57257204610951,0.3887160328560266,6–12 Months,2024-01
CP59652,Cell Campaign,Facebook,2024-07-07,2025-06-25,11309.0,1943.0,39029.32,False,353,0.17181006278185515,3.451173401715448,20.087143592382912,0.0497830861516419,6–12 Months,2024-07
CP92106,Worry Campaign,Email,2024-03-24,2025-03-25,6256.0,1167.0,18041.42,False,366,0.18654092071611253,2.8838586956521737,15.459657240788344,0.06468448714125608,> 12 Months,2024-03
CP61164,Believe Campaign,Instagram,2024-09-14,2024-11-21,11414.0,480.0,27165.73,False,68,0.04205361836341335,2.3800359207990187,56.59527083333333,0.01766932086860909,1–3 Months,2024-09
CP37311,Quickly Campaign,Facebook,2024-01-02,2025-06-02,12528.0,1002.0,42494.56,False,517,0.07998084291187739,3.391966794380587,42.409740518962074,0.023579488762796932,> 12 Months,2024-01
CP91593,Ask Campaign,Email,2024-03-04,2025-09-18,13041.0,250.0,17754.7,False,563,0.01917030902538149,1.361452342611763,71.0188,0.01408077861073406,> 12 Months,2024-03
CP96140,Soon Campaign,Instagram,2023-11-25,2025-09-03,12779.0,1844.0,4601.53,False,648,0.14429924094217075,0.36008529618906016,2.4954067245119305,0.4007362768470487,> 12 Months,2023-11
CP96787,Month Campaign,Twitter,2024-03-28,2025-05-28,9493.0,858.0,2731.47,False,426,0.09038238702201622,0.28773517328557885,3.183531468531468,0.3141165745917034,> 12 Months,2024-03
CP99856,Continue Campaign,Google,2024-05-31,2025-01-02,12759.0,1563.0,18507.18,False,216,0.1225017634610863,1.450519633200094,11.840806142034548,0.0844537093171407,6–12 Months,2024-05
CP80900,Somebody Campaign,Twitter,2024-08-27,2024-11-10,9246.0,421.0,12114.57,False,75,0.04553320354747999,1.3102498377676832,28.775700712589074,0.034751542976762695,1–3 Months,2024-08
CP33878,Night Campaign,Google,2023-12-26,2025-05-05,14300.0,1243.0,17520.93,False,496,0.08692307692307692,1.2252398601398602,14.095679806918746,0.07094372273617895,> 12 Months,2023-12
CP50714,Red Campaign,LinkedIn,2024-06-04,2025-01-29,16835.0,427.0,28565.03,False,239,0.025363825363825365,1.6967644787644787,66.89702576112411,0.014948347682463487,6–12 Months,2024-06
CP17038,Might Campaign,Instagram,2023-11-09,2025-03-11,1175.0,1932.0,42575.44,True,488,1.6442553191489362,36.2344170212766,22.036977225672878,0.04537827442300067,> 12 Months,2023-11
CP98230,Left Campaign,Google,2023-12-05,2025-06-02,7527.0,0.0,5552.54,False,545,0.0,0.7376830078384482,,0.0,> 12 Months,2023-12
CP27607,Position Campaign,Facebook,2024-08-21,2025-10-12,2669.0,1534.0,18225.53,False,417,0.5747470962907456,6.82859872611465,11.881049543676662,0.08416764834822363,> 12 Months,2024-08
CP38913,First Campaign,Google,2023-12-14,2025-04-08,8512.0,872.0,22292.1,False,481,0.10244360902255639,2.6189027255639097,25.56433486238532,0.03911699660417817,> 12 Months,2023-12
CP44340,Shake Campaign,Google,2024-01-14,2024-12-07,8691.0,584.0,28855.54,False,328,0.06719594983316074,3.320163387412266,49.41017123287671,0.02023874791461189,6–12 Months,2024-01
CP85844,Air Campaign,Facebook,2024-04-26,2025-08-07,13248.0,701.0,12784.16,False,468,0.05291364734299517,0.964987922705314,18.237032810271042,0.05483348143327368,> 12 Months,2024-04
CP47562,Pressure Campaign,Facebook,2024-06-09,2025-09-29,2716.0,1078.0,28791.26,False,477,0.39690721649484534,10.60061119293078,26.70803339517625,0.03744191813765706,> 12 Months,2024-06
CP92705,Cell Campaign,Instagram,2024-03-01,2025-09-13,19698.0,1197.0,17866.0,False,561,0.060767590618336885,0.9069956340745253,14.925647451963242,0.06699876861076906,> 12 Months,2024-03
CP46912,Group Campaign,Facebook,2024-02-17,2025-06-24,12979.0,390.0,20927.72,False,493,0.030048539949148623,1.6124293088835813,53.660820512820514,0.01863557043003251,> 12 Months,2024-02
CP57529,Set Campaign,Google,2024-02-06,2025-04-30,9870.0,384.0,44897.23,False,449,0.038905775075987845,4.548858156028369,116.91986979166667,0.008552866179049353,> 12 Months,2024-02
CP37934,Energy Campaign,Facebook,2023-12-15,2024-12-28,8839.0,1765.0,6650.16,False,379,0.19968322208394615,0.7523656522231021,3.767796033994334,0.26540714809869237,> 12 Months,2023-12
CP28108,Window Campaign,LinkedIn,2024-09-05,2025-07-27,10311.0,614.0,28540.02,False,325,0.05954805547473572,2.7679196974105325,46.48211726384365,0.021513649955395966,6–12 Months,2024-09
CP81792,World Campaign,Email,2024-02-12,2025-05-01,416.0,1647.0,27244.25,True,444,3.9591346153846154,65.49098557692308,16.541742562234365,0.06045312313607459,> 12 Months,2024-02
CP59729,Safe Campaign,Google,2023-11-09,2025-07-11,11581.0,1171.0,2221.57,False,610,0.10111389344616181,0.19182885761160523,1.8971562766865928,0.5271047052309853,> 12 Months,2023-11
CP34527,Often Campaign,Twitter,2024-04-26,2025-04-20,14901.0,133.0,12325.09,False,359,0.008925575464733911,0.8271317361250923,92.66984962406015,0.010790996252360022,6–12 Months,2024-04
CP65847,During Campaign,LinkedIn,2024-10-14,2025-09-01,18727.0,222.0,26780.52,False,322,0.011854541570993752,1.4300485929406739,120.63297297297298,0.008289607520690412,6–12 Months,2024-10
CP18456,Matter Campaign,Google,2024-10-05,2025-08-31,19732.0,312.0,40111.96,False,330,0.015811879181025744,2.0328380295965944,128.56397435897435,0.007778228737763002,6–12 Months,2024-10
CP24297,Draw Campaign,Twitter,2024-07-19,2024-12-14,3606.0,1895.0,25849.9,False,148,0.5255130338325014,7.168580144204105,13.641108179419525,0.07330782710958263,3–6 Months,2024-07
CP41016,Product Campaign,Facebook,2024-01-27,2025-07-02,19911.0,778.0,18201.44,False,522,0.039073878760484154,0.9141399226558183,23.395167095115678,0.04274387081461687,> 12 Months,2024-01
CP84230,Then Campaign,Google,2024-09-07,2024-11-17,14518.0,53.0,31254.61,False,71,0.0036506405841024935,2.152817881250861,589.7096226415094,0.0016957498429831632,1–3 Months,2024-09
CP92761,Citizen Campaign,Google,2024-06-26,2025-10-09,5348.0,767.0,30573.89,False,470,0.14341810022438295,5.716882946896035,39.86165580182529,0.025086765210445908,> 12 Months,2024-06
CP33024,Cell Campaign,Email,2024-08-06,2025-07-15,14153.0,1962.0,3785.87,False,343,0.1386278527520667,0.2674959372571186,1.929597349643221,0.5182428345400133,6–12 Months,2024-08
CP95912,Class Campaign,Email,2024-07-16,2024-10-28,1188.0,1839.0,11591.13,True,104,1.547979797979798,9.756843434343434,6.302952691680261,0.1586557997365227,3–6 Months,2024-07
CP35475,Radio Campaign,Google,2024-06-07,2025-06-24,8657.0,594.0,46110.86,False,382,0.06861499364675985,5.326424858496015,77.62771043771043,0.012881997863410051,> 12 Months,2024-06
CP78520,Marriage Campaign,Google,2024-06-19,2025-09-04,618.0,1525.0,14660.95,True,442,2.4676375404530746,23.72322006472492,9.613737704918034,0.10401781603511367,> 12 Months,2024-06
CP22112,Beat Campaign,Facebook,2024-09-26,2025-06-12,9130.0,792.0,22808.96,False,259,0.08674698795180723,2.4982431544359254,28.79919191919192,0.03472319649821824,6–12 Months,2024-09
CP84241,Kitchen Campaign,Email,2024-10-21,2024-12-16,8531.0,1187.0,39427.22,False,56,0.13913960848669557,4.621641073731099,33.2158550968829,0.03010610436140311,1–3 Months,2024-10
CP28863,Notice Campaign,Facebook,2024-02-04,2024-12-26,6919.0,239.0,35966.09,False,326,0.03454256395432866,5.1981630293395,150.4857322175732,0.006645148249364888,6–12 Months,2024-02
CP41654,Affect Campaign,Facebook,2024-01-24,2025-09-25,16945.0,1530.0,28620.98,False,610,0.0902921215697846,1.6890516376512246,18.706522875816994,0.05345728902364629,> 12 Months,2024-01
CP68972,Accept Campaign,Facebook,2024-08-04,2025-04-25,3907.0,988.0,3688.74,False,264,0.25287944714614796,0.9441361658561556,3.7335425101214574,0.26784213579704724,6–12 Months,2024-08
CP96679,When Campaign,Twitter,2023-12-12,2025-03-16,19191.0,7.0,10818.42,False,460,0.00036475431191704445,0.5637236204470846,1545.4885714285715,0.0006470445776740042,> 12 Months,2023-12
CP10147,Single Campaign,Google,2024-02-02,2025-03-05,8509.0,743.0,32748.55,False,397,0.08731930896697614,3.848695498883535,44.076110363391656,0.02268802740884711,> 12 Months,2024-02
CP13731,Be Campaign,Instagram,2023-10-23,2025-03-31,7857.0,1750.0,19798.23,False,525,0.2227313223876798,2.519820542191676,11.313274285714286,0.0883917400696931,> 12 Months,2023-10
CP64209,Agree Campaign,Google,2024-06-08,2025-04-04,11733.0,1723.0,1177.57,False,300,0.14685076280576154,0.10036393079348845,0.683441671503192,1.4631826558081473,6–12 Months,2024-06
CP98276,Toward Campaign,Google,2023-11-06,2025-03-07,11404.0,1368.0,49069.31,False,487,0.1199579095054367,4.302815678709225,35.86937865497076,0.027878932880857712,> 12 Months,2023-11
CP39354,Task Campaign,Instagram,2023-11-01,2024-10-28,12086.0,1656.0,10093.57,False,362,0.13701803739864304,0.8351456230349165,6.095150966183574,0.1640648452430607,6–12 Months,2023-11
CP20784,Spend Campaign,Twitter,2024-01-16,2025-07-06,5596.0,179.0,3296.6,False,537,0.031987133666904935,0.5890993566833452,18.416759776536313,0.05429836801553115,> 12 Months,2024-01
CP21917,Usually Campaign,Instagram,2023-11-12,2025-04-19,9327.0,1337.0,32468.53,False,524,0.14334727136271042,3.481133269003967,24.284614809274494,0.041178334836840476,> 12 Months,2023-11
CP57093,Heart Campaign,Google,2024-09-10,2025-08-06,8320.0,1046.0,44736.51,False,330,0.12572115384615384,5.376984375,42.76913001912046,0.023381350042727962,6–12 Months,2024-09
CP34236,Agency Campaign,Instagram,2024-01-15,2024-11-28,13844.0,516.0,21624.08,False,318,0.037272464605605314,1.5619820861022826,41.90713178294574,0.023862286857984246,6–12 Months,2024-01
CP96102,Fact Campaign,Twitter,2024-07-03,2025-09-20,13250.0,1109.0,4094.22,False,444,0.08369811320754716,0.3089977358490566,3.691812443642921,0.2708696650399832,> 12 Months,2024-07
CP94621,Result Campaign,Facebook,2024-03-29,2025-03-24,13041.0,1113.0,41786.8,False,360,0.0853462157809984,3.204263476727245,37.54429469901168,0.026635205375860317,6–12 Months,2024-03
CP13509,Task Campaign,Google,2024-03-29,2025-10-05,5735.0,1642.0,1827.54,False,555,0.28631211857018307,0.31866434176111597,1.1129963459196102,0.8984755463628703,> 12 Months,2024-03
CP41703,A Campaign,Email,2024-10-09,2025-09-15,13239.0,281.0,29112.95,False,341,0.021225168064053175,2.1990293828839036,103.60480427046264,0.009652062054858749,6–12 Months,2024-10
CP54039,Fish Campaign,Instagram,2024-05-01,2025-05-31,2106.0,4.0,32108.78,False,395,0.001899335232668566,15.24633428300095,8027.195,0.00012457651770014308,> 12 Months,2024-05
CP99503,Become Campaign,Facebook,2024-07-13,2025-02-26,9737.0,857.0,36777.91,False,228,0.08801478894936839,3.777129506008011,42.91471411901984,0.023302031028951887,6–12 Months,2024-07
CP61802,Include Campaign,Google,2024-05-09,2025-03-19,1303.0,1297.0,9683.37,False,314,0.9953952417498081,7.4315963161934,7.465975327679261,0.13394097302901778,6–12 Months,2024-05
CP30318,Next Campaign,Facebook,2023-11-03,2025-07-02,18500.0,150.0,33118.62,False,607,0.008108108108108109,1.7901956756756758,220.79080000000002,0.004529174222838995,> 12 Months,2023-11
CP78018,Fund Campaign,Google,2023-11-19,2024-12-28,8916.0,181.0,47450.39,False,405,0.020300583221175415,5.321936967249888,262.15685082872926,0.0038145102706215904,> 12 Months,2023-11
CP75274,Star Campaign,Email,2024-04-25,2025-04-02,19922.0,154.0,8688.77,False,342,0.007730147575544624,0.43613944383094067,56.42058441558442,0.017724027681708686,6–12 Months,2024-04
CP81861,Process Campaign,Email,2024-06-28,2025-08-07,6520.0,1866.0,3788.3,False,405,0.2861963190184049,0.5810276073619632,2.0301714898177923,0.4925692263020352,> 12 Months,2024-06
CP85078,Chance Campaign,Google,2024-08-21,2025-01-12,7594.0,1576.0,29040.57,False,144,0.20753226231235186,3.8241466947590204,18.426757614213198,0.05426890725629697,3–6 Months,2024-08
CP72797,Morning Campaign,LinkedIn,2023-10-28,2024-11-14,384.0,736.0,15584.85,True,383,1.9166666666666667,40.585546875,21.17506793478261,0.047225350260028165,> 12 Months,2023-10
CP91871,Race Campaign,Facebook,2023-11-17,2025-02-25,19139.0,1766.0,44749.19,False,466,0.09227232352787502,2.338115366529077,25.339292185730464,0.0394644014785519,> 12 Months,2023-11
CP95633,Stand Campaign,Facebook,2024-05-22,2024-11-16,8381.0,1249.0,6273.66,False,178,0.1490275623433958,0.7485574513781171,5.022946357085669,0.19908633875600526,3–6 Months,2024-05
CP27273,Condition Campaign,Facebook,2024-01-19,2025-05-23,18049.0,471.0,10645.0,False,490,0.026095628566679595,0.5897833674995845,22.60084925690021,0.04424612494128699,> 12 Months,2024-01
CP74416,Officer Campaign,Email,2024-08-26,2025-05-21,11672.0,1212.0,25785.16,False,268,0.10383824537354353,2.209146675805346,21.274884488448844,0.04700378046907601,6–12 Months,2024-08
CP80819,Forget Campaign,Facebook,2024-07-10,2025-02-15,15142.0,1246.0,40409.0,False,220,0.08228767666094307,2.6686699247127197,32.43097913322632,0.030834715038728994,6–12 Months,2024-07
CP75759,Nor Campaign,Email,2024-04-01,2025-10-17,9538.0,112.0,45520.42,False,564,0.011742503669532396,4.772533025791571,406.4323214285714,0.0024604342402816145,> 12 Months,2024-04
CP30697,Whole Campaign,Email,2023-11-30,2025-03-22,11981.0,1913.0,12242.21,False,478,0.1596694766713964,1.021802019864786,6.399482488238369,0.15626263558622178,> 12 Months,2023-11
CP49724,Certainly Campaign,Twitter,2024-02-20,2025-05-06,6268.0,139.0,19457.01,False,441,0.02217613273771538,3.104181557115507,139.97848920863308,0.007143954800866115,> 12 Months,2024-02
CP47257,Tough Campaign,Google,2024-02-05,2024-12-12,12921.0,1348.0,40133.92,False,311,0.10432629053478833,3.106100147047442,29.77293768545994,0.033587548886328575,6–12 Months,2024-02
CP69113,Degree Campaign,Instagram,2024-09-19,2024-11-27,9699.0,1377.0,34761.7,False,69,0.14197339931951747,3.5840499020517576,25.24451706608569,0.0396125621013932,1–3 Months,2024-09
CP37896,One Campaign,Facebook,2024-07-22,2024-11-02,662.0,66.0,27186.15,False,103,0.09969788519637462,41.066691842900305,411.91136363636366,0.002427706755094046,3–6 Months,2024-07
CP39283,Ever Campaign,Facebook,2024-03-30,2025-04-01,15499.0,1790.0,28422.76,False,367,0.11549132202077553,1.833844764178334,15.878636871508379,0.06297769815457753,> 12 Months,2024-03
CP58585,Wide Campaign,Google,2024-03-18,2025-05-09,3250.0,543.0,14640.31,False,417,0.16707692307692307,4.504710769230769,26.961896869244935,0.037089378571901824,> 12 Months,2024-03
CP99334,Sign Campaign,Facebook,2024-03-05,2024-11-11,12309.0,1369.0,38573.45,False,251,0.11121943293525063,3.1337598505158826,28.176369612856096,0.03549073261530924,6–12 Months,2024-03
CP78848,View Campaign,Google,2024-07-18,2025-02-10,5476.0,915.0,20260.54,False,207,0.1670927684441198,3.6998794740686636,22.142666666666667,0.0451616788101403,6–12 Months,2024-07
CP38953,Outside Campaign,Google,2024-06-09,2025-08-10,2854.0,572.0,18094.63,False,427,0.20042046250875964,6.340094604064471,31.633968531468533,0.03161158863154427,> 12 Months,2024-06
CP38386,Dinner Campaign,Facebook,2024-03-30,2025-02-07,10174.0,1405.0,22118.03,False,314,0.13809711028110871,2.173975820719481,15.742370106761564,0.06352283634663666,6–12 Months,2024-03
CP98212,With Campaign,Instagram,2024-04-20,2024-12-14,16435.0,1969.0,18142.8,False,238,0.11980529358077274,1.1039123821113477,9.214220416455053,0.10852790087527835,6–12 Months,2024-04
CP21328,Board Campaign,Google,2024-02-12,2025-08-21,6293.0,267.0,32036.61,False,556,0.04242809470840617,5.0908326712219925,119.98730337078652,0.008334215136994831,> 12 Months,2024-02
CP58820,Total Campaign,LinkedIn,2024-08-05,2025-02-13,14309.0,1588.0,13287.79,False,192,0.11097910406038158,0.928631630442379,8.367625944584383,0.11950821016888435,6–12 Months,2024-08
CP60634,Most Campaign,Email,2024-02-18,2024-12-16,11110.0,1583.0,28074.12,False,302,0.14248424842484247,2.5269234923492347,17.734756790903347,0.056386451293931925,6–12 Months,2024-02
CP13553,Entire Campaign,LinkedIn,2023-11-24,2025-09-04,7299.0,1130.0,21641.95,False,650,0.15481572818194272,2.965056857103713,19.15216814159292,0.05221340960495704,> 12 Months,2023-11
CP93371,Include Campaign,Facebook,2023-10-29,2025-03-20,1537.0,1796.0,35267.71,True,508,1.1685100845803513,22.945810019518543,19.636809576837415,0.05092476942789878,> 12 Months,2023-10
CP60932,Sport Campaign,LinkedIn,2023-12-19,2024-12-27,13752.0,840.0,22999.51,False,374,0.06108202443280977,1.672448371146015,27.380369047619045,0.0365225172188451,> 12 Months,2023-12
CP30078,Others Campaign,Google,2024-07-04,2025-09-15,2506.0,1741.0,29409.67,False,438,0.6947326416600159,11.73570231444533,16.89240091901206,0.05919821609695043,> 12 Months,2024-07
CP61071,Sort Campaign,Google,2023-12-20,2025-08-05,11857.0,155.0,49745.87,False,594,0.013072446655983807,4.195485367293582,320.94109677419357,0.003115836550853367,> 12 Months,2023-12
CP79068,Manager Campaign,Instagram,2024-09-07,2025-04-17,15201.0,1164.0,8162.86,False,222,0.07657390961120979,0.53699493454378,7.012766323024055,0.14259707994501927,6–12 Months,2024-09
CP62804,Work Campaign,Facebook,2023-11-02,2025-06-01,7787.0,867.0,19937.11,False,577,0.11133941184024657,2.5603069217927317,22.995513264129183,0.04348674406671779,> 12 Months,2023-11
CP64451,North Campaign,Twitter,2024-03-02,2025-01-16,17725.0,118.0,18556.19,False,320,0.006657263751763047,1.04689365303244,157.2558474576271,0.00635906401044611,6–12 Months,2024-03
CP30426,Treat Campaign,Google,2024-05-05,2025-01-28,13005.0,1353.0,40628.0,False,268,0.10403690888119954,3.1240292195309496,30.028085735402808,0.033302156148469035,6–12 Months,2024-05
CP94112,Because Campaign,Google,2024-09-13,2025-04-26,1054.0,1917.0,35272.0,True,225,1.8187855787476281,33.46489563567363,18.399582681272822,0.05434905874347925,6–12 Months,2024-09
CP31299,Sign Campaign,Google,2024-02-24,2025-06-08,1758.0,1890.0,6448.27,True,470,1.075085324232082,3.6679579067121733,3.411783068783069,0.293101870734321,> 12 Months,2024-02
CP84391,What Campaign,LinkedIn,2024-04-02,2024-11-19,7710.0,506.0,21144.84,False,231,0.06562905317769131,2.74252140077821,41.788221343873516,0.0239301881688393,6–12 Months,2024-04
CP84222,Time Campaign,LinkedIn,2024-04-11,2025-05-06,10682.0,1664.0,6808.43,False,390,0.15577607189664858,0.6373740872495788,4.091604567307693,0.24440289464678347,> 12 Months,2024-04
CP47888,Seven Campaign,Google,2024-06-09,2025-05-11,7759.0,816.0,35656.29,False,336,0.10516819177729089,4.595474932336641,43.69643382352941,0.022885162758099622,6–12 Months,2024-06
CP62209,Safe Campaign,Instagram,2024-03-13,2025-07-01,13784.0,1557.0,18904.5,False,475,0.1129570516540917,1.37148142774231,12.141618497109826,0.08236134253749107,> 12 Months,2024-03
CP38277,Section Campaign,Facebook,2023-10-26,2025-05-07,2520.0,1347.0,29715.13,False,559,0.5345238095238095,11.791718253968254,22.060230141054195,0.04533044277443848,> 12 Months,2023-10
CP18754,Discuss Campaign,Instagram,2024-06-30,2025-10-12,7390.0,1630.0,10467.32,False,469,0.22056833558863329,1.4164167794316644,6.421668711656442,0.15572276380200473,> 12 Months,2024-06
CP97487,Along Campaign,Facebook,2023-11-05,2025-06-21,943.0,82.0,5385.0,False,594,0.08695652173913043,5.71049840933192,65.67073170731707,0.015227483751160632,> 12 Months,2023-11
CP83951,General Campaign,LinkedIn,2024-05-15,2025-01-15,14570.0,489.0,43442.03,False,245,0.0335621139327385,2.981608098833219,88.8385071574642,0.011256380054062851,6–12 Months,2024-05
CP58183,Half Campaign,Facebook,2024-04-24,2025-04-28,18979.0,1487.0,34100.76,False,369,0.07834975499235998,1.7967627377627906,22.93258910558171,0.04360606625776082,> 12 Months,2024-04
CP44306,Seek Campaign,Google,2024-07-24,2025-02-09,9336.0,607.0,12923.82,False,200,0.06501713796058269,1.3842994858611826,21.29130148270181,0.04696753746183404,6–12 Months,2024-07
CP70633,Indeed Campaign,LinkedIn,2023-11-06,2025-08-28,18256.0,1286.0,4957.54,False,661,0.07044259421560035,0.27155674846625766,3.8550077760497667,0.2594028489936541,> 12 Months,2023-11
CP51936,Knowledge Campaign,Facebook,2024-05-31,2025-07-21,2927.0,1367.0,42607.39,False,416,0.4670310898530919,14.556675777246326,31.168536942209215,0.032083636195505055,> 12 Months,2024-05
CP80534,Rest Campaign,Email,2024-09-10,2024-11-28,2208.0,1407.0,26583.96,False,79,0.6372282608695652,12.03983695652174,18.89407249466951,0.05292665201121278,1–3 Months,2024-09
CP66549,Worker Campaign,Facebook,2024-07-24,2025-06-09,4637.0,828.0,902.49,False,320,0.17856372654733663,0.1946279922363597,1.089963768115942,0.9174616893261975,6–12 Months,2024-07
CP62713,Dinner Campaign,Facebook,2024-09-26,2025-06-08,14474.0,704.0,37788.73,False,255,0.048638938786790105,2.6108007461655385,53.67717329545455,0.01862989309246434,6–12 Months,2024-09
CP42902,Young Campaign,Facebook,2024-06-08,2025-06-12,17053.0,71.0,30325.69,False,369,0.004163490294962763,1.77831994370492,427.12239436619717,0.0023412492840228865,> 12 Months,2024-06
CP21746,President Campaign,Facebook,2024-04-26,2024-12-03,5035.0,49.0,20160.84,False,221,0.009731876861966237,4.004139026812314,411.4457142857143,0.002430454286626946,6–12 Months,2024-04
CP98455,Until Campaign,Instagram,2024-06-11,2025-09-20,6059.0,765.0,13171.59,False,466,0.12625845849150025,2.173888430434065,17.217764705882352,0.058079548482757204,> 12 Months,2024-06
CP86882,Room Campaign,Google,2024-05-28,2024-10-26,15530.0,1026.0,7616.96,False,151,0.06606567933032839,0.4904674822923374,7.4239376218323585,0.13469940763769273,3–6 Months,2024-05
CP21814,Society Campaign,Google,2023-11-02,2024-11-03,7373.0,1494.0,20349.77,False,367,0.20263122202631223,2.7600393327003934,13.620997322623829,0.07341606317909244,> 12 Months,2023-11
CP79453,Air Campaign,Email,2024-02-13,2025-04-17,4015.0,1743.0,14892.04,False,429,0.4341220423412204,3.709100871731009,8.543912794033277,0.11704239311739693,> 12 Months,2024-02
CP51836,Prove Campaign,Twitter,2024-02-29,2025-07-28,17952.0,711.0,33387.87,False,515,0.03960561497326203,1.8598412433155083,46.959029535864985,0.021295158990375845,> 12 Months,2024-02
CP24117,Drug Campaign,Google,2024-09-27,2025-10-13,11886.0,651.0,43622.84,False,381,0.054770318021201414,3.670102641763419,67.0089708141321,0.014923375002636234,> 12 Months,2024-09
CP75630,Identify Campaign,Instagram,2024-07-31,2025-03-09,10642.0,674.0,29134.96,False,221,0.06333395978199587,2.737733508738959,43.22694362017804,0.023133719764846083,6–12 Months,2024-07
CP10217,Whose Campaign,Instagram,2024-07-01,2025-05-11,8822.0,510.0,47606.92,False,314,0.05781002040353661,5.396386306959873,93.34690196078431,0.010712728317647939,6–12 Months,2024-07
CP59471,Training Campaign,Instagram,2024-09-06,2024-11-27,1103.0,289.0,5454.27,False,82,0.26201269265639165,4.944941069809611,18.872906574394467,0.052986009126794235,1–3 Months,2024-09
CP58231,Against Campaign,Email,2024-06-25,2025-02-02,3801.0,488.0,13514.29,False,222,0.12838726650881346,3.5554564588266246,27.693217213114757,0.03610992512370239,6–12 Months,2024-06
CP65682,Since Campaign,Google,2023-11-03,2025-03-09,17692.0,704.0,46407.12,False,492,0.03979199638254578,2.623056748813023,65.91920454545455,0.015170085969566737,> 12 Months,2023-11
CP53303,Quickly Campaign,Twitter,2024-07-15,2025-01-20,14261.0,998.0,18970.38,False,189,0.06998106724633617,1.330227894257065,19.008396793587174,0.05260832940615844,6–12 Months,2024-07
CP72220,Remember Campaign,LinkedIn,2024-06-11,2025-02-05,705.0,310.0,19263.0,False,239,0.4397163120567376,27.323404255319147,62.13870967741936,0.01609302808492966,6–12 Months,2024-06
CP16951,Concern Campaign,Instagram,2024-01-27,2025-07-22,18747.0,107.0,34283.02,False,542,0.005707579879447379,1.8287203285859068,320.40205607476634,0.0031210785980931672,> 12 Months,2024-01
CP75351,What Campaign,Email,2024-10-02,2025-03-25,1640.0,857.0,5811.99,False,174,0.5225609756097561,3.5438963414634146,6.781785297549591,0.14745379809669323,3–6 Months,2024-10
CP54511,Enjoy Campaign,Facebook,2023-12-08,2025-01-23,17459.0,1415.0,20804.29,False,412,0.08104702445729996,1.191608339538347,14.702678445229683,0.06801481809761352,> 12 Months,2023-12
CP43410,Ago Campaign,Email,2024-07-29,2025-04-11,19009.0,1286.0,17095.52,False,256,0.06765216476405914,0.8993382082171603,13.293561430793158,0.07522438627195897,6–12 Months,2024-07
CP44537,Chair Campaign,Facebook,2024-05-30,2025-03-06,1224.0,1759.0,17290.28,True,280,1.4370915032679739,14.126045751633987,9.82960773166572,0.10173345949284801,6–12 Months,2024-05
CP21746,Citizen Campaign,Google,2024-05-07,2025-06-13,7195.0,1469.0,18054.58,False,402,0.20416956219596943,2.5093231410701877,12.290388019060586,0.08136439618091365,> 12 Months,2024-05
CP58138,Table Campaign,Email,2024-05-06,2024-12-08,14690.0,413.0,49736.78,False,216,0.0281143635125936,3.3857576582709323,120.42803874092009,0.008303714072362545,6–12 Months,2024-05
CP10010,Space Campaign,Facebook,2024-01-24,2025-02-12,2933.0,748.0,43719.65,False,385,0.2550289805659734,14.906120013637914,58.44872994652407,0.01710901162292013,> 12 Months,2024-01
CP16751,Hope Campaign,Twitter,2024-10-12,2025-07-12,18612.0,1465.0,23373.16,False,273,0.07871265849989255,1.2558113045347088,15.95437542662116,0.06267873064660491,6–12 Months,2024-10
CP55574,Approach Campaign,Instagram,2023-11-08,2025-09-24,17121.0,1559.0,37610.79,False,686,0.09105776531744642,2.196763623620116,24.12494547787043,0.041450870880404264,> 12 Months,2023-11
CP21866,Bring Campaign,Facebook,2024-02-12,2025-06-27,12818.0,1882.0,8486.26,False,501,0.14682477765642066,0.6620580433765018,4.509171094580234,0.22177024979201673,> 12 Months,2024-02
CP36277,Culture Campaign,Google,2024-03-30,2025-01-19,900.0,927.0,17226.05,True,295,1.03,19.140055555555556,18.582578209277237,0.05381384589038114,6–12 Months,2024-03
CP80959,Box Campaign,Instagram,2024-06-16,2025-05-11,6807.0,526.0,46027.61,False,329,0.07727339503452328,6.761805494344058,87.50496197718631,0.011427923370342279,6–12 Months,2024-06
CP78414,Significant Campaign,LinkedIn,2023-12-07,2025-01-28,19292.0,987.0,26253.71,False,418,0.0511611030478955,1.3608599419448475,26.59950354609929,0.03759468661762471,> 12 Months,2023-12
CP83536,His Campaign,Facebook,2024-01-19,2024-11-11,5832.0,350.0,7152.46,False,297,0.06001371742112483,1.2264163237311385,20.4356,0.04893421284425219,6–12 Months,2024-01
CP24062,Nation Campaign,Email,2024-09-21,2025-01-03,11794.0,870.0,10158.3,False,104,0.07376632185857215,0.8613108360183144,11.676206896551724,0.0856442514987744,3–6 Months,2024-09
CP88529,Couple Campaign,Facebook,2024-01-02,2025-06-04,19999.0,295.0,17269.93,False,519,0.014750737536876843,0.8635396769838493,58.54213559322034,0.017081713707004023,> 12 Months,2024-01
CP59287,Mind Campaign,Instagram,2024-02-02,2025-07-06,7301.0,959.0,10536.11,False,520,0.13135186960690318,1.443105054102178,10.98655891553702,0.09102031015241868,> 12 Months,2024-02
CP56445,Mother Campaign,Facebook,2024-06-02,2025-10-03,2733.0,1447.0,43248.48,False,488,0.5294548115623856,15.824544456641055,29.888375950241883,0.0334578232576035,> 12 Months,2024-06
CP26665,Affect Campaign,Facebook,2023-11-15,2025-02-28,2557.0,1635.0,42220.68,False,471,0.6394211967149003,16.511802894016427,25.823045871559632,0.03872509869571025,> 12 Months,2023-11
CP85248,Until Campaign,Email,2024-05-17,2025-06-02,11704.0,188.0,36119.11,False,381,0.016062884483937116,3.0860483595352015,192.1229255319149,0.005205000898416378,> 12 Months,2024-05
CP89986,Any Campaign,Instagram,2024-01-06,2024-11-20,11496.0,613.0,6202.98,False,319,0.053322894919972164,0.5395772442588727,10.11905383360522,0.09882346871987335,6–12 Months,2024-01
CP22982,Recognize Campaign,Twitter,2023-10-29,2025-08-01,11007.0,571.0,34847.2,False,642,0.051876078858907965,3.1659126010720446,61.02837127845884,0.016385821529419867,> 12 Months,2023-10
CP69729,Six Campaign,Facebook,2024-07-11,2025-10-19,19049.0,1780.0,44835.32,False,465,0.09344322536616095,2.3536836579347997,25.18838202247191,0.03970084299610218,> 12 Months,2024-07
CP66853,Take Campaign,Instagram,2024-07-20,2025-08-16,10116.0,1511.0,7713.44,False,392,0.14936733886911824,0.762499011466983,5.104857710125744,0.19589184592088615,> 12 Months,2024-07
CP59399,Style Campaign,Instagram,2023-12-28,2025-02-02,7141.0,821.0,5296.4,False,402,0.11496989217196471,0.7416888390981655,6.45115712545676,0.15501095083452912,> 12 Months,2023-12
CP18658,Before Campaign,Twitter,2023-12-09,2025-02-21,9062.0,1130.0,3430.58,False,440,0.12469653498124035,0.3785676451114544,3.035911504424779,0.32939036547755773,> 12 Months,2023-12
CP97827,Team Campaign,LinkedIn,2024-03-01,2024-11-24,9559.0,1297.0,20926.62,False,268,0.13568364891725077,2.189205983889528,16.134633770239013,0.06197847526260811,6–12 Months,2024-03
CP50247,Resource Campaign,Twitter,2024-06-03,2025-08-26,5979.0,106.0,25916.75,False,449,0.017728717176785414,4.334629536711825,244.49764150943398,0.00409001900315433,> 12 Months,2024-06
CP92140,Cut Campaign,LinkedIn,2024-02-04,2025-01-17,1482.0,1002.0,28200.09,False,348,0.6761133603238867,19.0284008097166,28.14380239520958,0.03553180149425055,6–12 Months,2024-02
CP30974,Material Campaign,Facebook,2023-11-22,2025-03-17,15420.0,359.0,36669.96,False,481,0.023281452658884566,2.378077821011673,102.14473537604457,0.009790029768235363,> 12 Months,2023-11
CP45866,Total Campaign,Email,2024-09-17,2025-03-05,7096.0,1523.0,26064.34,False,169,0.21462795941375423,3.6731031567080046,17.11381483913329,0.058432325545170145,3–6 Months,2024-09
CP66960,Our Campaign,LinkedIn,2024-02-03,2025-05-26,6994.0,1990.0,32489.51,False,478,0.2845295967972548,4.645340291678582,16.326386934673366,0.061250539020132964,> 12 Months,2024-02
CP87969,Little Campaign,LinkedIn,2024-10-02,2024-11-09,18279.0,1615.0,41345.32,False,38,0.0883527545270529,2.2619027299086385,25.6008173374613,0.03906125288182556,1–3 Months,2024-10
CP84047,Different Campaign,Twitter,2023-11-26,2025-10-07,7658.0,341.0,41195.06,False,681,0.044528597545050924,5.3793496996604855,120.8066275659824,0.008277691548452655,> 12 Months,2023-11
CP86343,Glass Campaign,Email,2023-12-02,2025-01-18,6505.0,895.0,1298.04,False,413,0.13758647194465795,0.19954496541122213,1.4503240223463687,0.689501093957043,> 12 Months,2023-12
CP57186,Already Campaign,Google,2024-04-18,2025-06-24,12198.0,1323.0,35917.63,False,432,0.10846040334481062,2.944550746023938,27.148624338624337,0.036834278876418075,> 12 Months,2024-04
CP54322,Fast Campaign,Facebook,2023-12-27,2025-03-02,918.0,1407.0,46231.88,True,431,1.5326797385620916,50.36152505446623,32.85847903340441,0.030433544991032162,> 12 Months,2023-12
CP51072,Skill Campaign,Google,2024-04-03,2025-06-03,3574.0,1686.0,24414.28,False,426,0.47174034695019584,6.831080022383883,14.480593119810202,0.06905794477658157,> 12 Months,2024-04
CP58326,Measure Campaign,Email,2024-10-06,2025-10-07,10631.0,1519.0,37376.03,False,366,0.14288401843664755,3.515758630420468,24.60568136932192,0.04064102046150969,> 12 Months,2024-10
CP98382,Miss Campaign,Facebook,2024-10-13,2025-01-10,1965.0,202.0,4014.64,False,89,0.10279898218829517,2.0430737913486006,19.874455445544555,0.050315844010920034,1–3 Months,2024-10
CP66012,Decide Campaign,Facebook,2024-08-06,2025-10-08,10500.0,1222.0,20711.05,False,428,0.11638095238095238,1.9724809523809523,16.948486088379706,0.05900232001757516,> 12 Months,2024-08
CP39963,Future Campaign,Facebook,2024-10-08,2025-10-22,13594.0,771.0,46410.83,False,379,0.056716198322789464,3.4140672355450934,60.19562905317769,0.016612501866482457,> 12 Months,2024-10
CP65281,Value Campaign,Instagram,2023-11-01,2025-03-25,6100.0,1839.0,2247.78,False,510,0.3014754098360656,0.36848852459016396,1.222283849918434,0.8181405653578196,> 12 Months,2023-11
CP33626,Music Campaign,Facebook,2024-07-02,2025-06-23,19611.0,332.0,41551.43,False,356,0.01692927438682372,2.1187818061292134,125.15490963855422,0.007990098054387057,6–12 Months,2024-07
CP70986,Science Campaign,Google,2024-07-11,2025-05-17,10852.0,126.0,8970.33,False,310,0.011610762992996683,0.8266061555473645,71.19309523809524,0.01404630598874289,6–12 Months,2024-07
CP85899,Particular Campaign,Instagram,2024-10-18,2024-11-16,12250.0,494.0,10023.36,False,29,0.0403265306122449,0.8182334693877551,20.290202429149797,0.04928487054241292,< 1 Month,2024-10
CP30143,How Campaign,Instagram,2024-01-29,2025-05-27,5401.0,709.0,16607.89,False,484,0.13127198666913534,3.074965747083873,23.424386459802538,0.04269055250245516,> 12 Months,2024-01
CP79433,Receive Campaign,Instagram,2023-11-08,2025-09-04,11752.0,382.0,15637.3,False,666,0.03250510551395507,1.3306075561606534,40.93534031413613,0.024428769672513798,> 12 Months,2023-11
CP59101,Prove Campaign,Twitter,2024-10-14,2025-03-08,8354.0,1303.0,4136.52,False,145,0.15597318649748623,0.49515441704572666,3.174612432847276,0.31499908135340815,3–6 Months,2024-10
CP81662,Her Campaign,Facebook,2024-02-19,2025-07-13,17558.0,320.0,6143.05,False,510,0.018225310399817746,0.3498718532862513,19.197031250000002,0.052091387828521664,> 12 Months,2024-02
CP65105,Everything Campaign,Email,2024-10-16,2025-03-31,12271.0,167.0,11691.1,False,166,0.013609322793578356,0.9527422377964306,70.0065868263473,0.014284370161918039,3–6 Months,2024-10
CP78134,Beautiful Campaign,Instagram,2024-01-31,2025-08-03,9223.0,199.0,37275.93,False,550,0.021576493548736853,4.041627453106365,187.3162311557789,0.0053385656642235355,> 12 Months,2024-01
CP87896,Party Campaign,Facebook,2024-02-17,2025-10-12,2652.0,1813.0,14712.25,False,603,0.6836349924585219,5.547605580693816,8.114864864864865,0.12323064113238967,> 12 Months,2024-02
CP95955,Land Campaign,Google,2024-03-22,2025-07-09,10089.0,930.0,9154.19,False,474,0.09217960154623847,0.9073436415898504,9.84321505376344,0.10159282252170863,> 12 Months,2024-03
CP13895,Few Campaign,Google,2024-10-18,2024-12-29,1892.0,1358.0,47577.32,False,72,0.7177589852008457,25.14657505285412,35.03484536082474,0.028543011670266422,1–3 Months,2024-10
CP99507,Dream Campaign,Google,2024-02-23,2024-10-29,5254.0,497.0,12666.62,False,249,0.0945945945945946,2.410852683669585,25.486156941649902,0.03923698666258244,6–12 Months,2024-02
CP72137,Require Campaign,Google,2024-06-20,2025-04-01,17692.0,1096.0,43509.7,False,285,0.061948903459190595,2.459286683246665,39.69863138686131,0.02518978526627396,6–12 Months,2024-06
CP75114,Build Campaign,LinkedIn,2023-11-06,2025-07-07,16525.0,205.0,37583.11,False,609,0.012405446293494705,2.2743183055975793,183.33224390243902,0.00545457786755806,> 12 Months,2023-11
CP21679,Light Campaign,Google,2024-05-21,2025-04-18,7426.0,297.0,29863.24,False,332,0.039994613520064635,4.021443576622677,100.54962962962964,0.009945337478451768,6–12 Months,2024-05
CP32139,Ask Campaign,Google,2023-11-24,2025-09-03,5284.0,1914.0,39658.84,False,649,0.36222558667676,7.505457986373958,20.720397074190174,0.04826162338585799,> 12 Months,2023-11
CP13530,Peace Campaign,LinkedIn,2024-04-15,2025-05-16,14202.0,1080.0,38171.67,False,396,0.07604562737642585,2.6877672158850863,35.344138888888885,0.028293234223181748,> 12 Months,2024-04
CP85183,Probably Campaign,Facebook,2024-04-10,2025-07-22,11528.0,911.0,36713.79,False,468,0.07902498265093685,3.184749306037474,40.30053787047201,0.024813564603381997,> 12 Months,2024-04
CP54268,Remain Campaign,Twitter,2024-09-27,2025-05-30,16157.0,1273.0,21596.38,False,245,0.07878937921643869,1.3366577953828063,16.96494893951296,0.058945063941271636,6–12 Months,2024-09
CP51556,Old Campaign,Facebook,2024-06-16,2025-07-20,3017.0,1985.0,18156.98,False,399,0.6579383493536626,6.018223400729201,9.147093198992444,0.1093243479917916,> 12 Months,2024-06
CP65905,Community Campaign,Google,2024-03-17,2025-08-10,1015.0,1042.0,27947.09,True,511,1.0266009852216749,27.53407881773399,26.820623800383878,0.03728474055796149,> 12 Months,2024-03
CP44690,Far Campaign,Google,2024-01-10,2025-02-11,16283.0,487.0,38613.69,False,398,0.029908493520849965,2.37141128784622,79.28889117043121,0.012612107260404275,> 12 Months,2024-01
CP20395,His Campaign,Google,2024-07-19,2025-08-14,19172.0,660.0,10127.36,False,391,0.03442520342165658,0.5282370123096182,15.34448484848485,0.06516999494438827,> 12 Months,2024-07
CP67607,According Campaign,Instagram,2024-03-15,2025-01-06,18256.0,1814.0,44145.47,False,297,0.09936459246275198,2.4181348597721297,24.33598125689085,0.041091418893037045,6–12 Months,2024-03
CP50849,Prevent Campaign,Twitter,2024-01-03,2025-06-19,10483.0,1186.0,6966.83,False,533,0.11313555279977106,0.6645836115615759,5.874224283305227,0.1702352432885545,> 12 Months,2024-01
CP91548,Condition Campaign,LinkedIn,2024-07-17,2025-09-15,11130.0,418.0,4094.24,False,425,0.03755615453728661,0.3678562443845462,9.794832535885167,0.10209465004494118,> 12 Months,2024-07
CP15483,Various Campaign,Twitter,2024-10-05,2025-10-03,4248.0,149.0,36639.12,False,363,0.03507532956685499,8.62502824858757,245.90013422818794,0.00406669155809419,6–12 Months,2024-10
CP90683,Including Campaign,Email,2024-09-07,2025-05-25,18841.0,311.0,48954.78,False,260,0.016506554853776337,2.598311129982485,157.41086816720258,0.006352801503755098,6–12 Months,2024-09
CP40011,National Campaign,Instagram,2024-09-01,2024-12-21,17523.0,1366.0,18547.09,False,111,0.07795468812417965,1.0584426182731268,13.577664714494876,0.07365036779354604,3–6 Months,2024-09
CP72208,Administration Campaign,Facebook,2024-04-26,2025-01-22,1893.0,1457.0,41643.44,False,271,0.7696777601690439,21.998647649234023,28.581633493479753,0.0349875034339142,6–12 Months,2024-04
CP54995,Allow Campaign,Google,2023-11-05,2025-10-10,18579.0,533.0,38882.16,False,705,0.02868830399913881,2.092801550137252,72.94964352720451,0.013708086176282386,> 12 Months,2023-11
CP45288,Full Campaign,Facebook,2024-08-29,2025-05-11,17168.0,1018.0,17938.75,False,255,0.05929636533084809,1.0448945712954334,17.62156188605108,0.05674865863006062,6–12 Months,2024-08
CP89703,Heavy Campaign,Twitter,2024-01-19,2025-09-18,9149.0,771.0,2551.49,False,608,0.08427150508252268,0.2788818450103836,3.3093255512321655,0.3021763753728214,> 12 Months,2024-01
CP65472,Special Campaign,Email,2024-05-05,2025-01-28,9992.0,1076.0,47235.59,False,268,0.1076861489191353,4.727340872698158,43.899247211895904,0.022779433897194893,6–12 Months,2024-05
CP44837,Will Campaign,Facebook,2024-06-27,2025-02-12,3623.0,1734.0,28932.69,False,230,0.4786088876621584,7.985837703560585,16.68551903114187,0.059932208170066455,6–12 Months,2024-06
CP59055,Skin Campaign,Email,2024-01-12,2025-04-03,6503.0,1416.0,38838.39,False,447,0.21774565585114564,5.972380439797017,27.42824152542373,0.03645877184919354,> 12 Months,2024-01
CP92247,Politics Campaign,Facebook,2024-01-31,2025-07-21,7614.0,1659.0,36020.49,False,537,0.21788810086682428,4.7308234830575255,21.712169981916816,0.046057119156346846,> 12 Months,2024-01
CP70261,Item Campaign,Facebook,2023-12-02,2024-11-24,2684.0,183.0,17848.32,False,358,0.06818181818181818,6.649895678092399,97.53180327868853,0.010253065834767643,6–12 Months,2023-12
CP68637,Want Campaign,Google,2024-02-05,2025-06-12,13930.0,413.0,8789.17,False,493,0.02964824120603015,0.6309526202440775,21.28128329297821,0.04698964748662274,> 12 Months,2024-02
CP86217,Follow Campaign,Google,2024-04-22,2025-03-24,9093.0,1442.0,26032.56,False,336,0.1585835257890685,2.8629231276806335,18.053092926490987,0.055392170420427336,6–12 Months,2024-04
CP26717,Artist Campaign,Google,2024-01-21,2025-07-04,1576.0,61.0,11261.16,False,530,0.038705583756345176,7.145406091370559,184.60918032786884,0.005416848708303585,> 12 Months,2024-01
CP80372,Sure Campaign,Google,2024-02-08,2025-06-14,18565.0,867.0,22595.35,False,492,0.046700781039590626,1.217093994074872,26.061534025374854,0.038370726720320776,> 12 Months,2024-02
CP74149,Office Campaign,Email,2023-12-12,2024-10-23,14128.0,1936.0,25515.66,False,316,0.13703284258210646,1.8060348244620612,13.179576446280992,0.07587497246788835,6–12 Months,2023-12
CP41441,Everybody Campaign,Twitter,2024-02-12,2025-05-24,7289.0,172.0,19888.93,False,467,0.02359720126217588,2.728622581972836,115.63331395348837,0.008648026816927808,> 12 Months,2024-02
CP59951,Key Campaign,Google,2024-02-01,2025-01-12,4227.0,697.0,13128.22,False,346,0.1648923586467944,3.105800804352969,18.83532281205165,0.05309173673201699,6–12 Months,2024-02
CP37901,Just Campaign,Google,2023-12-31,2025-10-22,19965.0,1396.0,393.12,False,661,0.06992236413724016,0.01969045830202855,0.28160458452722065,3.551078551078551,> 12 Months,2023-12
CP10001,Letter Campaign,Facebook,2024-07-24,2025-08-12,8854.0,987.0,36346.92,False,384,0.11147503953015586,4.105141179128077,36.825653495440726,0.027154983145752102,> 12 Months,2024-07
CP73082,Article Campaign,Twitter,2024-07-06,2025-04-26,2747.0,846.0,12835.97,False,294,0.30797233345467784,4.672722970513287,15.172541371158392,0.06590853671362586,6–12 Months,2024-07
CP26143,Outside Campaign,Google,2024-03-31,2025-07-20,15191.0,584.0,7408.73,False,476,0.038443815417023235,0.48770522019616874,12.686181506849314,0.0788259256309786,> 12 Months,2024-03
CP65416,Camera Campaign,Google,2024-03-31,2024-12-23,6874.0,945.0,48851.75,False,267,0.13747454175152748,7.106742798952575,51.69497354497354,0.01934424048268486,6–12 Months,2024-03
CP28395,Source Campaign,Facebook,2024-01-30,2025-01-06,10985.0,435.0,13170.65,False,342,0.03959945380063723,1.1989667728720983,30.27735632183908,0.03302798267359622,6–12 Months,2024-01
CP66469,Effort Campaign,Facebook,2023-12-29,2025-06-10,10666.0,842.0,45532.02,False,529,0.07894243390211889,4.2688936808550535,54.07603325415677,0.018492480676236198,> 12 Months,2023-12
CP45654,Listen Campaign,Facebook,2024-04-21,2025-08-18,6368.0,305.0,49067.73,False,484,0.04789572864321608,7.705359610552764,160.87780327868853,0.006215897902756048,> 12 Months,2024-04
CP64551,Player Campaign,Twitter,2024-01-20,2025-03-26,2544.0,1365.0,21055.96,False,431,0.5365566037735849,8.276713836477986,15.425611721611721,0.06482725081164668,> 12 Months,2024-01
CP45648,Card Campaign,LinkedIn,2024-09-23,2025-09-11,10783.0,1509.0,48663.71,False,353,0.13994250208661782,4.513002874895669,32.24897945659377,0.031008733201804795,6–12 Months,2024-09
CP58566,Toward Campaign,LinkedIn,2024-04-01,2025-04-02,7755.0,1058.0,35182.57,False,366,0.136428110896196,4.536759509993552,33.253846880907375,0.030071708803535387,> 12 Months,2024-04
CP45650,Significant Campaign,Twitter,2024-10-07,2025-08-03,12691.0,1422.0,412.81,False,300,0.11204790796627531,0.03252777558900008,0.2903023909985935,3.4446839950582593,6–12 Months,2024-10
CP45830,Walk Campaign,Facebook,2024-09-29,2025-03-04,5401.0,712.0,6768.31,False,156,0.13182743936308092,1.2531586743195706,9.506053370786518,0.1051961272459447,3–6 Months,2024-09
CP93748,Second Campaign,LinkedIn,2024-04-29,2025-01-12,9355.0,711.0,42825.62,False,258,0.07600213789417423,4.577832175307322,60.23293952180028,0.016602211479950554,6–12 Months,2024-04
CP78125,Certainly Campaign,Instagram,2023-12-27,2025-07-25,12676.0,1516.0,9003.02,False,576,0.11959608709372041,0.7102414010728937,5.938667546174143,0.168387940935375,> 12 Months,2023-12
CP48147,Debate Campaign,LinkedIn,2024-07-13,2025-04-17,9213.0,274.0,8858.24,False,278,0.029740583957451428,0.9614935417345055,32.32934306569343,0.03093165233725887,6–12 Months,2024-07
CP55122,Floor Campaign,LinkedIn,2024-01-23,2025-03-03,14104.0,1261.0,28888.89,False,405,0.08940726035167329,2.048276375496313,22.909508326724822,0.04364999832115391,> 12 Months,2024-01
CP25141,Entire Campaign,LinkedIn,2023-12-08,2025-02-03,2065.0,1212.0,4958.53,False,423,0.5869249394673124,2.401225181598063,4.091196369636964,0.24442727985915183,> 12 Months,2023-12
CP28740,Everyone Campaign,Facebook,2024-04-01,2025-04-08,3024.0,924.0,18479.16,False,372,0.3055555555555556,6.110833333333333,19.99909090909091,0.05000227283058321,> 12 Months,2024-04
CP73866,Population Campaign,Google,2023-11-01,2025-06-28,5456.0,999.0,1738.67,False,605,0.18310117302052786,0.31867118768328445,1.7404104104104106,0.5745771192923326,> 12 Months,2023-11
CP68190,Magazine Campaign,Email,2024-04-10,2025-07-06,14128.0,1216.0,36115.31,False,452,0.08607021517553794,2.5562931766704415,29.700090460526315,0.03366993111785556,> 12 Months,2024-04
CP10761,Cold Campaign,Facebook,2024-02-18,2025-04-30,17837.0,582.0,19500.11,False,437,0.03262880529236979,1.0932393339687168,33.505343642611685,0.029845985484184448,> 12 Months,2024-02
CP17884,Relate Campaign,LinkedIn,2024-04-18,2024-11-03,17861.0,278.0,15322.86,False,199,0.015564638038183752,0.8578948547113824,55.11820143884892,0.01814282712235183,6–12 Months,2024-04
CP19282,Early Campaign,Email,2024-04-20,2025-03-20,4786.0,698.0,14095.03,False,334,0.14584203928123693,2.945054325114919,20.19345272206304,0.049521001374243256,6–12 Months,2024-04
CP34213,Thing Campaign,Email,2024-08-06,2025-02-08,16755.0,657.0,20827.59,False,186,0.03921217547000895,1.2430671441360788,31.701050228310503,0.03154469624185995,6–12 Months,2024-08
CP24893,Be Campaign,Twitter,2024-02-17,2025-08-06,9883.0,1895.0,21346.73,False,536,0.19174339775371851,2.1599443488819183,11.264765171503958,0.08877237872030048,> 12 Months,2024-02
CP64228,My Campaign,Facebook,2024-04-25,2025-04-26,6889.0,1001.0,10334.41,False,366,0.1453041079982581,1.5001320946436347,10.324085914085915,0.09686087546362104,> 12 Months,2024-04
CP56976,Music Campaign,LinkedIn,2024-08-06,2025-04-06,9849.0,221.0,5514.79,False,243,0.02243882627677937,0.5599340034521271,24.953800904977374,0.04007405540374157,6–12 Months,2024-08
CP52444,Scene Campaign,Facebook,2024-04-15,2025-06-12,5900.0,227.0,5823.38,False,423,0.03847457627118644,0.9870135593220339,25.653656387665198,0.0389807980932036,> 12 Months,2024-04
CP55894,Among Campaign,Facebook,2024-07-19,2024-12-26,13886.0,1711.0,1643.52,False,160,0.12321762926688751,0.11835805847616304,0.9605610753945061,1.0410582165109035,3–6 Months,2024-07
CP30832,Husband Campaign,Email,2024-05-26,2025-07-07,6295.0,1771.0,28757.02,False,407,0.2813343923749007,4.568231930103257,16.237730095990965,0.06158496255870741,> 12 Months,2024-05
CP46421,Speech Campaign,Twitter,2023-12-06,2025-05-01,13178.0,1580.0,26897.77,False,512,0.1198967976931249,2.0411117013203826,17.02390506329114,0.05874092908073792,> 12 Months,2023-12
CP91868,Small Campaign,Email,2024-03-31,2025-03-05,5005.0,594.0,35745.94,False,339,0.11868131868131868,7.142045954045955,60.17835016835017,0.016617271779676236,6–12 Months,2024-03
CP78775,War Campaign,Email,2023-12-01,2025-01-10,10606.0,1812.0,47119.87,False,406,0.17084669055251744,4.44275598717707,26.00434326710817,0.03845511458329575,> 12 Months,2023-12
CP67888,Key Campaign,Google,2024-07-21,2025-01-15,11969.0,682.0,24383.23,False,178,0.05698053304369621,2.037198596373966,35.75253665689149,0.027970043345364827,3–6 Months,2024-07
CP67992,Stock Campaign,Facebook,2023-12-03,2025-10-09,17708.0,1925.0,33028.85,False,676,0.10870792861983285,1.8651936977637225,17.157844155844156,0.0582823804037985,> 12 Months,2023-12
CP12854,Would Campaign,Email,2024-06-14,2025-04-01,7691.0,749.0,7383.72,False,291,0.09738655571447145,0.9600468079573528,9.858104138851802,0.10143938285850493,6–12 Months,2024-06
CP49580,House Campaign,Facebook,2023-12-04,2025-06-26,12975.0,1255.0,41019.23,False,570,0.09672447013487476,3.1614050096339117,32.684645418326696,0.030595406105867903,> 12 Months,2023-12
CP17410,Throughout Campaign,Facebook,2024-09-22,2025-10-05,6057.0,1569.0,48558.69,False,378,0.2590391282813274,8.016953937592868,30.94881453154876,0.03231141532030621,> 12 Months,2024-09
CP15909,Again Campaign,Google,2023-10-26,2025-07-30,410.0,229.0,25309.03,False,643,0.5585365853658537,61.729341463414634,110.51978165938864,0.009048153959278566,> 12 Months,2023-10
CP17756,Mr Campaign,Email,2024-06-16,2025-06-30,12252.0,1842.0,21788.66,False,379,0.1503428011753183,1.778375775383611,11.828805646036916,0.08453938883804694,> 12 Months,2024-06
CP47405,Floor Campaign,Google,2024-06-25,2025-03-17,7856.0,592.0,3976.22,False,265,0.07535641547861507,0.5061379837067209,6.716587837837838,0.14888512205059076,6–12 Months,2024-06
CP86676,Loss Campaign,Facebook,2024-07-07,2025-09-16,6691.0,1622.0,12669.58,False,436,0.24241518457629652,1.893525631445225,7.811085080147965,0.12802318624611075,> 12 Months,2024-07
CP78566,Their Campaign,Facebook,2024-04-21,2025-10-05,1733.0,724.0,18435.32,False,532,0.4177726485862666,10.637807270628967,25.463149171270718,0.03927244007698266,> 12 Months,2024-04
CP90687,Political Campaign,Twitter,2023-12-07,2025-08-13,7379.0,849.0,1152.34,False,615,0.11505624068301938,0.15616479197723268,1.3572909305064782,0.7367617196313588,> 12 Months,2023-12
CP48343,Just Campaign,Email,2024-09-14,2025-08-26,18657.0,527.0,48431.07,False,346,0.028246770649086133,2.5958658948383984,91.89956356736243,0.010881444494205889,6–12 Months,2024-09
CP42125,Either Campaign,Google,2024-10-10,2025-03-26,8450.0,185.0,714.21,False,167,0.021893491124260357,0.08452189349112427,3.8605945945945948,0.2590274569104325,3–6 Months,2024-10
CP37421,Buy Campaign,Email,2023-12-26,2024-12-07,10601.0,417.0,42739.31,False,347,0.03933591170644279,4.031630034902367,102.49235011990407,0.009756825741922366,6–12 Months,2023-12
CP75928,Analysis Campaign,Instagram,2024-07-27,2025-07-04,18191.0,1340.0,15845.34,False,342,0.07366280028585565,0.8710538178219999,11.824880597014925,0.08456745011467094,6–12 Months,2024-07
CP87103,Against Campaign,Twitter,2024-02-12,2025-02-26,5707.0,186.0,13635.57,False,380,0.03259155423164535,2.389271070615034,73.30951612903226,0.013640793894204643,> 12 Months,2024-02
CP63073,Body Campaign,Facebook,2024-04-16,2025-09-29,13835.0,1046.0,45105.0,False,531,0.07560534875316227,3.2602096132996023,43.121414913957935,0.0231903336658907,> 12 Months,2024-04
CP30862,Seat Campaign,Twitter,2024-01-06,2025-08-12,17045.0,51.0,28842.44,False,584,0.002992079788794368,1.6921349369316514,565.5380392156862,0.0017682276534162853,> 12 Months,2024-01
CP73207,Detail Campaign,Email,2024-01-09,2025-02-13,17680.0,596.0,20883.44,False,401,0.033710407239819,1.1811900452488686,35.0393288590604,0.028539359415881677,> 12 Months,2024-01
CP17037,Feel Campaign,Google,2024-03-27,2024-10-28,8160.0,1307.0,46779.33,False,215,0.160171568627451,5.732761029411765,35.791377199693954,0.0279396904573024,6–12 Months,2024-03
CP63599,Purpose Campaign,Email,2024-08-21,2025-02-19,2568.0,1548.0,29174.96,False,182,0.602803738317757,11.360965732087227,18.84687338501292,0.053059198710126765,6–12 Months,2024-08
CP57946,Through Campaign,Twitter,2024-10-02,2025-01-08,12026.0,1071.0,8277.31,False,98,0.0890570430733411,0.6882845501413604,7.728580765639589,0.12938986216536533,3–6 Months,2024-10
CP91842,Admit Campaign,Google,2023-11-23,2024-11-17,15349.0,760.0,10981.49,False,360,0.049514626360023455,0.7154531239820183,14.449328947368421,0.06920736621351019,6–12 Months,2023-11
CP14468,Mean Campaign,Email,2023-11-10,2024-11-10,1324.0,724.0,37115.36,False,366,0.5468277945619335,28.032749244712992,51.2643093922652,0.019506748688413636,> 12 Months,2023-11
CP42909,Type Campaign,Facebook,2024-07-17,2025-04-12,2187.0,948.0,31557.67,False,269,0.4334705075445816,14.429661636945587,33.288681434599155,0.030040240613454672,6–12 Months,2024-07
CP42004,Sound Campaign,Facebook,2024-04-04,2024-12-03,8249.0,1747.0,23519.72,False,243,0.21178324645411564,2.8512207540307917,13.462919290211792,0.07427809514739121,6–12 Months,2024-04
CP15662,Never Campaign,Instagram,2023-12-14,2025-07-03,12522.0,253.0,6176.86,False,567,0.02020444018527392,0.4932806260980674,24.414466403162056,0.04095932237415127,> 12 Months,2023-12
CP95959,Cut Campaign,Facebook,2023-12-05,2025-07-27,11533.0,1237.0,31810.34,False,600,0.10725743518598803,2.7582016821295414,25.715715440582052,0.03888672676871734,> 12 Months,2023-12
CP87926,Reality Campaign,Instagram,2024-03-13,2025-10-16,13216.0,718.0,18464.25,False,582,0.054328087167070216,1.3971133474576272,25.716225626740947,0.03888595529198316,> 12 Months,2024-03
CP16782,Win Campaign,Facebook,2024-03-19,2025-04-22,6663.0,590.0,41029.82,False,399,0.08854870178598229,6.157859822902596,69.54206779661017,0.01437978523912608,> 12 Months,2024-03
CP68739,Herself Campaign,LinkedIn,2024-03-03,2025-09-30,12852.0,1268.0,30653.0,False,576,0.09866168689698102,2.3850762527233114,24.17429022082019,0.04136626105112061,> 12 Months,2024-03
CP25342,Face Campaign,Instagram,2024-07-05,2024-12-28,3998.0,45.0,20799.86,False,176,0.011255627813906953,5.202566283141571,462.21911111111115,0.002163476100319906,3–6 Months,2024-07
CP61424,Serious Campaign,Email,2024-01-31,2025-10-05,19572.0,507.0,1519.62,False,613,0.02590435315757204,0.07764255058246473,2.9972781065088756,0.3336360405890947,> 12 Months,2024-01
CP40272,Police Campaign,Google,2024-03-09,2024-11-27,18590.0,443.0,27747.78,False,263,0.023830016137708444,1.4926186121570737,62.63607223476298,0.015965241183258625,6–12 Months,2024-03
CP58694,Theory Campaign,Google,2024-09-24,2025-07-15,5756.0,1346.0,5569.11,False,294,0.2338429464906185,0.9675312717164697,4.137526002971768,0.24169032394763257,6–12 Months,2024-09
CP98904,Feeling Campaign,Facebook,2024-01-03,2025-10-18,11067.0,348.0,14198.43,False,654,0.0314448359989157,1.2829520195174844,40.80008620689655,0.02450975213456699,> 12 Months,2024-01
CP95366,Collection Campaign,Instagram,2024-06-21,2025-05-18,4481.0,1757.0,11957.16,False,331,0.39209997768355276,2.668413300602544,6.80544109277177,0.14694124691816451,6–12 Months,2024-06
CP23653,Go Campaign,Twitter,2024-02-23,2025-02-11,3623.0,138.0,9349.61,False,354,0.03808998067899531,2.580626552580734,67.75079710144928,0.014759973945437295,6–12 Months,2024-02
CP87180,Factor Campaign,Instagram,2024-10-20,2025-08-17,12021.0,503.0,39393.91,False,301,0.041843440645536974,3.2770909242159556,78.3179125248509,0.012768471065705332,6–12 Months,2024-10
CP37398,Cost Campaign,Google,2024-09-20,2025-04-03,3835.0,277.0,23829.95,False,195,0.07222946544980444,6.21380704041721,86.02870036101083,0.011624027746596195,6–12 Months,2024-09
CP31597,Actually Campaign,Twitter,2024-05-15,2025-08-09,14543.0,1373.0,20260.32,False,451,0.0944096816337757,1.393132091040363,14.756241806263656,0.06776793258941616,> 12 Months,2024-05
CP29257,Course Campaign,Facebook,2023-11-29,2025-05-25,1813.0,1329.0,46161.64,False,543,0.7330391616105901,25.46146718146718,34.73411587659895,0.02879013830531151,> 12 Months,2023-11
CP87956,Thousand Campaign,Facebook,2023-11-12,2025-03-21,11315.0,1269.0,2508.24,False,495,0.11215201060539107,0.22167388422448076,1.9765484633569739,0.5059324466558225,> 12 Months,2023-11
CP59302,Ago Campaign,LinkedIn,2024-06-09,2025-02-17,15056.0,1039.0,21049.68,False,253,0.06900903294367694,1.3980924548352816,20.259557266602503,0.04935942019071074,6–12 Months,2024-06
CP50223,Kitchen Campaign,Facebook,2024-03-06,2025-10-18,12951.0,653.0,44255.32,False,591,0.05042081692533395,3.4171353563431395,67.7723124042879,0.01475528817778292,> 12 Months,2024-03
CP61245,Performance Campaign,LinkedIn,2024-08-02,2025-09-27,9534.0,127.0,38307.97,False,421,0.013320746800923012,4.018037549821691,301.6375590551181,0.0033152370120369205,> 12 Months,2024-08
CP79732,Yeah Campaign,LinkedIn,2024-05-01,2025-02-24,2955.0,972.0,13954.44,False,299,0.32893401015228424,4.722314720812183,14.35641975308642,0.06965524951198328,6–12 Months,2024-05
CP25519,Among Campaign,Email,2024-07-05,2025-06-19,1068.0,1441.0,14535.95,True,349,1.349250936329588,13.610440074906368,10.087404580152672,0.09913352756441787,6–12 Months,2024-07
CP17759,Person Campaign,LinkedIn,2024-07-29,2025-03-24,3369.0,238.0,40597.37,False,238,0.07064410804392995,12.05027307806471,170.5771848739496,0.005862448725126775,6–12 Months,2024-07
CP90664,Line Campaign,Google,2024-01-20,2025-09-03,1504.0,176.0,7167.32,False,592,0.11702127659574468,4.765505319148936,40.72340909090909,0.024555900950424984,> 12 Months,2024-01
CP51796,Institution Campaign,LinkedIn,2024-02-22,2025-06-24,10084.0,1928.0,7646.22,False,488,0.19119397064656882,0.7582526775089251,3.9658817427385893,0.2521507359191862,> 12 Months,2024-02
CP70401,Number Campaign,Facebook,2024-10-08,2025-10-09,6907.0,1345.0,28986.99,False,366,0.1947299840741277,4.196755465469813,21.551665427509295,0.046400126401533924,> 12 Months,2024-10
CP18578,Name Campaign,Twitter,2024-01-30,2025-09-07,18242.0,810.0,45631.18,False,586,0.04440302598399298,2.501435149654643,56.33479012345679,0.017751020245367313,> 12 Months,2024-01
CP95553,South Campaign,Facebook,2024-06-05,2025-06-23,2257.0,1329.0,597.66,False,383,0.58883473637572,0.2648028356225077,0.449706546275395,2.2236723220560184,> 12 Months,2024-06
CP34819,Direction Campaign,Google,2023-12-03,2025-04-07,9690.0,1421.0,8409.95,False,491,0.14664602683178535,0.8678998968008257,5.918332160450388,0.16896652179858382,> 12 Months,2023-12
CP47157,Born Campaign,Email,2024-07-22,2024-12-06,13177.0,798.0,42789.38,False,137,0.06056006678303104,3.2472778325870832,53.62077694235589,0.018649487326060813,3–6 Months,2024-07
CP80038,Popular Campaign,Email,2023-12-23,2025-04-12,17957.0,1937.0,7299.65,False,476,0.10786879768335468,0.40650721167232834,3.7685338151781105,0.26535518826245097,> 12 Months,2023-12
CP72718,Deal Campaign,Instagram,2024-09-05,2025-01-25,3688.0,20.0,44904.84,False,142,0.005422993492407809,12.175932754880693,2245.2419999999997,0.0004453862879814292,3–6 Months,2024-09
CP75736,Opportunity Campaign,Google,2024-01-04,2025-01-26,19501.0,759.0,48230.12,False,388,0.038921080970206655,2.4732126557612433,63.544295125164695,0.0157370539405666,> 12 Months,2024-01
CP49408,Side Campaign,LinkedIn,2024-05-22,2025-07-17,17684.0,743.0,49875.74,False,421,0.04201538113548971,2.820387921284777,67.12751009421265,0.014897022079271406,> 12 Months,2024-05
CP25484,Decade Campaign,Email,2024-04-16,2024-11-16,2057.0,1216.0,16677.92,False,214,0.5911521633446767,8.107885269810403,13.715394736842104,0.0729107706476587,6–12 Months,2024-04
CP57336,Significant Campaign,Instagram,2023-10-30,2025-03-19,3371.0,596.0,49990.97,False,506,0.17680213586472857,14.829715218036192,83.87746644295302,0.011922153140857239,> 12 Months,2023-10
CP93957,More Campaign,Facebook,2024-05-13,2025-01-13,17845.0,426.0,35348.03,False,245,0.023872233118520592,1.9808366489212663,82.97659624413146,0.012051590993896973,6–12 Months,2024-05
CP35280,Season Campaign,LinkedIn,2023-11-14,2025-09-21,8670.0,1212.0,47880.1,False,677,0.1397923875432526,5.522502883506344,39.505033003300326,0.025313230339953342,> 12 Months,2023-11
CP77291,Reflect Campaign,Google,2024-07-24,2025-01-18,13727.0,798.0,32879.12,False,178,0.05813360530341662,2.3952152691775335,41.201904761904764,0.02427072257408349,3–6 Months,2024-07
CP13065,Surface Campaign,LinkedIn,2024-09-26,2025-03-31,9306.0,990.0,23766.18,False,186,0.10638297872340426,2.5538555770470666,24.006242424242423,0.04165583194270177,6–12 Months,2024-09
CP75682,Myself Campaign,Facebook,2024-10-13,2024-10-26,648.0,956.0,39382.7,True,13,1.4753086419753085,60.775771604938264,41.19529288702928,0.024274618042947792,< 1 Month,2024-10
CP24454,Out Campaign,Google,2024-01-04,2025-06-28,3102.0,716.0,22417.56,False,541,0.2308188265635074,7.226808510638298,31.309441340782126,0.03193924762552213,> 12 Months,2024-01
CP45069,Player Campaign,Email,2024-07-25,2025-08-01,13785.0,1368.0,34524.78,False,372,0.09923830250272035,2.50451795429815,25.237412280701754,0.03962371374995004,> 12 Months,2024-07
CP14271,Your Campaign,Email,2024-06-15,2025-04-15,16998.0,371.0,39913.42,False,304,0.02182609718790446,2.3481244852335568,107.5833423180593,0.009295119285693884,6–12 Months,2024-06
CP67719,Difficult Campaign,Facebook,2024-06-05,2025-03-14,4108.0,1065.0,16580.24,False,282,0.2592502434274586,4.036085686465434,15.56830046948357,0.06423308709644733,6–12 Months,2024-06
CP67248,Range Campaign,Email,2024-07-06,2025-01-28,16484.0,1281.0,892.29,False,206,0.07771172045619995,0.054130672166949764,0.6965573770491803,1.4356319133913862,6–12 Months,2024-07
CP29019,Lay Campaign,Google,2024-08-12,2024-10-28,16551.0,1618.0,32847.03,False,77,0.09775844359857411,1.984594888526373,20.301007416563657,0.04925863921334745,1–3 Months,2024-08
CP14660,Believe Campaign,Google,2024-09-26,2025-06-13,16296.0,1862.0,34208.3,False,260,0.11426116838487972,2.099183848797251,18.371804511278196,0.054431234524954464,6–12 Months,2024-09
CP42412,Four Campaign,Instagram,2024-04-05,2025-09-02,17315.0,1626.0,28097.82,False,515,0.09390701703725093,1.6227444412359227,17.280332103321033,0.05786925818444278,> 12 Months,2024-04
CP97315,Room Campaign,Facebook,2024-01-27,2025-09-23,4525.0,220.0,13410.78,False,605,0.04861878453038674,2.963708287292818,60.95809090909091,0.016404713223242794,> 12 Months,2024-01
CP65994,Me Campaign,Google,2023-12-30,2025-01-31,9974.0,1587.0,20646.27,False,398,0.15911369560858232,2.0700090234609987,13.009621928166352,0.07686618454568307,> 12 Months,2023-12
CP82485,Radio Campaign,Email,2023-10-25,2025-07-21,12545.0,1187.0,49349.22,False,635,0.09461937026703866,3.933776006377043,41.57474304970514,0.024053065073774214,> 12 Months,2023-10
CP54858,Project Campaign,Facebook,2023-11-13,2025-07-06,9731.0,1706.0,38672.35,False,601,0.17531600041105744,3.974139348473949,22.668434935521688,0.04411420562753492,> 12 Months,2023-11
CP23770,Lawyer Campaign,Email,2023-12-25,2025-04-21,11154.0,1608.0,963.28,False,483,0.1441635287789134,0.0863618432849202,0.5990547263681592,1.6692965700523212,> 12 Months,2023-12
CP49262,Each Campaign,Google,2024-06-05,2025-07-11,14152.0,1553.0,40511.05,False,401,0.10973713962690786,2.8625671283210856,26.085672891178366,0.03833521964994736,> 12 Months,2024-06
CP67315,Reach Campaign,Email,2024-09-26,2025-02-21,12613.0,1694.0,9461.52,False,148,0.1343058748909855,0.750140331404107,5.585312868949233,0.17904099975479626,3–6 Months,2024-09
CP43122,Evidence Campaign,Twitter,2023-10-23,2024-12-04,17288.0,86.0,7792.86,False,408,0.004974548819990745,0.45076700601573344,90.6146511627907,0.01103574297497966,> 12 Months,2023-10
CP24552,Better Campaign,Google,2024-02-19,2025-01-16,5094.0,1437.0,17197.81,False,332,0.28209658421672557,3.3760914801727524,11.96785664578984,0.08355715059068566,6–12 Months,2024-02
CP16840,Doctor Campaign,Facebook,2024-04-25,2024-12-28,11908.0,268.0,29749.45,False,247,0.022505878401074906,2.4982742693987237,111.0054104477612,0.009008569906334403,6–12 Months,2024-04
CP87482,Manager Campaign,Facebook,2024-07-18,2024-11-19,19325.0,148.0,37668.37,False,124,0.007658473479948254,1.9492041397153947,254.51601351351354,0.0039290258644056,3–6 Months,2024-07
CP90762,Find Campaign,Instagram,2024-04-19,2024-12-24,12516.0,1731.0,20306.11,False,249,0.13830297219558965,1.6224121124960051,11.730854997111496,0.08524527839157771,6–12 Months,2024-04
CP72223,Statement Campaign,Instagram,2024-03-10,2025-04-26,19575.0,324.0,35140.14,False,412,0.016551724137931035,1.7951540229885057,108.45722222222221,0.009220225075938799,> 12 Months,2024-03
CP32450,Success Campaign,Google,2023-12-12,2025-02-18,3963.0,462.0,4278.52,False,434,0.1165783497350492,1.07961645218269,9.260865800865801,0.10798126454942363,> 12 Months,2023-12
CP72225,Sport Campaign,Email,2024-05-11,2025-08-13,6662.0,313.0,15155.42,False,459,0.046982888021615134,2.2749054338036627,48.419872204472846,0.020652677391982538,> 12 Months,2024-05
CP48912,Rich Campaign,Email,2024-05-19,2025-02-23,9172.0,1979.0,948.46,False,280,0.21576537287396425,0.10340819886611427,0.4792622536634664,2.0865402863589395,6–12 Months,2024-05
CP39996,Fill Campaign,LinkedIn,2023-12-26,2025-09-18,2544.0,415.0,11205.22,False,632,0.16312893081761007,4.404567610062893,27.000530120481926,0.037036309862724694,> 12 Months,2023-12
CP40935,Present Campaign,LinkedIn,2023-12-07,2025-08-03,14376.0,1926.0,26781.51,False,605,0.13397328881469114,1.8629319699499165,13.9052492211838,0.0719152878235768,> 12 Months,2023-12
CP77011,Trip Campaign,Instagram,2024-04-20,2025-04-24,11011.0,307.0,41368.55,False,369,0.027881209699391517,3.757020252474798,134.7509771986971,0.007421096460958868,> 12 Months,2024-04
CP11774,Discover Campaign,Instagram,2024-09-03,2025-04-14,456.0,1153.0,6208.68,True,223,2.5285087719298245,13.615526315789474,5.384804856895057,0.1857077510839663,6–12 Months,2024-09
CP39396,Memory Campaign,Google,2024-05-10,2024-11-26,5309.0,1533.0,42987.51,False,200,0.28875494443398003,8.097101148992278,28.041428571428572,0.03566152121860512,6–12 Months,2024-05
CP76534,Deep Campaign,Instagram,2024-04-24,2024-12-03,5425.0,73.0,17215.81,False,223,0.013456221198156683,3.1734211981566824,235.83301369863017,0.004240288432551241,6–12 Months,2024-04
CP72293,Strategy Campaign,Google,2024-06-12,2025-05-23,16756.0,1379.0,27369.18,False,345,0.08229887801384579,1.6333957985199332,19.847121102248007,0.050385141242814,6–12 Months,2024-06
CP81141,Throughout Campaign,Email,2023-11-21,2025-07-17,14592.0,1562.0,42530.33,False,604,0.10704495614035088,2.914633360745614,27.22812419974392,0.036726731252731876,> 12 Months,2023-11
CP95542,Attack Campaign,Facebook,2024-04-25,2025-07-20,14096.0,1204.0,10834.81,False,451,0.08541430192962543,0.7686442962542565,8.999011627906976,0.11112331457589013,> 12 Months,2024-04
CP79722,Majority Campaign,Twitter,2024-10-02,2025-08-31,1099.0,104.0,3501.74,False,333,0.09463148316651501,3.1862966333030025,33.67057692307692,0.02969952080965463,6–12 Months,2024-10
CP10572,Brother Campaign,Twitter,2023-11-14,2024-10-31,15216.0,191.0,1460.59,False,352,0.012552576235541535,0.09599040483701367,7.647068062827224,0.13076907277196204,6–12 Months,2023-11
CP63365,Once Campaign,Google,2024-02-19,2025-05-11,552.0,1560.0,9867.46,True,447,2.8260869565217392,17.875833333333333,6.325294871794871,0.15809539638366915,> 12 Months,2024-02
CP87716,Figure Campaign,Instagram,2024-02-13,2025-09-20,3979.0,1812.0,42191.21,False,585,0.4553908017089721,10.603470721286754,23.284332229580574,0.04294733429072074,> 12 Months,2024-02
CP87006,Yet Campaign,Google,2023-11-18,2025-04-24,429.0,1514.0,46532.63,True,523,3.5291375291375293,108.467668997669,30.734894319682958,0.032536308392626855,> 12 Months,2023-11
CP59367,Let Campaign,Twitter,2024-04-15,2025-07-22,18278.0,1979.0,35706.43,False,463,0.10827223985118722,1.9535195316774265,18.04266296109146,0.055424191105075474,> 12 Months,2024-04
CP54756,Be Campaign,Facebook,2024-03-22,2025-09-11,14873.0,957.0,4558.12,False,538,0.06434478585356014,0.3064694412694144,4.762925809822361,0.2099549814397164,> 12 Months,2024-03
CP51036,Leg Campaign,Instagram,2023-11-02,2024-12-19,12584.0,668.0,43896.05,False,413,0.05308328035600763,3.4882430069930073,65.7126497005988,0.01521777016383023,> 12 Months,2023-11
CP53547,Election Campaign,Google,2024-10-02,2025-03-06,307.0,1619.0,13059.28,True,155,5.273615635179153,42.53837133550489,8.06626312538604,0.12397314400181327,3–6 Months,2024-10
CP86156,Do Campaign,Google,2023-12-23,2025-02-28,13527.0,1385.0,17775.97,False,433,0.10238781695867524,1.3141102979226733,12.834635379061373,0.0779141728974565,> 12 Months,2023-12
CP79382,Soon Campaign,LinkedIn,2024-01-10,2025-01-23,15849.0,534.0,38575.91,False,379,0.033692977474919554,2.43396491892233,72.239531835206,0.013842836111967287,> 12 Months,2024-01
CP81269,Stage Campaign,Email,2024-05-08,2025-09-21,16911.0,1903.0,41657.85,False,501,0.1125303057181716,2.463358169238957,21.89062007356805,0.045681666240576506,> 12 Months,2024-05
CP59760,Benefit Campaign,Instagram,2024-05-27,2025-07-11,16397.0,26.0,789.78,False,410,0.0015856559126669512,0.0481661279502348,30.376153846153844,0.03292056015599281,> 12 Months,2024-05
CP82243,Treatment Campaign,Google,2024-09-02,2024-10-24,18901.0,168.0,13535.2,False,52,0.00888841860219036,0.71611025871647,80.56666666666668,0.012412081092263135,1–3 Months,2024-09
CP68976,New Campaign,Facebook,2024-07-28,2025-09-26,5079.0,392.0,39328.4,False,425,0.07718054735184092,7.743335302224848,100.32755102040817,0.00996735183734909,> 12 Months,2024-07
CP92873,Must Campaign,Twitter,2024-04-02,2024-12-13,3255.0,165.0,24716.03,False,255,0.05069124423963134,7.593250384024577,149.7941212121212,0.006675829411114973,6–12 Months,2024-04
CP21851,Write Campaign,Google,2023-10-31,2025-01-29,8247.0,908.0,22046.55,False,456,0.11010064265793622,2.6732811931611495,24.28034140969163,0.041185582324672114,> 12 Months,2023-10
CP66337,Surface Campaign,Facebook,2024-09-08,2025-06-21,11044.0,1277.0,14372.56,False,286,0.11562839550887359,1.301390800434625,11.254941268598277,0.08884986390733454,6–12 Months,2024-09
CP94720,National Campaign,LinkedIn,2024-03-04,2025-08-24,13934.0,1697.0,39104.78,False,538,0.12178843117554183,2.806428879001005,23.043476723629933,0.043396229310074114,> 12 Months,2024-03
CP63857,Man Campaign,Google,2024-02-26,2025-10-20,5911.0,1649.0,35534.82,False,602,0.27897140923701574,6.011642700050753,21.54931473620376,0.046405187925533324,> 12 Months,2024-02
CP78183,Material Campaign,Facebook,2024-08-16,2025-08-24,11551.0,1611.0,31589.1,False,373,0.13946844429053762,2.7347502380746254,19.608379888268157,0.050998603948830455,> 12 Months,2024-08
CP45900,Performance Campaign,Instagram,2024-09-27,2025-09-19,1435.0,346.0,42966.18,False,357,0.24111498257839722,29.941588850174217,124.17971098265896,0.008052845284360862,6–12 Months,2024-09
CP64530,Need Campaign,Facebook,2023-11-30,2025-04-23,16726.0,1367.0,32053.93,False,510,0.08172904460121966,1.9164133684084659,23.448376005852232,0.042646876685635736,> 12 Months,2023-11
CP91174,Television Campaign,Google,2024-10-20,2025-03-03,16814.0,657.0,7285.97,False,134,0.03907458070655406,0.43332758415606043,11.089756468797566,0.09017330568201626,3–6 Months,2024-10
CP98667,Event Campaign,Facebook,2024-04-24,2024-11-26,162.0,676.0,6382.55,True,216,4.172839506172839,39.39845679012346,9.44164201183432,0.10591378054225975,6–12 Months,2024-04
CP32763,Check Campaign,Google,2024-08-17,2025-10-04,15781.0,600.0,10805.37,False,413,0.038020404283632216,0.6847075597237184,18.008950000000002,0.05552794582693605,> 12 Months,2024-08
CP78865,Few Campaign,Facebook,2024-08-03,2025-04-13,7756.0,647.0,26394.08,False,253,0.0834192882929345,3.403053120165034,40.79455950540959,0.02451307262840758,6–12 Months,2024-08
CP52884,Onto Campaign,Email,2024-02-21,2025-03-16,4251.0,1022.0,15601.63,False,389,0.240414020230534,3.6701082098329803,15.26578277886497,0.065505975978151,> 12 Months,2024-02
CP61496,Explain Campaign,Facebook,2023-11-03,2025-07-18,17368.0,29.0,36788.56,False,623,0.001669737448180562,2.1181805619530167,1268.5710344827585,0.0007882885331744435,> 12 Months,2023-11
CP10805,Gas Campaign,Twitter,2023-11-28,2024-11-08,8110.0,697.0,41133.52,False,346,0.08594327990135635,5.071950678175092,59.015093256814914,0.016944817754473724,6–12 Months,2023-11
CP61240,Easy Campaign,Google,2023-12-06,2025-07-19,4392.0,114.0,1654.31,False,591,0.025956284153005466,0.3766643897996357,14.511491228070176,0.06891090545302876,> 12 Months,2023-12
CP62952,Increase Campaign,LinkedIn,2024-01-12,2025-06-07,9880.0,609.0,19626.77,False,512,0.061639676113360325,1.9865151821862348,32.22786535303777,0.031029048590267273,> 12 Months,2024-01
CP93776,Sort Campaign,Google,2024-08-08,2024-10-22,15792.0,1186.0,40151.98,False,75,0.07510131712259371,2.5425519250253297,33.85495784148398,0.02953777123818053,1–3 Months,2024-08
CP71712,Hundred Campaign,Email,2024-10-01,2025-01-12,5677.0,1686.0,33707.02,False,103,0.2969878456931478,5.937470494979742,19.99230130486358,0.050019254149432375,3–6 Months,2024-10
CP17932,Sort Campaign,Google,2024-08-02,2025-07-16,14411.0,1089.0,5978.82,False,348,0.07556727499826521,0.4148789119422663,5.490192837465565,0.18214296466526841,6–12 Months,2024-08
CP88215,Per Campaign,Instagram,2024-08-20,2025-06-02,2388.0,40.0,32932.8,False,286,0.01675041876046901,13.790954773869348,823.32,0.0012145945683330903,6–12 Months,2024-08
CP72643,Since Campaign,Email,2024-02-26,2025-10-18,8352.0,913.0,49921.47,False,600,0.10931513409961686,5.9771875,54.67849945235488,0.018288724270338994,> 12 Months,2024-02
CP43616,Miss Campaign,Facebook,2024-10-02,2025-01-19,19588.0,1853.0,17819.39,False,109,0.09459873391872575,0.9097095160302225,9.616508364813814,0.10398784694650041,3–6 Months,2024-10
CP72109,Per Campaign,Instagram,2024-01-26,2025-06-24,5577.0,1052.0,2259.59,False,515,0.18863188093957325,0.40516227362381213,2.1478992395437264,0.46557118769334255,> 12 Months,2024-01
CP79230,Moment Campaign,Google,2023-11-07,2025-06-08,13017.0,1662.0,23403.59,False,579,0.12767918875316894,1.7979250211262197,14.081582430806257,0.07101474602828027,> 12 Months,2023-11
CP80951,Nor Campaign,Facebook,2023-12-06,2025-09-19,19550.0,1553.0,21418.8,False,653,0.07943734015345269,1.0955907928388746,13.791886670959434,0.07250639625002335,> 12 Months,2023-12
CP62485,Threat Campaign,Facebook,2024-07-21,2025-03-29,2397.0,762.0,6423.59,False,251,0.31789737171464333,2.6798456403838133,8.42990813648294,0.11862525472516147,6–12 Months,2024-07
CP43712,Field Campaign,Instagram,2024-08-06,2024-12-27,13888.0,250.0,45852.55,False,143,0.018001152073732717,3.3015949020737327,183.4102,0.0054522594708473135,3–6 Months,2024-08
CP50523,Sell Campaign,LinkedIn,2024-05-16,2024-12-18,4532.0,1098.0,96.86,False,216,0.24227714033539277,0.021372462488967344,0.08821493624772313,11.335948792071031,6–12 Months,2024-05
CP25265,Reflect Campaign,Facebook,2024-06-24,2024-12-26,13617.0,1219.0,9668.14,False,185,0.08952045237570684,0.7100051406330322,7.931205906480721,0.12608423129991914,6–12 Months,2024-06
CP94415,Suffer Campaign,Facebook,2024-08-18,2025-03-14,15602.0,1938.0,7062.77,False,208,0.12421484425073709,0.4526836303038072,3.6443601651186794,0.2743965894401205,6–12 Months,2024-08
CP79638,Protect Campaign,Email,2024-06-04,2025-05-15,3707.0,1630.0,5805.11,False,345,0.43970865929322905,1.5659859724844887,3.56141717791411,0.28078709964152276,6–12 Months,2024-06
CP51828,Data Campaign,Twitter,2023-12-12,2025-09-16,10236.0,1447.0,15057.04,False,644,0.14136381398983977,1.470988667448222,10.405694540428474,0.09610122573892345,> 12 Months,2023-12
CP15095,Food Campaign,Google,2024-05-30,2025-01-13,18577.0,691.0,34526.37,False,228,0.037196533347688,1.85855466436992,49.96580318379161,0.020013688088264127,6–12 Months,2024-05
CP73466,Former Campaign,Instagram,2024-06-29,2024-11-11,17081.0,1482.0,43090.94,False,135,0.0867630700778643,2.5227410573151454,29.07620782726046,0.034392380393651195,3–6 Months,2024-06
CP73823,Task Campaign,LinkedIn,2024-01-20,2025-05-09,18951.0,911.0,45294.16,False,475,0.048071341881694894,2.390067014933249,49.71916575192097,0.020112968206055702,> 12 Months,2024-01
CP37615,Oil Campaign,Instagram,2024-07-18,2025-07-02,16656.0,1611.0,47246.43,False,349,0.09672190201729107,2.8366012247838617,29.327392923649906,0.03409781437454639,6–12 Months,2024-07
CP51106,Reduce Campaign,Google,2024-03-19,2025-05-15,15793.0,1582.0,19974.67,False,422,0.1001709618185272,1.2647799658076362,12.626213653603033,0.07920030718905495,> 12 Months,2024-03
CP80162,Also Campaign,LinkedIn,2024-01-14,2025-01-03,11585.0,1356.0,31773.41,False,355,0.11704790677600345,2.74263357790246,23.431718289085545,0.04267719454726452,6–12 Months,2024-01
CP18291,Since Campaign,Email,2024-02-02,2025-10-14,17008.0,1605.0,8491.95,False,620,0.09436735653809972,0.49929150987770465,5.290934579439253,0.1890025259216081,> 12 Months,2024-02
CP60619,Bit Campaign,Twitter,2023-11-14,2025-09-22,14792.0,831.0,1461.61,False,678,0.056179015684153594,0.09881084369929691,1.7588567990373043,0.568551118287368,> 12 Months,2023-11
CP53301,Body Campaign,Instagram,2024-08-29,2024-10-29,15372.0,1650.0,34074.53,False,61,0.10733801717408274,2.2166621129326045,20.651230303030303,0.048423265119137374,1–3 Months,2024-08
CP44612,Soldier Campaign,Twitter,2023-11-05,2025-07-11,13355.0,1557.0,38933.75,False,614,0.11658554848371397,2.915293897416698,25.005619781631342,0.039991010370180116,> 12 Months,2023-11
CP37660,Truth Campaign,Facebook,2024-09-09,2025-08-14,4310.0,38.0,33102.14,False,339,0.008816705336426913,7.68031090487239,871.108947368421,0.0011479620350829283,6–12 Months,2024-09
CP51557,Tend Campaign,LinkedIn,2024-07-03,2025-09-13,17855.0,1788.0,14014.18,False,437,0.10014001680201624,0.7848882665919911,7.837908277404922,0.12758506027466465,> 12 Months,2024-07
CP73933,Discover Campaign,Twitter,2024-10-06,2024-12-22,6248.0,546.0,43323.33,False,77,0.08738796414852752,6.933951664532651,79.34675824175825,0.012602909333146829,1–3 Months,2024-10
CP83306,Central Campaign,LinkedIn,2024-07-09,2024-12-27,8146.0,835.0,29170.09,False,171,0.1025042965872821,3.5809096489074395,34.93423952095809,0.02862521164658731,3–6 Months,2024-07
CP96190,Which Campaign,LinkedIn,2024-05-15,2025-04-03,12524.0,1558.0,40232.47,False,323,0.1244011497923986,3.2124297349089748,25.823151476251606,0.03872494032804846,6–12 Months,2024-05
CP43121,Shoulder Campaign,Instagram,2024-10-10,2024-10-27,9999.0,890.0,14049.36,False,17,0.089008900890089,1.4050765076507652,15.785797752808989,0.06334808133608932,< 1 Month,2024-10
CP31922,Probably Campaign,Google,2023-11-19,2025-04-11,4977.0,631.0,49274.43,False,509,0.12678320273256982,9.900427968655817,78.0894294770206,0.01280583052914057,> 12 Months,2023-11
CP41273,Vote Campaign,Facebook,2023-11-20,2025-02-08,18592.0,1594.0,27478.04,False,446,0.08573580034423407,1.4779496557659209,17.238419071518194,0.058009959953475576,> 12 Months,2023-11
CP51789,Ago Campaign,Instagram,2024-10-02,2025-06-23,15055.0,847.0,12141.8,False,264,0.05626037861175689,0.8064961806708734,14.335064935064935,0.06975901431418735,6–12 Months,2024-10
CP51289,By Campaign,Facebook,2024-03-12,2025-01-01,2249.0,1660.0,19762.08,False,295,0.7381058248110272,8.787052023121388,11.90486746987952,0.08399925513913514,6–12 Months,2024-03
CP64078,Nice Campaign,Twitter,2024-07-07,2025-03-17,810.0,1519.0,28780.86,True,253,1.8753086419753087,35.531925925925925,18.94724160631995,0.052778131021797126,6–12 Months,2024-07
CP54938,Water Campaign,Email,2024-06-04,2025-02-22,1473.0,1256.0,9255.71,False,263,0.8526816021724372,6.283577732518669,7.369195859872611,0.13570001653033642,6–12 Months,2024-06
CP70929,Heart Campaign,LinkedIn,2023-11-04,2025-04-02,15372.0,1064.0,32412.85,False,515,0.0692167577413479,2.108564272703617,30.463204887218044,0.032826487025978894,> 12 Months,2023-11
CP64318,Benefit Campaign,Facebook,2024-09-13,2025-02-19,7893.0,790.0,46011.04,False,159,0.10008868617762574,5.829347523121753,58.241822784810125,0.01716979229332786,3–6 Months,2024-09
CP25927,Ago Campaign,Twitter,2024-07-23,2025-02-02,5490.0,184.0,10950.76,False,194,0.03351548269581057,1.9946739526411659,59.515,0.01680248676804167,6–12 Months,2024-07
CP43757,Stage Campaign,Facebook,2024-02-02,2024-12-10,31.0,1577.0,5927.41,True,312,50.87096774193548,191.20677419354837,3.7586620164870004,0.26605212057205424,6–12 Months,2024-02
CP17808,Case Campaign,Facebook,2024-01-13,2025-03-23,2678.0,1037.0,43259.06,False,435,0.38722927557879017,16.153495145631066,41.715583413693345,0.02397185699365636,> 12 Months,2024-01
CP83670,Pull Campaign,Google,2024-04-26,2025-03-02,286.0,41.0,32791.91,False,310,0.14335664335664336,114.65702797202799,799.8026829268293,0.0012503083839886116,6–12 Months,2024-04
CP36792,Under Campaign,Twitter,2024-04-12,2025-07-07,8940.0,3.0,28600.34,False,451,0.0003355704697986577,3.199143176733781,9533.446666666667,0.00010489385790518575,> 12 Months,2024-04
CP99277,Plan Campaign,Instagram,2024-07-20,2025-05-10,5240.0,258.0,4652.17,False,294,0.04923664122137405,0.8878187022900763,18.031666666666666,0.055457990572141604,6–12 Months,2024-07
CP63803,Once Campaign,Google,2024-05-13,2025-06-02,3928.0,334.0,15432.83,False,385,0.08503054989816701,3.9289282077393075,46.20607784431138,0.02164217450720315,> 12 Months,2024-05
CP73689,Board Campaign,Google,2024-06-22,2025-07-08,17350.0,372.0,16116.78,False,381,0.02144092219020173,0.928921037463977,43.32467741935484,0.023081533656226616,> 12 Months,2024-06
CP62283,Young Campaign,Email,2024-08-31,2025-01-17,17675.0,1002.0,12761.45,False,139,0.05669024045261669,0.722005657708628,12.735978043912176,0.07851772329946832,3–6 Months,2024-08
CP64166,New Campaign,Instagram,2024-03-25,2025-07-22,2100.0,1865.0,39113.57,False,484,0.888095238095238,18.625509523809523,20.972423592493296,0.04768166137736852,> 12 Months,2024-03
CP76847,Child Campaign,Google,2024-09-09,2024-10-31,231.0,413.0,28748.11,True,52,1.7878787878787878,124.45069264069264,69.60801452784504,0.014366161810289442,1–3 Months,2024-09
CP90775,Technology Campaign,Email,2024-01-29,2024-11-30,18644.0,1861.0,16280.09,False,306,0.09981763570049346,0.8732080025745548,8.748033315421816,0.11431140736936958,6–12 Months,2024-01
CP16510,If Campaign,Instagram,2024-09-16,2025-08-10,17525.0,1183.0,8040.08,False,328,0.06750356633380884,0.4587777460770328,6.796348267117498,0.14713783942448333,6–12 Months,2024-09
CP32139,Describe Campaign,Twitter,2024-04-16,2025-08-30,16710.0,652.0,3742.91,False,501,0.039018551765409935,0.22399222022740872,5.7406595092024535,0.17419601326240813,> 12 Months,2024-04
CP38834,Arm Campaign,Google,2023-12-21,2025-05-21,5959.0,1898.0,42453.35,False,517,0.31850981708340326,7.124240644403423,22.36741306638567,0.044707897021083146,> 12 Months,2023-12
CP90186,New Campaign,Facebook,2023-11-15,2025-05-11,7753.0,1533.0,44672.58,False,543,0.1977299110021927,5.76197342964014,29.140626223091978,0.034316352447071555,> 12 Months,2023-11
CP56641,Daughter Campaign,Google,2024-03-11,2025-10-10,10643.0,338.0,38928.46,False,578,0.03175796298036268,3.6576585549187257,115.17295857988165,0.008682593660268093,> 12 Months,2024-03
CP97655,Star Campaign,Instagram,2023-11-04,2025-06-16,3647.0,886.0,47901.2,False,590,0.24293940224842336,13.134411845352343,54.06455981941309,0.018496405100498527,> 12 Months,2023-11
CP92304,Authority Campaign,LinkedIn,2024-06-20,2025-09-18,1170.0,393.0,37917.62,False,455,0.33589743589743587,32.40822222222222,96.48249363867686,0.010364574569817408,> 12 Months,2024-06
CP34408,Opportunity Campaign,Twitter,2024-10-14,2025-10-15,175.0,747.0,37808.38,True,366,4.268571428571429,216.0478857142857,50.61362784471218,0.019757524654587157,> 12 Months,2024-10
CP27437,Take Campaign,Twitter,2024-02-12,2025-04-01,5590.0,1294.0,1921.03,False,414,0.23148479427549196,0.343654740608229,1.4845672333848532,0.6735969766219164,> 12 Months,2024-02
CP53001,Skin Campaign,Instagram,2024-08-19,2025-03-16,3071.0,447.0,40583.79,False,209,0.14555519374796483,13.215170954086616,90.79147651006711,0.011014249778051778,6–12 Months,2024-08
CP43044,International Campaign,Google,2024-10-03,2024-12-26,11791.0,1367.0,40379.6,False,84,0.11593588330082266,3.4246119921974385,29.53884418434528,0.03385372812013988,1–3 Months,2024-10
CP11549,Either Campaign,LinkedIn,2024-09-11,2025-01-19,3634.0,933.0,35147.15,False,130,0.25674188222344524,9.671752889378096,37.67111468381565,0.02654553783165918,3–6 Months,2024-09
CP35928,Protect Campaign,Email,2024-09-10,2024-10-22,2607.0,272.0,6634.23,False,42,0.10433448408131953,2.5447756041426928,24.390551470588235,0.0409994829844609,1–3 Months,2024-09
CP15883,Choice Campaign,Instagram,2024-07-29,2025-08-08,3308.0,1772.0,9012.24,False,375,0.535671100362757,2.724377267230955,5.085914221218961,0.1966214836710962,> 12 Months,2024-07
CP44972,Grow Campaign,Google,2024-10-08,2025-06-15,10973.0,210.0,25262.67,False,250,0.019137883896837692,2.302257358972022,120.29842857142856,0.008312660538256645,6–12 Months,2024-10
CP24647,Congress Campaign,Facebook,2024-04-13,2025-10-18,3786.0,667.0,42844.25,False,553,0.17617538298996302,11.316494981510829,64.23425787106447,0.015568016711694102,> 12 Months,2024-04
CP94686,Scientist Campaign,Google,2024-07-04,2025-06-29,9562.0,1587.0,25470.72,False,360,0.16596946245555322,2.6637439866136794,16.04960302457467,0.06230683702698628,6–12 Months,2024-07
CP76500,Buy Campaign,Google,2024-08-04,2025-03-28,8887.0,902.0,29070.09,False,236,0.1014965680207044,3.271080229548779,32.228481152993346,0.03102845570825546,6–12 Months,2024-08
CP23427,World Campaign,Email,2024-02-18,2025-03-08,5287.0,1677.0,4186.69,False,384,0.3171931151881975,0.7918838660866275,2.496535480023852,0.4005550924477332,> 12 Months,2024-02
CP45205,Never Campaign,Facebook,2024-03-01,2024-10-22,9313.0,1449.0,953.84,False,235,0.1555889616664877,0.10242027273703426,0.6582746721877157,1.5191227040174453,6–12 Months,2024-03
CP41275,Explain Campaign,Twitter,2024-02-10,2025-06-18,3122.0,868.0,32686.83,False,494,0.27802690582959644,10.469836643177452,37.65763824884793,0.026555037609948717,> 12 Months,2024-02
CP49404,Skill Campaign,LinkedIn,2023-11-30,2025-06-11,17806.0,1569.0,29891.77,False,559,0.08811636527013367,1.6787470515556555,19.051478648820904,0.05248936412932389,> 12 Months,2023-11
CP41375,Year Campaign,Google,2023-11-16,2025-06-10,2174.0,374.0,35311.55,False,572,0.17203311867525298,16.24266329346826,94.4159090909091,0.010591435380208458,> 12 Months,2023-11
CP57242,Figure Campaign,Email,2024-10-07,2025-04-24,9104.0,405.0,36215.59,False,199,0.04448594024604569,3.977986599297012,89.4212098765432,0.011183029187153932,6–12 Months,2024-10
CP98880,Remember Campaign,Instagram,2024-06-25,2025-06-26,11408.0,488.0,15272.87,False,366,0.042776998597475455,1.3387859396914448,31.29686475409836,0.03195208235256373,> 12 Months,2024-06
CP10033,Receive Campaign,Twitter,2024-06-22,2025-01-07,13669.0,1851.0,38233.6,False,199,0.13541590460165337,2.797102933645475,20.65564559697461,0.048412914295279545,6–12 Months,2024-06
CP22302,Business Campaign,Instagram,2024-09-29,2025-05-02,10572.0,383.0,41454.39,False,215,0.03622777147181233,3.921149262202043,108.23600522193212,0.009239069734230802,6–12 Months,2024-09
CP91171,Word Campaign,Instagram,2024-07-27,2025-09-29,19772.0,403.0,31461.19,False,429,0.020382358891361523,1.591199170544204,78.06746898263027,0.01280943282819245,> 12 Months,2024-07
CP96564,Best Campaign,Twitter,2024-10-12,2025-05-16,12201.0,1640.0,25258.25,False,216,0.1344152118678797,2.07017867387919,15.401371951219513,0.06492928053210337,6–12 Months,2024-10
CP25161,Force Campaign,Facebook,2024-06-19,2024-12-07,3638.0,946.0,42771.99,False,171,0.2600329851566795,11.757006597031335,45.213520084566596,0.02211727815329612,3–6 Months,2024-06
CP34710,Car Campaign,Facebook,2024-04-20,2024-11-08,13757.0,844.0,18242.26,False,202,0.06135058515664753,1.3260347459475175,21.61405213270142,0.04626619728038083,6–12 Months,2024-04
CP66153,Figure Campaign,Email,2024-09-24,2025-04-01,14148.0,1043.0,25550.71,False,189,0.07372066723211762,1.8059591461690698,24.497325023969317,0.04082078345376704,6–12 Months,2024-09
CP58407,Move Campaign,LinkedIn,2024-02-22,2025-08-08,13306.0,1133.0,34918.91,False,533,0.08514955659101157,2.624298061025102,30.81986760812004,0.03244660271468954,> 12 Months,2024-02
CP72859,If Campaign,Instagram,2024-10-04,2024-11-08,2763.0,703.0,19249.24,False,35,0.2544335866811437,6.966789721317409,27.381564722617355,0.03652092238446816,1–3 Months,2024-10
CP46899,Great Campaign,Google,2024-01-16,2025-08-21,4462.0,1206.0,30928.53,False,583,0.2702823845809054,6.931539668310174,25.645547263681593,0.03899312382450767,> 12 Months,2024-01
CP99334,Make Campaign,Twitter,2024-01-10,2024-11-23,3489.0,1455.0,11057.55,False,318,0.4170249355116079,3.169260533104041,7.599690721649484,0.13158430212841002,6–12 Months,2024-01
CP60536,Hard Campaign,Google,2024-08-01,2025-09-15,4827.0,997.0,47319.57,False,410,0.2065465092189766,9.803101305158483,47.46195586760281,0.021069506760099468,> 12 Months,2024-08
CP10445,Science Campaign,Instagram,2024-09-06,2025-08-07,11787.0,1281.0,29988.2,False,335,0.108679053194197,2.544175786883855,23.40999219359875,0.042716801942097225,6–12 Months,2024-09
CP70248,Figure Campaign,Facebook,2024-07-12,2025-02-27,1798.0,842.0,42335.69,False,230,0.4682981090100111,23.54598998887653,50.279916864608076,0.019888656592109397,6–12 Months,2024-07
CP57874,Through Campaign,LinkedIn,2024-02-29,2025-05-16,815.0,407.0,4578.68,False,442,0.49938650306748467,5.61801226993865,11.249828009828011,0.08889024784435688,> 12 Months,2024-02
CP52057,The Campaign,Facebook,2023-12-18,2024-12-02,16993.0,367.0,33810.82,False,350,0.021597128229270877,1.9896910492555757,92.1275749318801,0.010854513436822887,6–12 Months,2023-12
CP25384,Region Campaign,Google,2024-01-18,2025-01-25,2316.0,1646.0,39138.24,False,373,0.7107081174438687,16.89906735751295,23.77778857837181,0.04205605566320816,> 12 Months,2024-01
CP41343,Majority Campaign,Facebook,2024-06-02,2025-05-06,10599.0,796.0,42601.0,False,338,0.07510142466270403,4.01934144730635,53.518844221105525,0.018685007394192623,6–12 Months,2024-06
CP66022,Weight Campaign,LinkedIn,2023-10-23,2025-05-30,11580.0,656.0,39529.5,False,585,0.056649395509499136,3.41360103626943,60.25838414634146,0.016595201052378602,> 12 Months,2023-10
CP41255,Mention Campaign,Facebook,2023-12-21,2025-01-08,12776.0,709.0,39997.89,False,384,0.05549467752035066,3.1307052285535377,56.41451339915373,0.017725935043073522,> 12 Months,2023-12
CP18361,Particularly Campaign,LinkedIn,2024-07-17,2025-10-17,12929.0,71.0,47958.59,False,457,0.005491530667491686,3.7093812359811276,675.4730985915493,0.0014804438579199264,> 12 Months,2024-07
CP63216,Police Campaign,Instagram,2023-11-23,2025-10-15,15084.0,321.0,36117.81,False,692,0.021280827366746222,2.394445107398568,112.51654205607475,0.008887582054393665,> 12 Months,2023-11
CP16414,Win Campaign,Twitter,2024-08-05,2025-08-03,13515.0,131.0,2609.92,False,363,0.009692933777284498,0.19311283758786535,19.923053435114504,0.05019310936733693,6–12 Months,2024-08
CP60103,Sound Campaign,Google,2024-10-18,2025-06-03,2885.0,638.0,6835.02,False,228,0.22114384748700172,2.369157712305026,10.71319749216301,0.0933428139200763,6–12 Months,2024-10
CP13373,Soldier Campaign,LinkedIn,2024-01-20,2024-11-20,956.0,1419.0,12507.37,True,305,1.4843096234309623,13.083023012552301,8.814214235377026,0.11345310804749519,6–12 Months,2024-01
CP18532,Action Campaign,Google,2024-10-04,2025-08-29,11126.0,675.0,38443.68,False,329,0.060668703936724785,3.4553010965306488,56.9536,0.01755815260141589,6–12 Months,2024-10
CP62983,American Campaign,Google,2024-02-13,2025-02-22,17306.0,1882.0,19496.49,False,375,0.1087484109557379,1.1265740205709003,10.359452709883104,0.09653019594809116,> 12 Months,2024-02
CP11061,No Campaign,Facebook,2024-05-15,2025-02-17,8608.0,533.0,23962.28,False,278,0.06191914498141264,2.7837221189591075,44.95737335834897,0.02224329237451528,6–12 Months,2024-05
CP93908,Value Campaign,Google,2024-05-16,2025-05-07,8018.0,1178.0,20108.87,False,356,0.14691943127962084,2.5079658268894987,17.0703480475382,0.05858111370753305,6–12 Months,2024-05
CP87131,Case Campaign,Google,2024-05-26,2025-05-01,3327.0,980.0,40014.61,False,340,0.29455966336038475,12.027234746017433,40.831234693877555,0.024491054642291902,6–12 Months,2024-05
CP68153,Music Campaign,Facebook,2024-08-10,2025-04-26,9695.0,15.0,49608.77,False,259,0.0015471892728210418,5.116943785456421,3307.251333333333,0.00030236589215979355,6–12 Months,2024-08
CP78629,Total Campaign,Facebook,2024-02-09,2025-03-31,12790.0,1578.0,42150.85,False,416,0.1233776387802971,3.2956098514464425,26.71156527249683,0.03743696746328959,> 12 Months,2024-02
CP93257,Almost Campaign,Twitter,2024-03-23,2025-08-07,10762.0,803.0,16668.3,False,502,0.07461438394350492,1.5488106299944249,20.757534246575343,0.04817527882267538,> 12 Months,2024-03
CP17241,Majority Campaign,Facebook,2024-06-02,2025-02-18,2588.0,251.0,38811.71,False,261,0.09698608964451313,14.996796754250386,154.62832669322708,0.006467120361354859,6–12 Months,2024-06
CP36692,That Campaign,Facebook,2024-01-11,2025-02-21,3799.0,842.0,9508.09,False,407,0.22163727296657015,2.50278757567781,11.292268408551069,0.0885561663804192,> 12 Months,2024-01
CP83300,Focus Campaign,LinkedIn,2024-02-19,2025-08-09,8144.0,1495.0,4711.24,False,537,0.18357072691552062,0.578492141453831,3.1513311036789298,0.3173262240938691,> 12 Months,2024-02
CP75348,Produce Campaign,Twitter,2024-10-12,2025-03-11,18892.0,1684.0,36525.29,False,150,0.08913825958077493,1.9333733855600255,21.68960213776722,0.04610504119200696,3–6 Months,2024-10
CP95133,Relate Campaign,LinkedIn,2024-05-19,2025-05-08,13898.0,1360.0,46245.3,False,354,0.09785580659087638,3.3274787739243057,34.00389705882353,0.02940839393408627,6–12 Months,2024-05
CP25076,Remember Campaign,Twitter,2023-11-17,2025-06-26,4843.0,1288.0,5835.44,False,587,0.2659508569068759,1.2049225686557918,4.530621118012422,0.2207202884444018,> 12 Months,2023-11
CP11996,Human Campaign,Facebook,2024-03-16,2025-05-16,10253.0,937.0,39803.13,False,426,0.09138788647225203,3.88209597191066,42.47932764140875,0.02354086223872344,> 12 Months,2024-03
CP82853,Behind Campaign,LinkedIn,2024-07-18,2025-06-03,10673.0,1444.0,17636.37,False,320,0.1352946687904057,1.6524285580436615,12.213552631578947,0.08187625911681373,6–12 Months,2024-07
CP63166,Hair Campaign,Facebook,2024-03-04,2025-07-08,19256.0,1225.0,22895.37,False,491,0.06361653510594101,1.1889992729538845,18.69009795918367,0.0535042674566954,> 12 Months,2024-03
CP31183,Send Campaign,Google,2024-09-03,2024-10-31,9903.0,1015.0,18668.61,False,58,0.10249419367868323,1.8851469251741897,18.392719211822662,0.054369339763378204,1–3 Months,2024-09
CP17918,Miss Campaign,Email,2024-09-10,2025-05-24,11286.0,359.0,26421.9,False,256,0.031809321283005496,2.3411217437533227,73.59860724233984,0.013587213637172194,6–12 Months,2024-09
CP90691,With Campaign,Email,2023-11-21,2025-03-25,12428.0,1516.0,24626.05,False,490,0.12198261989056969,1.9814974251689732,16.244096306068602,0.06156082684799227,> 12 Months,2023-11
CP44025,Answer Campaign,Google,2024-04-04,2024-12-13,14938.0,1567.0,3594.7,False,253,0.10490025438479046,0.24064131744544115,2.2940012763241864,0.43591954822377393,6–12 Months,2024-04
CP11411,Enjoy Campaign,Twitter,2024-06-06,2025-09-30,3815.0,837.0,3182.64,False,481,0.21939711664482306,0.8342437745740497,3.802437275985663,0.26298921649950985,> 12 Months,2024-06
CP73021,Civil Campaign,Email,2024-04-04,2025-04-07,5149.0,749.0,10031.94,False,368,0.14546513886191492,1.9483278306467275,13.393778371161549,0.07466153106976317,> 12 Months,2024-04
CP20788,Produce Campaign,Email,2024-04-11,2025-07-09,10800.0,725.0,12207.61,False,454,0.06712962962962964,1.1303342592592593,16.83808275862069,0.059389184287505906,> 12 Months,2024-04
CP37567,Home Campaign,Facebook,2023-10-24,2025-08-31,150.0,731.0,23334.55,True,677,4.873333333333333,155.56366666666665,31.92140902872777,0.03132693795252105,> 12 Months,2023-10
CP16336,White Campaign,Google,2024-06-07,2025-05-06,15102.0,768.0,24771.54,False,333,0.05085419149781486,1.6402820818434645,32.254609375,0.03100332074630806,6–12 Months,2024-06
CP31752,For Campaign,Google,2024-02-20,2024-12-05,13268.0,873.0,48831.65,False,289,0.06579740729574918,3.680407747965029,55.935452462772055,0.017877749369517516,6–12 Months,2024-02
CP28843,Kind Campaign,Facebook,2024-07-03,2024-12-18,9896.0,1895.0,2974.24,False,168,0.19149151172190784,0.3005497170573969,1.5695197889182058,0.637137554467696,3–6 Months,2024-07
CP22371,Democrat Campaign,Facebook,2024-01-24,2025-03-15,17082.0,1463.0,34940.64,False,416,0.08564570893338017,2.0454654021777308,23.88287081339713,0.041871013238452416,> 12 Months,2024-01
CP13788,Short Campaign,Google,2024-10-16,2025-04-16,8368.0,1612.0,46633.61,False,182,0.19263862332695986,5.572850143403442,28.92903846153846,0.03456734316729929,6–12 Months,2024-10
CP38099,Always Campaign,Instagram,2024-02-16,2024-10-26,10251.0,1091.0,24036.51,False,253,0.10642864110818456,2.3447966052092477,22.031631530705774,0.045389284883704,6–12 Months,2024-02
CP46980,Sister Campaign,Instagram,2024-04-19,2024-11-04,9644.0,184.0,7873.03,False,199,0.01907922024056408,0.8163656159270012,42.78820652173913,0.02337092580620168,6–12 Months,2024-04
CP84473,Interesting Campaign,Instagram,2024-09-16,2025-09-07,11574.0,1216.0,31440.62,False,356,0.10506307240366339,2.7164869535165024,25.855773026315788,0.03867608208743975,6–12 Months,2024-09
CP34079,Own Campaign,Twitter,2024-03-10,2025-04-22,4071.0,1425.0,35813.65,False,408,0.35003684598378776,8.79726111520511,25.13238596491228,0.03978929821450759,> 12 Months,2024-03
CP33404,Amount Campaign,Facebook,2023-12-27,2025-06-25,6443.0,1222.0,34748.39,False,546,0.1896632003724973,5.393200372497284,28.43567103109656,0.03516709695039108,> 12 Months,2023-12
CP68869,Service Campaign,Email,2023-11-01,2025-03-16,4885.0,1368.0,10932.4,False,501,0.28004094165813714,2.2379529170931423,7.991520467836257,0.12513263327357213,> 12 Months,2023-11
CP62923,Drug Campaign,Instagram,2024-07-16,2025-06-26,19551.0,1125.0,6789.63,False,345,0.05754181371796839,0.3472778885990486,6.0352266666666665,0.16569385960648814,6–12 Months,2024-07
CP25643,People Campaign,Facebook,2024-09-20,2025-05-18,14777.0,885.0,39280.7,False,240,0.05989037016985856,2.6582323881708056,44.38497175141243,0.022530148393485862,6–12 Months,2024-09
CP94466,Position Campaign,Google,2023-12-27,2025-07-03,17769.0,559.0,15882.36,False,554,0.031459283020991616,0.893824075637346,28.412093023255814,0.03519628065350489,> 12 Months,2023-12
CP49495,Interest Campaign,Instagram,2024-07-09,2025-05-23,14401.0,1424.0,19843.41,False,318,0.09888202208179987,1.3779188945212137,13.93497893258427,0.07176185947878919,6–12 Months,2024-07
CP11676,Home Campaign,Instagram,2024-02-22,2025-06-22,8870.0,1150.0,24939.44,False,486,0.12965050732807215,2.811661781285231,21.68646956521739,0.04611170098446477,> 12 Months,2024-02
CP67643,Peace Campaign,Instagram,2024-10-09,2025-04-01,12635.0,309.0,43360.54,False,174,0.02445587653343886,3.4317799762564305,140.3253721682848,0.00712629501385361,3–6 Months,2024-10
CP56291,Term Campaign,Instagram,2024-09-07,2025-06-09,12606.0,247.0,12018.89,False,275,0.019593844201174045,0.9534261462795494,48.659473684210525,0.02055098266146042,6–12 Months,2024-09
CP34540,Suffer Campaign,Google,2024-02-14,2025-02-21,19845.0,10.0,5962.11,False,373,0.0005039052658100278,0.30043386243386244,596.211,0.0016772585544379424,> 12 Months,2024-02
CP44242,Role Campaign,Facebook,2024-03-26,2025-06-21,17661.0,519.0,38985.75,False,452,0.02938678444029217,2.2074486155936808,75.11705202312139,0.013312556511032877,> 12 Months,2024-03
CP70340,Rise Campaign,LinkedIn,2024-08-19,2025-02-12,17812.0,392.0,3986.78,False,177,0.022007635302043565,0.2238255108915338,10.170357142857144,0.09832496400603996,3–6 Months,2024-08
CP36813,Room Campaign,LinkedIn,2024-03-18,2025-02-01,6764.0,1534.0,6977.51,False,320,0.22678888231815494,1.0315656416321703,4.548572359843546,0.21984920121934615,6–12 Months,2024-03
CP21671,Side Campaign,Facebook,2024-03-13,2025-08-26,14676.0,1564.0,12664.62,False,531,0.1065685472880894,0.8629476696647589,8.097583120204604,0.12349363818259054,> 12 Months,2024-03
CP67312,Officer Campaign,Facebook,2024-08-11,2024-10-28,2234.0,763.0,22946.64,False,78,0.3415398388540734,10.27154879140555,30.074233289646134,0.03325105549222021,1–3 Months,2024-08
CP31948,Cultural Campaign,Email,2024-02-19,2025-08-25,1724.0,955.0,44320.1,False,553,0.5539443155452436,25.707714617169373,46.40848167539267,0.021547785316368872,> 12 Months,2024-02
CP29794,Follow Campaign,Facebook,2024-06-01,2025-10-20,16906.0,1316.0,44801.69,False,506,0.07784218620608069,2.650046728971963,34.04383738601824,0.029373891922380605,> 12 Months,2024-06
CP24479,Unit Campaign,LinkedIn,2023-10-24,2025-07-27,17592.0,523.0,36170.92,False,642,0.029729422464756707,2.056100500227376,69.16045889101338,0.014459129046206179,> 12 Months,2023-10
CP39312,Idea Campaign,Email,2023-12-28,2024-12-07,5110.0,1951.0,41252.03,False,345,0.3818003913894325,8.072804305283757,21.144044079958995,0.04729464222730372,6–12 Months,2023-12
CP52568,Want Campaign,Twitter,2024-01-01,2024-10-23,12149.0,274.0,37201.47,False,296,0.022553296567618734,3.062101407523253,135.7717883211679,0.007365300349690482,6–12 Months,2024-01
CP78723,Learn Campaign,Twitter,2024-02-17,2025-05-14,3496.0,0.0,20610.95,False,452,0.0,5.8955806636155605,,0.0,> 12 Months,2024-02
CP67535,Improve Campaign,Twitter,2024-03-28,2024-12-26,2456.0,1899.0,16951.94,False,273,0.7732084690553745,6.902255700325733,8.926771985255398,0.1120225767670249,6–12 Months,2024-03
CP87244,That Campaign,Instagram,2024-04-14,2025-09-04,566.0,1774.0,21753.09,True,508,3.1342756183745584,38.433021201413425,12.2621702367531,0.08155163243474835,> 12 Months,2024-04
CP12772,Whose Campaign,Instagram,2023-11-07,2025-08-18,10806.0,1706.0,587.12,False,650,0.15787525448824727,0.05433277808624838,0.3441500586166471,2.9057092246900122,> 12 Months,2023-11
CP28572,Race Campaign,Google,2024-04-27,2025-06-18,4862.0,1646.0,19139.6,False,417,0.3385438091320444,3.936569313039901,11.627946537059538,0.0859997074129031,> 12 Months,2024-04
CP13476,Media Campaign,LinkedIn,2024-04-09,2025-06-14,589.0,1749.0,29187.62,True,431,2.969439728353141,49.554533106960946,16.68817610062893,0.059922665842572984,> 12 Months,2024-04
CP60367,Knowledge Campaign,Facebook,2024-08-09,2025-03-22,8708.0,1527.0,30171.31,False,225,0.1753559944878273,3.464780661460726,19.758552717747218,0.05061099435191909,6–12 Months,2024-08
CP93333,Ability Campaign,Google,2024-09-02,2025-03-28,10649.0,927.0,4256.79,False,207,0.08705042727016621,0.39973612545778947,4.592006472491909,0.2177697278935536,6–12 Months,2024-09
CP43991,Occur Campaign,Facebook,2024-07-11,2025-07-13,2066.0,1643.0,48008.9,False,367,0.7952565343659245,23.237608906098743,29.220267802799757,0.03422282118523857,> 12 Months,2024-07
CP43739,Add Campaign,Google,2024-02-13,2025-04-29,1227.0,1438.0,9305.42,True,441,1.171964140179299,7.583879380603097,6.4710848400556324,0.1545335943998229,> 12 Months,2024-02
CP63006,Trade Campaign,Instagram,2024-06-21,2025-07-16,13609.0,1413.0,1135.72,False,390,0.1038283488867661,0.08345359688441473,0.8037650389242746,1.244144683548762,> 12 Months,2024-06
CP68068,Different Campaign,Email,2024-02-22,2025-04-07,15053.0,1830.0,44731.51,False,410,0.12157045107287584,2.9716010097654952,24.443448087431694,0.04091075843404347,> 12 Months,2024-02
CP71244,Traditional Campaign,Instagram,2024-05-25,2025-10-16,5092.0,214.0,25884.17,False,509,0.0420267085624509,5.0833012568735265,120.95406542056074,0.008267601394983885,> 12 Months,2024-05
CP59876,Themselves Campaign,Facebook,2024-01-04,2025-09-29,12427.0,1126.0,28938.52,False,634,0.09060915747968135,2.3286810976100427,25.700284191829486,0.0389100755670988,> 12 Months,2024-01
CP15183,Much Campaign,LinkedIn,2023-12-28,2025-05-30,17707.0,383.0,18942.87,False,519,0.021629863895634496,1.0697955610775398,49.45919060052219,0.020218689142669513,> 12 Months,2023-12
CP59307,Budget Campaign,Facebook,2023-11-26,2025-01-16,10057.0,1379.0,30409.31,False,417,0.13711842497762752,3.023695933180869,22.05171138506164,0.045347954294260535,> 12 Months,2023-11
CP51493,Protect Campaign,Google,2024-04-07,2024-10-27,14575.0,888.0,41821.48,False,203,0.060926243567753,2.869398284734134,47.09626126126126,0.02123310796270242,6–12 Months,2024-04
CP50574,Hair Campaign,Google,2024-04-23,2025-08-08,18631.0,822.0,7291.96,False,472,0.044120015028715584,0.3913885459717675,8.870997566909976,0.11272689372953225,> 12 Months,2024-04
CP89900,Gas Campaign,Google,2024-05-14,2025-01-24,7411.0,692.0,33471.71,False,255,0.09337471326406693,4.516490352179193,48.36952312138728,0.02067417529609333,6–12 Months,2024-05
CP85334,Road Campaign,Google,2024-03-27,2025-05-04,5650.0,1490.0,23587.17,False,403,0.26371681415929205,4.174720353982301,15.830315436241609,0.06316993518086315,> 12 Months,2024-03
CP83340,Why Campaign,Email,2024-03-27,2025-01-19,18846.0,382.0,22086.93,False,298,0.020269553220842618,1.1719691181152498,57.8191884816754,0.017295296358525156,6–12 Months,2024-03
CP48137,Where Campaign,Instagram,2024-10-07,2025-07-03,9603.0,970.0,26646.72,False,269,0.10101010101010101,2.774832864729772,27.470845360824743,0.03640222886719266,6–12 Months,2024-10
CP93335,Money Campaign,LinkedIn,2024-09-16,2025-09-15,15087.0,668.0,491.78,False,364,0.044276529462451114,0.032596274938688934,0.7361976047904191,1.3583309609988208,6–12 Months,2024-09
CP83637,Industry Campaign,Instagram,2024-05-23,2024-11-13,242.0,539.0,37449.61,True,174,2.227272727272727,154.75045454545455,69.47979591836734,0.014392673248132624,3–6 Months,2024-05
CP95918,Plan Campaign,Email,2024-03-15,2025-08-16,16019.0,1850.0,31671.63,False,519,0.115487858168425,1.9771290342718022,17.1198,0.05841189733524924,> 12 Months,2024-03
CP35476,Wish Campaign,Google,2024-06-06,2025-09-11,4739.0,77.0,33022.78,False,462,0.01624815361890694,6.968301329394387,428.86727272727273,0.0023317237373715965,> 12 Months,2024-06
CP35778,Exist Campaign,Facebook,2024-09-13,2025-02-06,78.0,1821.0,39851.9,True,146,23.346153846153847,510.9217948717949,21.88462383305876,0.045694182711489284,3–6 Months,2024-09
CP82262,Behind Campaign,Google,2024-02-21,2025-03-22,3321.0,1289.0,41315.14,False,395,0.38813610358325806,12.440572116832278,32.052086889061286,0.031199216558385135,> 12 Months,2024-02
CP61728,Situation Campaign,Google,2024-02-26,2024-12-06,10548.0,841.0,37478.75,False,284,0.07973075464543042,3.553161736822146,44.56450653983353,0.0224393823166461,6–12 Months,2024-02
CP27739,Quite Campaign,LinkedIn,2023-12-11,2025-05-05,14871.0,808.0,23465.86,False,511,0.054333938538094276,1.5779611324053526,29.04190594059406,0.034433001816255616,> 12 Months,2023-12
CP91217,Cup Campaign,LinkedIn,2023-10-23,2025-06-09,9472.0,94.0,1701.41,False,595,0.009923986486486486,0.17962521114864866,18.100106382978723,0.05524829406198388,> 12 Months,2023-10
CP82804,Story Campaign,Facebook,2023-12-19,2025-08-20,6320.0,107.0,20337.23,False,610,0.016930379746835443,3.2179161392405065,190.06757009345793,0.005261286812412507,> 12 Months,2023-12
CP21277,Night Campaign,Twitter,2024-05-30,2025-10-19,10469.0,772.0,1389.66,False,507,0.0737415225905053,0.1327404718693285,1.800077720207254,0.5555315688729617,> 12 Months,2024-05
CP15633,Red Campaign,Facebook,2023-11-16,2025-03-15,19094.0,1825.0,3886.09,False,485,0.09557976327642191,0.203524143710066,2.129364383561644,0.4696237091781199,> 12 Months,2023-11
CP46520,Enjoy Campaign,Instagram,2024-05-02,2025-10-05,334.0,1794.0,48897.84,True,521,5.37125748502994,146.40071856287423,27.25632107023411,0.036688737171212474,> 12 Months,2024-05
CP98711,Top Campaign,Instagram,2024-01-02,2024-12-22,14533.0,400.0,25193.75,False,355,0.027523567054290234,1.7335546686850616,62.984375,0.015876953609526172,6–12 Months,2024-01
CP85336,Another Campaign,Instagram,2024-10-02,2024-11-18,17187.0,1004.0,10251.12,False,47,0.05841624483621342,0.596446151160761,10.210278884462152,0.09794051771903947,1–3 Months,2024-10
CP56891,Rather Campaign,Instagram,2024-10-12,2025-01-22,10085.0,1478.0,21627.64,False,102,0.14655428854734753,2.1445354486861676,14.633044654939107,0.06833847798465298,3–6 Months,2024-10
CP24794,Conference Campaign,Google,2024-01-25,2024-11-12,4731.0,414.0,43626.92,False,292,0.08750792644261256,9.22150073980131,105.37903381642512,0.009489553697579384,6–12 Months,2024-01
CP17472,Prepare Campaign,Facebook,2024-03-31,2025-03-16,18709.0,460.0,34123.2,False,350,0.02458709711903362,1.823892244374365,74.18086956521738,0.013480564542598585,6–12 Months,2024-03
CP46639,Mouth Campaign,Facebook,2024-04-12,2025-07-19,9866.0,624.0,35027.26,False,463,0.06324751672410298,3.5503000202716404,56.13342948717949,0.0178146963250908,> 12 Months,2024-04
CP84539,Idea Campaign,Email,2024-10-19,2025-02-05,18203.0,1299.0,20904.69,False,109,0.0713618634291051,1.1484200406526397,16.092909930715933,0.06213916590009228,3–6 Months,2024-10
CP91619,Leader Campaign,Instagram,2024-01-06,2024-12-22,12344.0,379.0,11843.21,False,351,0.030703175631885935,0.9594304925469863,31.24857519788918,0.03200145906388555,6–12 Months,2024-01
CP65207,Body Campaign,LinkedIn,2024-01-20,2024-12-24,4205.0,1235.0,45552.27,False,339,0.29369797859690844,10.832882282996431,36.88442914979757,0.02711171144709144,6–12 Months,2024-01
CP26556,Most Campaign,Instagram,2024-03-05,2024-12-12,13094.0,748.0,27186.48,False,282,0.057125400946998625,2.076254773178555,36.3455614973262,0.02751367591538147,6–12 Months,2024-03
CP77801,Different Campaign,Google,2024-02-06,2025-09-10,3523.0,1794.0,28449.54,False,582,0.5092250922509225,8.075373261424922,15.858160535117058,0.06305901606844962,> 12 Months,2024-02
CP78655,Try Campaign,Facebook,2024-09-26,2025-09-23,11897.0,1796.0,6456.15,False,362,0.15096242750273178,0.5426704211145666,3.5947383073496657,0.278184366844017,6–12 Months,2024-09
CP34858,Firm Campaign,Instagram,2024-01-31,2025-04-07,17511.0,532.0,16511.57,False,432,0.030380903432128376,0.9429255896293758,31.036785714285713,0.03221983130616895,> 12 Months,2024-01
CP49487,Weight Campaign,Facebook,2024-02-25,2025-07-17,15322.0,497.0,2198.5,False,508,0.0324370186659705,0.14348649001435843,4.423541247484909,0.22606322492608596,> 12 Months,2024-02
CP59574,Eight Campaign,Google,2023-12-08,2025-03-29,6732.0,1970.0,26171.78,False,477,0.2926322043969103,3.887667855020796,13.285167512690355,0.07527191501686167,> 12 Months,2023-12
CP37057,Rather Campaign,Email,2024-08-22,2025-05-29,16524.0,1720.0,23606.08,False,280,0.10409101912369886,1.4285935608811426,13.72446511627907,0.07286258455448766,6–12 Months,2024-08
CP48447,Someone Campaign,LinkedIn,2023-12-22,2025-08-10,8402.0,1114.0,48150.14,False,597,0.1325874791716258,5.730795048797905,43.22274685816876,0.023135965959808217,> 12 Months,2023-12
CP86836,Range Campaign,Twitter,2024-06-09,2025-04-17,17397.0,98.0,30758.45,False,312,0.005633155141691096,1.7680318445709031,313.86173469387757,0.003186116335511055,6–12 Months,2024-06
CP40722,Here Campaign,Email,2024-06-14,2024-12-02,16443.0,710.0,21458.93,False,171,0.043179468466824786,1.3050495651645078,30.223845070422534,0.03308645864448973,3–6 Months,2024-06
CP90991,Campaign Campaign,Facebook,2023-12-11,2025-06-19,785.0,1115.0,39537.25,True,556,1.4203821656050954,50.36592356687898,35.459417040358744,0.028201253248518802,> 12 Months,2023-12
CP60765,Lot Campaign,Twitter,2024-08-09,2025-06-29,10201.0,1038.0,20252.19,False,324,0.10175472992843838,1.9853141848838347,19.51078034682081,0.05125371626475952,6–12 Months,2024-08
CP96793,Training Campaign,LinkedIn,2024-02-14,2025-03-29,17359.0,1380.0,8536.59,False,409,0.07949766691629702,0.4917673829137623,6.185934782608696,0.1616570551004558,> 12 Months,2024-02
CP65663,Possible Campaign,Google,2024-08-06,2025-05-03,12891.0,1297.0,29046.26,False,270,0.10061283065704756,2.2532200760220307,22.394957594448726,0.044652908842653063,6–12 Months,2024-08
CP56413,Family Campaign,Google,2024-07-09,2024-12-14,19162.0,1697.0,21188.84,False,158,0.08856069303830498,1.1057739275649723,12.486057748968769,0.08008933004355123,3–6 Months,2024-07
CP57122,Audience Campaign,Email,2024-04-14,2025-10-07,291.0,1574.0,5180.58,True,541,5.40893470790378,17.802680412371135,3.2913468869123252,0.30382698462334334,> 12 Months,2024-04
CP54561,Cause Campaign,Google,2024-05-03,2024-11-13,16115.0,1635.0,10282.75,False,194,0.10145826869376358,0.6380856345020167,6.28914373088685,0.15900415744815347,6–12 Months,2024-05
CP92353,Should Campaign,LinkedIn,2024-10-01,2025-03-04,15543.0,60.0,36768.36,False,154,0.003860258637328701,2.365589654506852,612.806,0.0016318378083765499,3–6 Months,2024-10
CP41120,Become Campaign,LinkedIn,2024-08-05,2025-06-13,584.0,701.0,15521.88,True,312,1.2003424657534247,26.578561643835616,22.142482168330954,0.04516205511188078,6–12 Months,2024-08
CP96150,Account Campaign,Google,2024-08-08,2025-10-03,1933.0,311.0,31543.79,False,421,0.16088980858768753,16.318566994309364,101.42697749196142,0.009859309867330463,> 12 Months,2024-08
CP70563,Product Campaign,Email,2023-10-29,2025-06-12,9629.0,148.0,25083.57,False,592,0.015370235746183404,2.605002596323606,169.48358108108107,0.005900276555530173,> 12 Months,2023-10
CP22435,Ok Campaign,LinkedIn,2023-11-15,2025-07-15,17692.0,1014.0,17947.76,False,608,0.05731404024417816,1.014456251413068,17.699960552268244,0.056497301055953505,> 12 Months,2023-11
CP98873,Before Campaign,Google,2024-01-01,2025-02-08,14660.0,666.0,45786.5,False,404,0.045429740791268755,3.123226466575716,68.74849849849849,0.014545772225437629,> 12 Months,2024-01
CP94374,Follow Campaign,Facebook,2024-08-02,2025-09-20,2348.0,1714.0,1279.98,False,414,0.7299829642248722,0.5451362862010222,0.746779463243874,1.3390834231784872,> 12 Months,2024-08
CP20111,Sure Campaign,Twitter,2024-03-18,2024-12-13,13138.0,1980.0,46638.57,False,270,0.15070787029989344,3.549898766935607,23.554833333333335,0.04245413184838214,6–12 Months,2024-03
CP40965,Minute Campaign,Twitter,2024-10-09,2025-03-29,1563.0,518.0,23795.25,False,171,0.3314139475367882,15.224088291746641,45.936776061776065,0.021769050545802207,3–6 Months,2024-10
CP86945,Food Campaign,LinkedIn,2024-02-05,2025-07-11,18928.0,1572.0,48502.98,False,522,0.0830515638207946,2.562498943364328,30.854312977099237,0.03241037973336896,> 12 Months,2024-02
CP41480,Baby Campaign,Google,2024-03-15,2024-12-04,16876.0,1308.0,3846.18,False,264,0.07750651813225883,0.22790827210239392,2.940504587155963,0.34007768747172523,6–12 Months,2024-03
CP23352,Degree Campaign,Instagram,2024-02-08,2025-01-23,4056.0,1305.0,44715.32,False,350,0.3217455621301775,11.02448717948718,34.26461302681992,0.02918462844501616,6–12 Months,2024-02
CP67258,Area Campaign,Email,2023-11-17,2025-08-17,19582.0,1418.0,2159.5,False,639,0.07241344091512614,0.11027984884077213,1.522919605077574,0.6566334799722158,> 12 Months,2023-11
CP26136,Girl Campaign,Twitter,2024-02-09,2025-06-13,18477.0,976.0,13563.29,False,490,0.05282242788331439,0.7340634302105321,13.896813524590165,0.0719589421150768,> 12 Months,2024-02
CP69132,Story Campaign,Facebook,2024-08-31,2025-06-05,19379.0,1618.0,37098.32,False,278,0.08349244027039579,1.9143567779555188,22.928504326328802,0.04361383480437928,6–12 Months,2024-08
CP30490,Citizen Campaign,Instagram,2024-08-24,2024-11-30,17402.0,1268.0,24926.41,False,98,0.07286518790943569,1.4323876565911964,19.658052050473184,0.05086974016715604,3–6 Months,2024-08
CP30447,These Campaign,LinkedIn,2024-08-15,2025-09-04,19164.0,334.0,32435.11,False,385,0.017428511792945106,1.6925020872469214,97.11110778443114,0.010297483190283615,> 12 Months,2024-08
CP31873,Region Campaign,Instagram,2024-08-29,2025-10-08,2866.0,1115.0,38065.58,False,405,0.3890439637124913,13.281779483600838,34.139533632287,0.02929155420723919,> 12 Months,2024-08
CP68042,System Campaign,Google,2024-04-16,2025-01-09,5645.0,1778.0,47347.47,False,268,0.3149689991142604,8.387505757307352,26.62962317210349,0.03755216487808113,6–12 Months,2024-04
CP89094,Performance Campaign,Facebook,2023-12-30,2025-03-14,2181.0,743.0,25130.92,False,440,0.34066941769830356,11.5226593305823,33.8235800807537,0.029565173101502057,> 12 Months,2023-12
CP13599,Night Campaign,LinkedIn,2024-07-20,2024-11-05,18173.0,85.0,36192.64,False,108,0.004677268475210477,1.9915611071369614,425.79576470588233,0.002348543792329048,3–6 Months,2024-07
CP75421,Way Campaign,Email,2024-05-26,2025-10-03,2137.0,1748.0,5791.01,False,495,0.8179691155825924,2.709878334113243,3.312934782608696,0.3018471734636963,> 12 Months,2024-05
CP72925,Subject Campaign,Facebook,2024-08-19,2025-06-08,9381.0,296.0,37948.62,False,293,0.03155313932416587,4.045263831148065,128.20479729729732,0.007800020132484395,6–12 Months,2024-08
CP29989,Thing Campaign,Facebook,2024-02-09,2025-08-22,8411.0,1983.0,7816.65,False,560,0.23576269171323266,0.9293365830460111,3.941830559757942,0.2536892402755656,> 12 Months,2024-02
CP25278,Three Campaign,Email,2024-07-27,2025-01-23,15786.0,382.0,32564.79,False,180,0.02419865703788167,2.062890535917902,85.24814136125654,0.011730461028614034,3–6 Months,2024-07
CP27729,Try Campaign,Google,2024-01-15,2025-10-13,4988.0,1829.0,33066.96,False,637,0.36668003207698474,6.629302325581395,18.07925642427556,0.0553120093289495,> 12 Months,2024-01
CP90357,Great Campaign,Facebook,2024-01-17,2025-09-19,18947.0,1718.0,32213.15,False,611,0.09067398532749248,1.7001715311131052,18.750378346915017,0.053332257168268234,> 12 Months,2024-01
CP61982,Him Campaign,Google,2024-07-13,2025-07-29,5281.0,610.0,11639.31,False,381,0.11550842643438743,2.2039973489869342,19.08083606557377,0.052408604977442826,> 12 Months,2024-07
CP89137,Part Campaign,Facebook,2024-02-24,2025-01-08,12179.0,1031.0,37896.73,False,319,0.08465391247228836,3.111645455291896,36.75725509214355,0.02720551351000469,6–12 Months,2024-02
CP61689,Happy Campaign,Google,2024-05-21,2025-01-16,14068.0,472.0,2018.39,False,240,0.03355132214955928,0.1434738413420529,4.27625,0.233849751534639,6–12 Months,2024-05
CP40581,Against Campaign,LinkedIn,2024-05-23,2025-09-27,11643.0,165.0,45618.85,False,492,0.014171605256377222,3.9181353603023275,276.47787878787875,0.003616925897956656,> 12 Months,2024-05
CP50093,Door Campaign,Google,2024-09-15,2025-09-07,10085.0,1904.0,11178.99,False,357,0.18879524045612295,1.1084769459593455,5.871318277310924,0.17031950113561242,6–12 Months,2024-09
CP61155,Environment Campaign,Facebook,2024-04-05,2024-12-18,2325.0,1485.0,39872.27,False,257,0.6387096774193548,17.149363440860213,26.850013468013465,0.03724392917684396,6–12 Months,2024-04
CP19608,Edge Campaign,Google,2024-08-31,2024-12-08,7809.0,392.0,32456.96,False,99,0.05019848892303752,4.156352926110897,82.79836734693878,0.01207753283117088,3–6 Months,2024-08
CP74419,Probably Campaign,Facebook,2024-03-10,2025-04-23,3527.0,1078.0,1316.61,False,409,0.30564218882903316,0.3732945846328324,1.2213450834879405,0.8187694153925612,> 12 Months,2024-03
CP72149,Official Campaign,Google,2024-05-02,2025-02-07,6772.0,1371.0,31647.28,False,281,0.20245126993502657,4.67325457767277,23.083355215171405,0.04332125857261667,6–12 Months,2024-05
CP25242,Anyone Campaign,LinkedIn,2023-12-05,2025-04-04,10430.0,187.0,845.44,False,486,0.017929050814956854,0.08105848513902206,4.521069518716578,0.22118660105980317,> 12 Months,2023-12
CP45189,However Campaign,Google,2024-08-16,2024-12-10,1825.0,758.0,2515.29,False,116,0.41534246575342465,1.378241095890411,3.318324538258575,0.30135690119230785,3–6 Months,2024-08
CP62036,Cause Campaign,Email,2024-04-01,2024-11-02,14783.0,667.0,43866.67,False,215,0.04511939389839681,2.967372657782588,65.76712143928036,0.015205166017844529,6–12 Months,2024-04
CP53671,One Campaign,Instagram,2024-08-07,2025-08-14,4858.0,1240.0,33687.83,False,372,0.25524907369287775,6.934505969534788,27.16760483870968,0.0368085448068338,> 12 Months,2024-08
CP38172,Until Campaign,Google,2024-05-12,2025-02-16,17639.0,1370.0,45714.58,False,280,0.07766880208628607,2.591676398888826,33.36830656934307,0.02996855707741381,6–12 Months,2024-05
CP48341,Simply Campaign,Twitter,2024-02-11,2025-07-31,7686.0,1833.0,25674.84,False,536,0.2384855581576893,3.3404683840749416,14.007004909983634,0.07139284996517992,> 12 Months,2024-02
CP23309,Most Campaign,Instagram,2024-03-31,2025-07-05,5447.0,1093.0,12933.81,False,461,0.20066091426473287,2.374483201762438,11.83331198536139,0.08450719470906098,> 12 Months,2024-03
CP31363,Parent Campaign,Google,2024-03-29,2024-12-03,18915.0,1143.0,44282.17,False,249,0.06042823156225218,2.3411139307427966,38.742055993000875,0.025811743191447033,6–12 Months,2024-03
CP92239,Maintain Campaign,LinkedIn,2024-06-20,2025-08-07,15213.0,1477.0,41585.82,False,413,0.09708801682771313,2.733571287714455,28.155599187542315,0.03551691417891964,> 12 Months,2024-06
CP32436,Military Campaign,Twitter,2024-06-05,2025-01-08,10749.0,1149.0,46862.17,False,217,0.10689366452693273,4.359677179272491,40.78517841601392,0.024518710934640885,6–12 Months,2024-06
CP78449,Water Campaign,LinkedIn,2024-03-31,2025-06-09,13420.0,548.0,47595.39,False,435,0.04083457526080477,3.546601341281669,86.85290145985401,0.01151372013129843,> 12 Months,2024-03
CP30205,Mother Campaign,LinkedIn,2024-02-14,2025-01-15,15492.0,498.0,18239.13,False,336,0.03214562354763749,1.1773257164988382,36.62475903614458,0.027303933904742166,6–12 Months,2024-02
CP66388,Keep Campaign,Facebook,2024-03-06,2025-06-09,8855.0,1790.0,10261.6,False,460,0.20214568040654998,1.1588481084133258,5.732737430167598,0.17443673501208387,> 12 Months,2024-03
CP28579,Say Campaign,Email,2024-01-05,2025-04-21,18324.0,78.0,38307.65,False,472,0.004256712508185986,2.090572473259114,491.12371794871797,0.002036146827069789,> 12 Months,2024-01
CP37188,Religious Campaign,Twitter,2024-10-21,2025-09-15,6452.0,584.0,30183.69,False,329,0.09051456912585244,4.678191258524488,51.684400684931504,0.019348197652440773,6–12 Months,2024-10
CP93239,Response Campaign,Twitter,2024-07-28,2025-01-31,18450.0,502.0,4882.55,False,187,0.027208672086720866,0.2646368563685637,9.726195219123506,0.10281512734124586,6–12 Months,2024-07
CP74305,Social Campaign,Email,2024-02-14,2025-07-13,14134.0,125.0,45171.43,False,515,0.008843922456487902,3.1959409933493705,361.37144,0.002767235839113351,> 12 Months,2024-02
CP50064,Along Campaign,Facebook,2024-01-30,2025-04-12,2194.0,935.0,38006.93,False,438,0.4261622607110301,17.323122151321787,40.64912299465241,0.02460077675308161,> 12 Months,2024-01
CP72067,Real Campaign,Instagram,2024-09-08,2025-02-24,8005.0,1169.0,38349.2,False,169,0.14603372891942537,4.790655840099937,32.80513259195894,0.03048303484818458,3–6 Months,2024-09
CP81892,Budget Campaign,Facebook,2024-08-27,2024-12-06,2565.0,96.0,28559.9,False,101,0.03742690058479532,11.134463937621833,297.49895833333335,0.003361356307269983,3–6 Months,2024-08
CP95901,Note Campaign,Google,2024-06-07,2025-09-20,13952.0,606.0,48285.44,False,470,0.043434633027522936,3.4608256880733945,79.67894389438945,0.012550367150014579,> 12 Months,2024-06
CP36929,Any Campaign,Email,2024-04-30,2025-01-21,19856.0,610.0,37172.61,False,266,0.030721192586623692,1.8721096897663174,60.93870491803279,0.0164099319364446,6–12 Months,2024-04
CP32342,Item Campaign,LinkedIn,2024-03-01,2024-12-20,2388.0,1658.0,39273.94,False,294,0.6943048576214406,16.44637353433836,23.687539203860073,0.042216288969224885,6–12 Months,2024-03
CP22516,Woman Campaign,Google,2023-12-22,2025-08-22,4245.0,1945.0,71.47,False,609,0.4581861012956419,0.016836277974087162,0.036745501285347044,27.21421575486218,> 12 Months,2023-12
CP25942,Exist Campaign,Facebook,2024-04-24,2025-10-11,5277.0,1957.0,21493.26,False,535,0.3708546522645442,4.07300739056282,10.982759325498211,0.09105179949435312,> 12 Months,2024-04
CP12719,Six Campaign,Google,2024-01-05,2024-11-16,1746.0,1716.0,45890.79,False,316,0.9828178694158075,26.283384879725087,26.742884615384614,0.037393123979778946,6–12 Months,2024-01
CP17970,Prove Campaign,Google,2024-02-16,2025-07-21,19495.0,707.0,38337.51,False,521,0.0362657091561939,1.96653039240831,54.2256152758133,0.018441468942557823,> 12 Months,2024-02
CP28977,Turn Campaign,Google,2024-06-29,2024-11-03,19635.0,1566.0,14435.54,False,127,0.07975553857906799,0.7351942959001783,9.218097062579822,0.10848225975612966,3–6 Months,2024-06
CP37111,Lead Campaign,Google,2024-01-29,2025-08-14,4068.0,677.0,36442.25,False,563,0.16642084562438544,8.958271878072763,53.829025110782865,0.01857733811715797,> 12 Months,2024-01
CP35694,Dream Campaign,Email,2024-01-09,2024-12-06,9870.0,1850.0,25724.81,False,332,0.18743667679837892,2.6063637284701118,13.905302702702704,0.07191501122845999,6–12 Months,2024-01
CP97743,Moment Campaign,Google,2024-05-02,2025-08-25,19129.0,349.0,35506.59,False,480,0.018244550159443776,1.8561655078676353,101.73808022922636,0.009829161290904028,> 12 Months,2024-05
CP64835,Debate Campaign,Email,2024-10-02,2025-10-13,3769.0,481.0,23840.44,False,376,0.12762005837092066,6.325401963385513,49.564324324324325,0.020175802124457437,> 12 Months,2024-10
CP50575,Feel Campaign,Google,2024-02-14,2024-11-18,19139.0,80.0,12464.68,False,278,0.004179946705679502,0.6512712262918648,155.8085,0.006418135082489081,6–12 Months,2024-02
CP58446,Point Campaign,Google,2024-02-26,2024-11-28,9448.0,1152.0,3944.2,False,276,0.12193056731583404,0.4174640135478408,3.423784722222222,0.29207443841590186,6–12 Months,2024-02
CP60858,Although Campaign,Instagram,2024-04-03,2025-08-08,10286.0,422.0,47152.89,False,492,0.04102663814894031,4.584181411627455,111.73670616113743,0.008949610511678075,> 12 Months,2024-04
CP52031,Measure Campaign,Instagram,2024-08-15,2025-04-11,9598.0,1569.0,13074.04,False,239,0.1634715565742863,1.3621629506147115,8.332721478648821,0.12000881135440919,6–12 Months,2024-08
CP74376,Recently Campaign,Instagram,2024-01-08,2025-06-30,15036.0,850.0,27201.73,False,539,0.05653099228518223,1.8091068103218941,32.00203529411765,0.031248012534496886,> 12 Months,2024-01
CP20393,White Campaign,Facebook,2024-06-27,2025-08-07,13072.0,199.0,49481.62,False,406,0.015223378212974295,3.7853136474908204,248.65135678391962,0.004021695328487628,> 12 Months,2024-06
CP55377,Remember Campaign,Email,2024-04-16,2025-06-23,4189.0,1821.0,19198.94,False,433,0.4347099546431129,4.583179756505132,10.543075233388247,0.09484898645446051,> 12 Months,2024-04
CP81633,Enough Campaign,Instagram,2024-10-13,2025-08-14,11789.0,1846.0,16987.2,False,305,0.1565866485707015,1.4409364661973025,9.20216684723727,0.10867005745502495,6–12 Months,2024-10
CP68369,East Campaign,Google,2024-09-15,2025-08-31,6424.0,1634.0,48952.39,False,350,0.25435865504358657,7.62023505603985,29.958623011015913,0.03337937126256757,6–12 Months,2024-09
CP10267,Their Campaign,Google,2023-10-28,2025-10-05,13654.0,1290.0,1878.87,False,708,0.09447780870074704,0.1376058297934671,1.456488372093023,0.6865828929090357,> 12 Months,2023-10
CP99615,My Campaign,Google,2024-01-20,2025-05-11,2868.0,1077.0,30385.84,False,477,0.37552301255230125,10.594783821478382,28.213407613741875,0.03544414108676936,> 12 Months,2024-01
CP46798,Lot Campaign,Facebook,2024-05-11,2025-09-28,10931.0,1459.0,11082.64,False,505,0.13347360717226237,1.0138724727838258,7.596052090472926,0.13164733312640312,> 12 Months,2024-05
CP92569,Guess Campaign,Instagram,2024-10-06,2025-07-19,6109.0,1424.0,47026.26,False,286,0.23309870682599443,7.697865444426257,33.02405898876405,0.030280953662910892,6–12 Months,2024-10
CP73101,Support Campaign,Twitter,2023-11-05,2025-07-11,17020.0,923.0,275.3,False,614,0.054230317273795535,0.016175088131609873,0.2982665222101842,3.3527061387577186,> 12 Months,2023-11
CP81396,End Campaign,LinkedIn,2024-07-16,2025-10-07,6589.0,305.0,4984.07,False,448,0.046289269995446955,0.7564228259219912,16.341213114754098,0.061194967165388935,> 12 Months,2024-07
CP68690,Shake Campaign,LinkedIn,2024-03-30,2025-05-26,6458.0,155.0,41832.51,False,422,0.024001238773614122,6.477626200061939,269.8871612903226,0.0037052522069557863,> 12 Months,2024-03
CP49397,Bed Campaign,Email,2024-09-05,2024-11-25,11558.0,1807.0,44676.18,False,81,0.15634192766914692,3.8653902059179788,24.72395130049806,0.04044660935648482,1–3 Months,2024-09
CP57294,Oil Campaign,Facebook,2024-03-31,2025-06-12,6542.0,1905.0,11991.72,False,438,0.2911953531030266,1.8330357688780188,6.2948661417322835,0.15885961313306182,> 12 Months,2024-03
CP68904,Ago Campaign,Twitter,2024-03-24,2025-08-16,19010.0,236.0,15448.32,False,510,0.012414518674381904,0.8126417674907943,65.45898305084745,0.01527674206645124,> 12 Months,2024-03
CP45672,Despite Campaign,Instagram,2024-01-20,2024-11-13,9569.0,1069.0,13933.89,False,298,0.1117149127390532,1.456149022886404,13.034508886810102,0.07671942293214602,6–12 Months,2024-01
CP74103,Consumer Campaign,Email,2023-11-02,2025-07-15,3635.0,524.0,20741.04,False,621,0.14415405777166437,5.705925722145805,39.58213740458015,0.025263921191994228,> 12 Months,2023-11
CP92559,Production Campaign,Facebook,2024-04-06,2025-06-11,9171.0,144.0,6889.78,False,431,0.015701668302257114,0.7512572238578127,47.84569444444444,0.02090052222277054,> 12 Months,2024-04
CP61038,Alone Campaign,Instagram,2023-12-20,2025-06-26,13893.0,598.0,15457.35,False,554,0.0430432591952782,1.1125998704383502,25.848411371237457,0.03868709707679518,> 12 Months,2023-12
CP58084,Government Campaign,Facebook,2024-10-09,2025-06-01,5639.0,1368.0,7462.38,False,235,0.2425962050008867,1.323351658095407,5.454956140350877,0.18331953076632387,6–12 Months,2024-10
CP64363,Money Campaign,LinkedIn,2024-01-01,2025-05-29,18127.0,1867.0,47258.98,False,514,0.10299553152755558,2.607104319523363,25.312790573111947,0.03950571933630391,> 12 Months,2024-01
CP45770,Watch Campaign,Google,2024-05-29,2024-10-30,14355.0,556.0,13186.99,False,154,0.03873214907697666,0.9186339254615117,23.717607913669063,0.042162768000885725,3–6 Months,2024-05
CP30850,Change Campaign,Email,2024-02-14,2024-12-24,6536.0,192.0,6423.55,False,314,0.02937576499388005,0.982795287637699,33.455989583333334,0.029890014088782682,6–12 Months,2024-02
CP31593,Eight Campaign,Instagram,2023-12-20,2025-03-29,14427.0,1603.0,20727.39,False,465,0.1111111111111111,1.4367082553545436,12.930374298190891,0.07733728173204635,> 12 Months,2023-12
CP25268,Base Campaign,Google,2023-12-23,2025-01-01,10229.0,1212.0,37070.48,False,375,0.11848665558705641,3.6240570925799203,30.58620462046205,0.03269447819396997,> 12 Months,2023-12
CP36642,Either Campaign,Instagram,2024-03-05,2024-12-14,19181.0,1604.0,27091.11,False,284,0.0836244199989573,1.412392993066055,16.889719451371572,0.05920761460124742,6–12 Months,2024-03
CP69266,Popular Campaign,Twitter,2024-08-04,2025-09-05,14368.0,140.0,16056.0,False,397,0.009743875278396437,1.1174832962138084,114.68571428571428,0.008719481813652218,> 12 Months,2024-08
CP57936,Assume Campaign,Google,2024-06-04,2025-03-01,18928.0,489.0,24786.01,False,270,0.025834742180896028,1.3094891166525782,50.68713701431493,0.01972887124632,6–12 Months,2024-06
CP86186,Whatever Campaign,Google,2023-11-26,2024-12-05,17454.0,906.0,4263.39,False,375,0.051907872121003784,0.24426435201100036,4.705728476821192,0.21250694869575618,> 12 Months,2023-11
CP17017,Control Campaign,Facebook,2023-11-16,2025-02-22,13795.0,1344.0,12440.46,False,464,0.09742660384197173,0.901809351214208,9.256294642857142,0.1080345903608066,> 12 Months,2023-11
CP88705,Data Campaign,Facebook,2024-05-28,2025-07-30,9675.0,555.0,10166.78,False,428,0.05736434108527132,1.0508299741602067,18.318522522522525,0.054589555395120185,> 12 Months,2024-05
CP16251,Week Campaign,Google,2023-10-25,2025-09-24,5840.0,904.0,4099.81,False,700,0.1547945205479452,0.7020222602739726,4.535188053097346,0.22049802307911828,> 12 Months,2023-10
CP89405,Central Campaign,Google,2023-11-18,2025-07-11,16501.0,640.0,13555.23,False,601,0.0387855281498091,0.8214793042845888,21.180046875,0.04721424867007052,> 12 Months,2023-11
CP29935,Modern Campaign,Instagram,2024-04-09,2025-01-14,12071.0,1899.0,36281.41,False,280,0.15731919476431117,3.0056673017976974,19.105534491837812,0.05234085444860053,6–12 Months,2024-04
CP99996,My Campaign,LinkedIn,2024-01-15,2025-02-06,19837.0,1715.0,36990.01,False,388,0.08645460503100268,1.8646977869637547,21.56851895043732,0.046363869596142304,> 12 Months,2024-01
CP76948,Fine Campaign,LinkedIn,2024-03-31,2025-06-21,10548.0,330.0,21620.54,False,447,0.03128555176336746,2.049728858551384,65.51678787878788,0.015263263544758826,> 12 Months,2024-03
CP40703,Total Campaign,Google,2024-08-19,2025-04-22,7641.0,1803.0,49154.9,False,246,0.2359638790734197,6.43304541290407,27.26283971159179,0.03667996476444871,6–12 Months,2024-08
CP83816,Region Campaign,Twitter,2024-08-19,2024-10-22,15871.0,1678.0,43209.35,False,64,0.10572742738327767,2.722534811921114,25.750506555423122,0.03883418750802778,1–3 Months,2024-08
CP20605,Lose Campaign,Email,2024-10-13,2025-10-01,4195.0,637.0,45465.47,False,353,0.15184743742550655,10.838014302741358,71.37436420722135,0.014010632684540596,6–12 Months,2024-10
CP68340,General Campaign,Facebook,2024-09-23,2025-06-17,15587.0,674.0,47939.21,False,267,0.04324116250721755,3.0755892731122088,71.12642433234421,0.014059472402653277,6–12 Months,2024-09
CP41145,Stop Campaign,Google,2024-02-14,2025-05-14,2459.0,660.0,42268.82,False,455,0.2684017893452623,17.189434729564862,64.04366666666667,0.015614346461528853,> 12 Months,2024-02
CP69974,Decide Campaign,Instagram,2023-12-22,2025-08-07,13214.0,659.0,2005.1,False,594,0.049871348569698805,0.15174057817466322,3.0426403641881636,0.3286619121240836,> 12 Months,2023-12
CP86618,Later Campaign,Facebook,2023-12-26,2025-06-06,1526.0,368.0,33986.65,False,528,0.24115334207077327,22.271723460026212,92.35502717391304,0.010827780908091854,> 12 Months,2023-12
CP94040,Cause Campaign,LinkedIn,2023-12-14,2025-02-24,8001.0,1927.0,44925.82,False,438,0.24084489438820147,5.615025621797275,23.313866113129215,0.04289292883246205,> 12 Months,2023-12
CP57572,Keep Campaign,Google,2024-06-23,2024-11-06,11734.0,311.0,49827.65,False,136,0.026504175899096642,4.246433441281745,160.21752411575562,0.006241514500483165,3–6 Months,2024-06
CP73295,Life Campaign,Google,2024-07-26,2025-03-18,17074.0,388.0,6724.86,False,235,0.02272461051891765,0.3938655265315684,17.332113402061854,0.05769636840023436,6–12 Months,2024-07
CP74492,Successful Campaign,Email,2024-06-27,2025-02-06,4298.0,757.0,14462.32,False,224,0.17612843182875756,3.3648953001395996,19.1047820343461,0.052342915936032394,6–12 Months,2024-06
CP82973,So Campaign,LinkedIn,2024-09-12,2024-12-14,8971.0,439.0,1887.29,False,93,0.04893545870025638,0.210376769590904,4.299066059225512,0.23260866109606898,3–6 Months,2024-09
CP19033,Garden Campaign,Facebook,2024-08-17,2025-10-14,18983.0,227.0,45128.14,False,423,0.011958067744824316,2.3772923141758415,198.80237885462554,0.005030120895742656,> 12 Months,2024-08
CP36429,True Campaign,Google,2024-05-03,2025-07-22,11383.0,1430.0,24824.74,False,445,0.12562593340947026,2.180860932970219,17.359958041958045,0.05760382586081465,> 12 Months,2024-05
CP11535,Religious Campaign,Facebook,2024-02-08,2025-01-05,1942.0,15.0,37824.92,False,332,0.007723995880535531,19.477301750772398,2521.661333333333,0.0003965639583639569,6–12 Months,2024-02
CP96638,Husband Campaign,Instagram,2023-11-15,2025-06-28,746.0,621.0,1343.98,False,591,0.8324396782841823,1.8015817694369973,2.164219001610306,0.4620604473280852,> 12 Months,2023-11
CP68230,Think Campaign,Email,2024-09-14,2025-08-06,4807.0,981.0,43901.82,False,326,0.2040773871437487,9.132893696692324,44.75211009174312,0.02234531506894247,6–12 Months,2024-09
CP61991,Mr Campaign,Email,2023-12-23,2025-05-02,288.0,1279.0,28939.52,True,496,4.440972222222222,100.48444444444445,22.626677091477717,0.044195619001282674,> 12 Months,2023-12
CP95847,Manage Campaign,Email,2024-01-31,2025-07-27,2803.0,382.0,28553.64,False,543,0.13628255440599357,10.1868141277203,74.74774869109947,0.013378329347851972,> 12 Months,2024-01
CP29516,Skin Campaign,Facebook,2024-06-03,2025-09-29,18127.0,935.0,24224.93,False,483,0.05158051525348927,1.3364003971975507,25.90901604278075,0.03859660275592128,> 12 Months,2024-06
CP42953,Collection Campaign,Google,2024-04-23,2025-01-16,8461.0,1518.0,8467.68,False,268,0.17941141709017847,1.0007895047866682,5.578181818181818,0.17926988265971316,6–12 Months,2024-04
CP68842,Office Campaign,Email,2024-09-10,2025-06-12,3161.0,68.0,39927.45,False,275,0.021512179689971527,12.631271749446377,587.1683823529411,0.0017030889776331823,6–12 Months,2024-09
CP28174,On Campaign,Instagram,2024-05-12,2025-03-01,6228.0,883.0,4683.02,False,293,0.14177906229929352,0.7519299935773925,5.303533408833522,0.1885535402368557,6–12 Months,2024-05
CP64275,Sit Campaign,Instagram,2024-05-18,2025-03-24,424.0,1208.0,42660.99,True,310,2.849056603773585,100.61554245283018,35.31538907284768,0.028316267390888022,6–12 Months,2024-05
CP57192,Late Campaign,Email,2024-06-08,2025-06-14,1986.0,590.0,2843.69,False,371,0.297079556898288,1.4318680765357503,4.819813559322034,0.20747690500722651,> 12 Months,2024-06
CP85793,Special Campaign,Twitter,2024-04-08,2025-08-28,18870.0,746.0,31205.52,False,507,0.03953365129835718,1.653710651828299,41.83045576407507,0.023906026882423367,> 12 Months,2024-04
CP97328,Million Campaign,Email,2024-02-04,2025-03-28,1992.0,1229.0,41240.67,False,418,0.6169678714859438,20.703147590361446,33.55628152969894,0.029800679765871894,> 12 Months,2024-02
CP43369,Trouble Campaign,LinkedIn,2024-08-02,2025-09-08,4568.0,1701.0,16479.3,False,402,0.3723730297723292,3.607552539404553,9.68800705467372,0.10322040377928675,> 12 Months,2024-08
CP46757,Law Campaign,Facebook,2024-04-20,2025-07-21,17650.0,538.0,5766.81,False,457,0.030481586402266288,0.32673144475920685,10.718977695167286,0.09329247885746192,> 12 Months,2024-04
CP60003,Instead Campaign,Email,2024-09-09,2025-07-22,13152.0,473.0,25192.42,False,316,0.03596411192214112,1.9154820559610704,53.26093023255814,0.018775488817668173,6–12 Months,2024-09
CP58107,Interview Campaign,LinkedIn,2024-01-27,2025-06-14,15598.0,1850.0,24523.32,False,504,0.11860494935248109,1.5722092575971278,13.255848648648648,0.07543839904221777,> 12 Months,2024-01
CP80399,Under Campaign,Email,2024-06-27,2025-03-02,16453.0,164.0,13536.19,False,248,0.009967787029721023,0.8227186531331673,82.53774390243903,0.012115669180175514,6–12 Months,2024-06
CP27595,Entire Campaign,Facebook,2024-07-23,2025-01-31,880.0,244.0,18602.12,False,192,0.2772727272727273,21.138772727272727,76.23819672131147,0.013116784538536468,6–12 Months,2024-07
CP12054,Whether Campaign,Facebook,2024-06-02,2024-12-09,3071.0,214.0,23729.41,False,190,0.0696841419732986,7.726932595245848,110.88509345794392,0.009018344746034562,6–12 Months,2024-06
CP74179,Consider Campaign,Instagram,2023-10-23,2025-05-22,6454.0,19.0,24247.35,False,577,0.002943910753021382,3.7569491788038425,1276.1763157894736,0.0007835907841475461,> 12 Months,2023-10
CP10461,Almost Campaign,LinkedIn,2023-12-03,2025-01-14,3459.0,759.0,48747.26,False,408,0.2194275802254987,14.092876553917318,64.22563899868248,0.015570105889028428,> 12 Months,2023-12
CP87302,School Campaign,LinkedIn,2024-04-06,2025-01-26,4009.0,1785.0,42631.84,False,295,0.44524819156896983,10.634033424794213,23.8833837535014,0.04187011398053662,6–12 Months,2024-04
CP36009,Season Campaign,Google,2024-07-22,2025-04-27,19673.0,122.0,5899.82,False,279,0.006201392771819245,0.29989427133634927,48.35918032786885,0.020678596974144973,6–12 Months,2024-07
CP48853,Business Campaign,Google,2024-05-02,2025-05-14,12702.0,1649.0,27550.71,False,377,0.12982207526373798,2.169005668398677,16.707525773195876,0.05985326693940011,> 12 Months,2024-05
CP35364,Work Campaign,Twitter,2023-11-19,2025-05-20,985.0,1775.0,5959.67,True,548,1.8020304568527918,6.050426395939087,3.357560563380282,0.29783528282606253,> 12 Months,2023-11
CP45265,Wonder Campaign,Email,2023-10-27,2025-01-26,13589.0,1639.0,11160.21,False,457,0.12061225991610862,0.8212679373022297,6.809158023184868,0.1468610357690402,> 12 Months,2023-10
CP41137,Body Campaign,Google,2023-11-30,2025-01-09,12980.0,43.0,43117.39,False,406,0.003312788906009245,3.3218328197226503,1002.73,0.0009972774326089775,> 12 Months,2023-11
CP11238,Heart Campaign,Instagram,2024-05-27,2024-11-21,1207.0,22.0,39047.17,False,178,0.018227009113504555,32.35059652029826,1774.8713636363636,0.0005634211134891466,3–6 Months,2024-05
CP54249,Ok Campaign,Facebook,2024-01-04,2024-11-10,14017.0,172.0,39926.33,False,311,0.012270814011557395,2.8484219162445603,232.12982558139535,0.004307934137698105,6–12 Months,2024-01
CP85358,Someone Campaign,Google,2023-11-28,2025-05-12,2382.0,397.0,9540.49,False,531,0.16666666666666666,4.00524349286314,24.03146095717884,0.04161211845513176,> 12 Months,2023-11
CP85491,Be Campaign,Email,2024-05-25,2025-07-15,11689.0,433.0,26969.36,False,416,0.03704337411241338,2.3072427068183763,62.284896073903006,0.016055256780286964,> 12 Months,2024-05
CP21649,Guy Campaign,Instagram,2024-06-10,2025-10-09,16348.0,1717.0,7295.62,False,486,0.10502813799853193,0.44626988010765845,4.24905066977286,0.23534668746453352,> 12 Months,2024-06
CP85631,Very Campaign,Email,2024-07-06,2025-01-26,19750.0,178.0,26036.54,False,204,0.009012658227848101,1.3183058227848101,146.2726966292135,0.006836545869766106,6–12 Months,2024-07
CP82518,Few Campaign,Facebook,2023-12-23,2025-04-02,15786.0,1868.0,25435.25,False,466,0.118332699860636,1.6112536424680097,13.61630085653105,0.07344138547881385,> 12 Months,2023-12
CP66173,Out Campaign,Twitter,2024-08-11,2024-11-08,10451.0,1707.0,45940.45,False,89,0.16333365228207827,4.39579466079801,26.91297598125366,0.03715679754987163,1–3 Months,2024-08
CP50836,Number Campaign,Twitter,2023-12-07,2025-01-17,17726.0,1727.0,22061.67,False,407,0.0974275076159314,1.244593816991989,12.774562825709321,0.07828056534251487,> 12 Months,2023-12
CP44221,Produce Campaign,Email,2023-11-18,2025-01-06,11669.0,436.0,8411.43,False,415,0.03736395578027252,0.7208355471762791,19.292270642201835,0.05183423032706686,> 12 Months,2023-11
CP30732,Media Campaign,Facebook,2024-02-05,2024-12-15,7544.0,1874.0,46401.16,False,314,0.24840933191940615,6.150737009544009,24.760490928495198,0.04038692136144872,6–12 Months,2024-02
CP49542,Blue Campaign,LinkedIn,2024-09-29,2025-03-31,19779.0,1293.0,13653.96,False,183,0.06537236462915214,0.6903261034430456,10.559907192575405,0.09469780195635552,6–12 Months,2024-09
CP41318,Significant Campaign,Google,2024-05-24,2025-04-20,15950.0,1147.0,4047.57,False,331,0.07191222570532915,0.253766144200627,3.528831734960767,0.2833799044859014,6–12 Months,2024-05
CP40884,Soldier Campaign,Twitter,2024-08-08,2025-05-17,2057.0,823.0,24667.23,False,282,0.40009722897423433,11.991847350510453,29.972332928311058,0.03336410290089321,6–12 Months,2024-08
CP71890,Reality Campaign,LinkedIn,2024-10-16,2024-12-23,18537.0,1941.0,43354.57,False,68,0.10470949991908075,2.3388126449803095,22.336202988150436,0.04477036676871665,1–3 Months,2024-10
CP80925,Need Campaign,Google,2024-06-18,2025-04-06,19170.0,611.0,4476.54,False,292,0.03187271778821075,0.23351799687010955,7.32657937806874,0.136489342215193,6–12 Months,2024-06
CP11205,Thank Campaign,Facebook,2024-04-08,2025-06-09,6468.0,936.0,20879.17,False,427,0.14471243042671614,3.228072047000618,22.306805555555552,0.0448293682172232,> 12 Months,2024-04
CP83321,Positive Campaign,Instagram,2024-03-16,2025-09-07,19145.0,485.0,48517.21,False,540,0.025332985113606685,2.534197440585009,100.03548453608248,0.009996452805097408,> 12 Months,2024-03
CP20365,Environmental Campaign,Twitter,2024-07-03,2025-08-21,10710.0,1591.0,28453.88,False,414,0.14855275443510738,2.6567581699346405,17.884274041483344,0.05591504568094052,> 12 Months,2024-07
CP46168,Which Campaign,Google,2024-07-09,2025-08-24,531.0,159.0,41606.44,False,411,0.2994350282485876,78.35487758945386,261.67572327044024,0.003821523783337387,> 12 Months,2024-07
CP66202,Mind Campaign,LinkedIn,2024-02-25,2025-03-09,18219.0,911.0,2677.21,False,378,0.050002744387727095,0.14694604533728525,2.9387596048298574,0.34027961945458146,> 12 Months,2024-02
CP32844,Police Campaign,Twitter,2024-06-26,2025-01-24,7384.0,1074.0,22131.68,False,212,0.1454496208017335,2.9972481040086674,20.606778398510244,0.048527721347859716,6–12 Months,2024-06
CP14419,Good Campaign,Instagram,2023-10-31,2024-12-21,9440.0,1706.0,21719.17,False,417,0.18072033898305084,2.300759533898305,12.731049237983587,0.07854812131402812,> 12 Months,2023-10
CP25440,Reason Campaign,Facebook,2024-10-16,2025-06-20,9627.0,695.0,25651.02,False,247,0.07219279110834112,2.664487379245871,36.907942446043165,0.027094439129516097,6–12 Months,2024-10
CP22146,Fall Campaign,LinkedIn,2024-02-27,2025-06-27,10878.0,58.0,47872.55,False,486,0.0053318624747196175,4.40085953300239,825.3887931034483,0.001211550251657787,> 12 Months,2024-02
CP95606,Sell Campaign,Google,2024-02-06,2025-08-13,16093.0,671.0,28310.14,False,554,0.041695146958304855,1.7591586404026596,42.19096870342772,0.023701754918908913,> 12 Months,2024-02
CP93798,Whatever Campaign,Google,2024-08-22,2025-09-01,2534.0,333.0,27968.56,False,375,0.1314127861089187,11.037316495659038,83.98966966966967,0.011906226133916082,> 12 Months,2024-08
CP81687,Check Campaign,Facebook,2024-04-03,2025-05-06,11923.0,1450.0,39248.86,False,398,0.12161368783024407,3.291861108781347,27.068179310344828,0.036943748175106234,> 12 Months,2024-04
CP34604,Head Campaign,Google,2024-03-04,2025-07-12,7056.0,889.0,23664.76,False,495,0.1259920634920635,3.353849206349206,26.619527559055115,0.037566406758403635,> 12 Months,2024-03
CP88763,When Campaign,Twitter,2024-04-26,2025-06-23,6179.0,959.0,24031.77,False,423,0.15520310729891568,3.8892652532772294,25.05919708029197,0.039905508416566905,> 12 Months,2024-04
CP15888,Just Campaign,Email,2024-05-04,2024-11-20,13672.0,634.0,46991.34,False,200,0.046372147454651846,3.437049444119368,74.11883280757097,0.013491847646821735,6–12 Months,2024-05
CP11047,Camera Campaign,LinkedIn,2024-07-23,2025-01-29,8223.0,1481.0,26503.38,False,190,0.18010458470144716,3.223079168186793,17.895597569209993,0.05587966515968906,6–12 Months,2024-07
CP93219,Drug Campaign,Email,2024-03-02,2025-05-20,10921.0,847.0,22647.81,False,444,0.07755700027470012,2.073785367640326,26.738854781582056,0.03739875952685933,> 12 Months,2024-03
CP81763,Executive Campaign,Google,2024-09-14,2025-08-05,5918.0,1528.0,31759.25,False,325,0.2581953362622508,5.3665511997296385,20.784849476439792,0.04811196737958233,6–12 Months,2024-09
CP97342,Some Campaign,Facebook,2024-03-23,2025-10-12,16761.0,550.0,33014.84,False,568,0.03281427122486725,1.9697416621919932,60.02698181818181,0.016659175086112792,> 12 Months,2024-03
CP42271,Action Campaign,LinkedIn,2024-03-18,2025-10-07,2281.0,1134.0,24679.17,False,568,0.49715037264357737,10.819451994739149,21.762936507936505,0.045949681452009936,> 12 Months,2024-03
CP78350,Theory Campaign,Google,2023-10-27,2025-05-22,315.0,1866.0,23153.72,True,573,5.923809523809524,73.50387301587303,12.408210075026796,0.08059180123107647,> 12 Months,2023-10
CP98057,Forward Campaign,Facebook,2024-04-30,2024-11-13,10988.0,245.0,10974.55,False,197,0.022297051328722242,0.9987759373862395,44.79408163265306,0.02232437776491975,6–12 Months,2024-04
CP94332,Physical Campaign,Instagram,2024-02-15,2025-05-20,13720.0,1614.0,48460.19,False,460,0.11763848396501458,3.532083819241983,30.024900867410164,0.0333056886487651,> 12 Months,2024-02
CP17999,Magazine Campaign,LinkedIn,2024-08-27,2025-08-26,7443.0,376.0,6940.47,False,364,0.05051726454386672,0.9324828698105603,18.458696808510638,0.05417500543911291,6–12 Months,2024-08
CP34168,Reality Campaign,Google,2024-03-13,2025-10-05,13271.0,1718.0,2050.41,False,571,0.1294552030743727,0.15450305176701076,1.1934866123399301,0.8378812042469556,> 12 Months,2024-03
CP24163,Pm Campaign,Email,2024-02-03,2024-12-30,2735.0,528.0,6039.83,False,331,0.19305301645338208,2.208347349177331,11.43907196969697,0.08741967903070119,6–12 Months,2024-02
CP14715,Upon Campaign,LinkedIn,2024-02-04,2025-06-19,2129.0,177.0,25911.59,False,501,0.08313762329732269,12.170779708783467,146.3931638418079,0.006830920063184081,> 12 Months,2024-02
CP25926,Approach Campaign,Google,2023-11-08,2025-06-27,19202.0,1304.0,4929.87,False,597,0.06790959275075513,0.2567373190292678,3.780575153374233,0.2645100175055326,> 12 Months,2023-11
CP80955,Market Campaign,Email,2024-03-07,2025-02-27,1064.0,1671.0,46286.35,True,357,1.5704887218045114,43.50220864661654,27.69979054458408,0.03610135601532633,6–12 Months,2024-03
CP26190,Side Campaign,Facebook,2024-05-05,2025-01-22,6471.0,1060.0,26547.82,False,262,0.16380775768814712,4.1025838355741,25.04511320754717,0.039927948886198564,6–12 Months,2024-05
CP95923,Next Campaign,LinkedIn,2023-12-22,2025-08-25,18452.0,195.0,24318.17,False,612,0.010567960112724907,1.3179151311510946,124.7085641025641,0.008018695485721171,> 12 Months,2023-12
CP88291,Defense Campaign,Twitter,2024-06-29,2025-04-21,13101.0,695.0,23244.4,False,296,0.053049385543088315,1.7742462407449815,33.44517985611511,0.029899674760372388,6–12 Months,2024-06
CP83156,Produce Campaign,Email,2024-04-15,2025-03-12,8861.0,974.0,14129.91,False,331,0.10991987360343076,1.5946179889403003,14.507094455852156,0.0689317907898918,6–12 Months,2024-04
CP31827,Hotel Campaign,Facebook,2024-04-30,2025-06-02,4532.0,1923.0,9869.76,False,398,0.42431597528684906,2.177793468667255,5.132480499219969,0.19483756443925687,> 12 Months,2024-04
CP71535,Night Campaign,Google,2024-09-01,2025-08-19,1678.0,1496.0,42987.83,False,352,0.8915375446960667,25.618492252681765,28.735180481283425,0.03480054703854556,6–12 Months,2024-09
CP93702,High Campaign,Twitter,2024-07-07,2024-11-16,9330.0,1135.0,13037.61,False,132,0.12165058949624866,1.3973858520900322,11.486881057268723,0.08705583308597205,3–6 Months,2024-07
CP45652,Decision Campaign,Twitter,2023-11-19,2024-10-28,16737.0,1072.0,26311.7,False,344,0.06404971022285953,1.5720678735735198,24.54449626865672,0.040742331358293075,6–12 Months,2023-11
CP76310,Environmental Campaign,Google,2024-02-05,2025-02-19,13466.0,1942.0,24460.54,False,380,0.14421506015149266,1.8164666567651864,12.595540679711638,0.07939317774668915,> 12 Months,2024-02
CP87244,Remember Campaign,Google,2024-08-09,2025-03-21,10010.0,1960.0,31520.83,False,224,0.1958041958041958,3.1489340659340663,16.082056122448982,0.0621811037336263,6–12 Months,2024-08
CP45958,Character Campaign,Instagram,2024-10-18,2024-12-08,13035.0,214.0,40080.86,False,51,0.01641733793632528,3.0748645953202915,187.293738317757,0.0053392067934670065,1–3 Months,2024-10
CP41991,Laugh Campaign,Email,2023-12-02,2025-10-21,9696.0,211.0,18596.5,False,689,0.02176155115511551,1.9179558580858085,88.13507109004739,0.011346221063103273,> 12 Months,2023-12
CP15044,Force Campaign,Email,2024-01-16,2024-12-13,12692.0,118.0,21354.93,False,332,0.009297195083517177,1.6825504254648598,180.97398305084747,0.005525656136545519,6–12 Months,2024-01
CP38244,System Campaign,Twitter,2024-07-20,2025-10-11,1996.0,310.0,466.51,False,448,0.15531062124248496,0.23372244488977956,1.5048709677419354,0.66450879938265,> 12 Months,2024-07
CP40914,Walk Campaign,Facebook,2023-11-20,2025-07-08,19991.0,178.0,35797.08,False,596,0.008904006803061377,1.7906597969086089,201.10719101123595,0.0049724726150848055,> 12 Months,2023-11
CP25506,Body Campaign,Email,2024-04-27,2025-06-23,6918.0,0.0,9520.19,False,422,0.0,1.3761477305579648,,0.0,> 12 Months,2024-04
CP79058,Husband Campaign,LinkedIn,2023-12-22,2025-02-01,2700.0,745.0,38598.26,False,407,0.2759259259259259,14.295651851851852,51.809744966442956,0.019301388197291793,> 12 Months,2023-12
CP93515,Front Campaign,Email,2023-11-14,2025-08-15,18494.0,991.0,28366.41,False,640,0.05358494646912512,1.533816913593598,28.624026236125125,0.034935686257090696,> 12 Months,2023-11
CP96948,Treatment Campaign,Facebook,2023-12-28,2025-08-09,11902.0,1920.0,37172.77,False,590,0.16131742564274912,3.1232372710468828,19.360817708333332,0.05165071099086778,> 12 Months,2023-12
CP60414,Financial Campaign,Twitter,2024-01-01,2025-09-04,9549.0,1555.0,15697.15,False,612,0.1628442768876322,1.6438527594512513,10.094630225080385,0.09906256868285007,> 12 Months,2024-01
CP81214,Stand Campaign,Google,2024-03-16,2025-07-29,4095.0,1948.0,9583.02,False,500,0.4757020757020757,2.3401758241758244,4.919414784394251,0.2032762114656966,> 12 Months,2024-03
CP72299,Available Campaign,Google,2023-12-30,2024-12-11,18821.0,131.0,38119.63,False,347,0.006960310291695446,2.02537750385208,290.9895419847328,0.003436549620235034,6–12 Months,2023-12
CP12400,Role Campaign,LinkedIn,2024-03-27,2025-04-04,3986.0,1869.0,48886.64,False,373,0.4688911189162067,12.264586051179126,26.15657570893526,0.038231304094533805,> 12 Months,2024-03
CP93117,Major Campaign,Facebook,2024-08-27,2025-03-04,15394.0,1460.0,41052.39,False,189,0.09484214629076264,2.6667786150448225,28.118075342465755,0.0355643118463992,6–12 Months,2024-08
CP27544,Sure Campaign,Instagram,2024-04-05,2025-04-22,6523.0,1630.0,7869.8,False,382,0.24988502222903572,1.2064694159129234,4.828098159509203,0.20712089252585833,> 12 Months,2024-04
CP80325,Process Campaign,LinkedIn,2023-11-03,2025-09-04,6075.0,1028.0,49780.15,False,671,0.16921810699588477,8.194263374485597,48.42427042801557,0.02065080157452318,> 12 Months,2023-11
CP11105,Home Campaign,Google,2023-11-08,2024-11-07,19785.0,696.0,11030.12,False,365,0.03517816527672479,0.5574991154915341,15.847873563218393,0.06309994814199664,6–12 Months,2023-11
CP12273,Could Campaign,Facebook,2024-08-06,2024-12-14,1155.0,1032.0,48709.14,False,130,0.8935064935064935,42.17241558441558,47.19877906976744,0.021186988725319315,3–6 Months,2024-08
CP83406,Group Campaign,Twitter,2023-12-21,2024-11-12,10450.0,1757.0,38734.61,False,327,0.16813397129186602,3.7066612440191387,22.045879339783724,0.045359950700420114,6–12 Months,2023-12
CP20861,Need Campaign,Google,2024-04-18,2025-10-02,586.0,310.0,35548.09,False,532,0.5290102389078498,60.662269624573376,114.67125806451612,0.008720581049502239,> 12 Months,2024-04
CP91282,Medical Campaign,Google,2024-03-20,2025-05-17,7244.0,504.0,22763.37,False,423,0.06957482054113749,3.1423757592490333,45.165416666666665,0.022140834155926825,> 12 Months,2024-03
CP31103,Street Campaign,Facebook,2024-01-23,2025-02-23,19046.0,1854.0,34447.52,False,397,0.09734327417830516,1.8086485351254855,18.580107874865156,0.053821000757093694,> 12 Months,2024-01
CP23435,Around Campaign,Twitter,2024-02-05,2024-11-10,14048.0,1498.0,5619.74,False,279,0.10663439635535307,0.4000384396355353,3.7514953271028038,0.26656037467925564,6–12 Months,2024-02
CP24066,Front Campaign,Email,2023-12-16,2025-02-05,1282.0,1674.0,45749.81,True,417,1.3057722308892357,35.68627925117004,27.32963560334528,0.03659031589420809,> 12 Months,2023-12
CP42955,Strong Campaign,Google,2024-09-06,2025-05-17,9911.0,877.0,29801.91,False,253,0.08848753909797195,3.0069528806376753,33.98165336374002,0.02942764406710845,6–12 Months,2024-09
CP90194,Else Campaign,Facebook,2024-02-24,2025-01-19,8847.0,1485.0,27692.7,False,330,0.167853509664293,3.1301797219396406,18.648282828282827,0.05362424032326209,6–12 Months,2024-02
CP30956,Them Campaign,Email,2024-04-08,2024-12-23,14651.0,1069.0,46495.56,False,259,0.07296430277796738,3.17354173776534,43.49444340505145,0.022991442623768808,6–12 Months,2024-04
CP10384,Long Campaign,Instagram,2024-02-06,2025-03-09,4647.0,1983.0,48077.04,False,397,0.4267269205939316,10.345823111684957,24.244599092284417,0.041246299688999156,> 12 Months,2024-02
CP54058,Agreement Campaign,Email,2024-09-11,2025-07-02,7992.0,1883.0,46062.46,False,294,0.23561061061061062,5.763571071071071,24.46227296866702,0.040879275661786195,6–12 Months,2024-09
CP10305,Fight Campaign,Facebook,2024-09-19,2024-12-18,4479.0,1645.0,44235.67,False,90,0.367269479794597,9.87623799955347,26.89098480243161,0.03718718400783802,1–3 Months,2024-09
CP88219,Man Campaign,Facebook,2024-08-23,2025-04-04,8524.0,162.0,18626.9,False,224,0.019005161895823557,2.1852299389957768,114.98086419753088,0.008697099356307275,6–12 Months,2024-08
CP79490,Born Campaign,Email,2024-01-10,2025-01-05,11616.0,291.0,31164.84,False,361,0.025051652892561983,2.682923553719008,107.09567010309279,0.009337445659916753,6–12 Months,2024-01
CP22583,Loss Campaign,Instagram,2024-06-07,2024-12-30,3814.0,13.0,37236.78,False,206,0.0034084950183534348,9.763183009963292,2864.3676923076923,0.0003491171900470449,6–12 Months,2024-06
CP58590,Number Campaign,Facebook,2023-11-07,2024-11-17,18749.0,1613.0,44546.74,False,376,0.08603125500026668,2.3759528508187104,27.617321760694356,0.036209159188753205,> 12 Months,2023-11
CP48058,Would Campaign,LinkedIn,2024-10-10,2025-08-02,4238.0,192.0,8705.57,False,296,0.045304388862671074,2.0541694195375175,45.341510416666665,0.02205484534614046,6–12 Months,2024-10
CP75673,Now Campaign,Facebook,2024-05-18,2024-11-03,6776.0,771.0,37149.03,False,169,0.11378394332939787,5.482442443919717,48.18291828793774,0.020754243112135095,3–6 Months,2024-05
CP28115,Life Campaign,Google,2024-07-25,2025-03-26,4834.0,1783.0,307.75,False,244,0.36884567645841954,0.06366363260239967,0.17260235558048234,5.793663688058489,6–12 Months,2024-07
CP63866,Nature Campaign,Google,2024-08-10,2025-01-05,14970.0,1233.0,45735.89,False,148,0.08236472945891783,3.0551696726786908,37.093179237631794,0.02695913428163309,3–6 Months,2024-08
CP18487,Manager Campaign,LinkedIn,2024-07-31,2025-06-13,10748.0,1568.0,11455.82,False,317,0.14588760699665054,1.0658559732043171,7.306007653061224,0.13687365897858034,6–12 Months,2024-07
CP71842,Great Campaign,Facebook,2024-02-02,2025-08-16,7789.0,849.0,13234.1,False,561,0.10899987161381436,1.6990756194633458,15.587868080094228,0.06415245464368563,> 12 Months,2024-02
CP54284,Instead Campaign,LinkedIn,2023-11-08,2025-05-29,6308.0,1890.0,942.86,False,568,0.29961953075459735,0.1494705136334813,0.49886772486772485,2.0045393801836964,> 12 Months,2023-11
CP76041,Purpose Campaign,Twitter,2024-07-01,2025-01-29,11753.0,324.0,16416.12,False,212,0.027567429592444483,1.3967599761762954,50.66703703703703,0.019736697831156207,6–12 Months,2024-07
CP68595,Physical Campaign,Email,2024-04-22,2025-06-07,18945.0,520.0,42164.14,False,411,0.027447875428873055,2.225607812087622,81.08488461538461,0.01233275480064339,> 12 Months,2024-04
CP52362,Military Campaign,Facebook,2024-03-08,2025-04-05,3354.0,1551.0,27354.58,False,393,0.462432915921288,8.155807990459154,17.636737588652483,0.05669982869413458,> 12 Months,2024-03
CP83337,Form Campaign,Twitter,2024-03-02,2025-09-10,696.0,1536.0,26831.85,True,557,2.206896551724138,38.55150862068965,17.468652343749998,0.057245400522140666,> 12 Months,2024-03
CP56313,Mind Campaign,Instagram,2024-08-15,2025-03-03,2605.0,1401.0,19605.13,False,200,0.5378119001919386,7.525961612284069,13.99366880799429,0.07146088804307851,6–12 Months,2024-08
CP69446,Usually Campaign,Twitter,2023-11-19,2025-03-19,17936.0,1735.0,697.52,False,486,0.09673282783229259,0.038889384478144516,0.402028818443804,2.487383874297511,> 12 Months,2023-11
CP14108,Food Campaign,LinkedIn,2024-09-12,2025-01-24,5099.0,295.0,42519.26,False,134,0.05785448127083742,8.338744851931752,144.13308474576272,0.006938032317589722,3–6 Months,2024-09
CP72019,State Campaign,Email,2024-05-03,2025-09-07,11019.0,213.0,24202.9,False,492,0.019330247753879662,2.196469734095653,113.62863849765259,0.008800598275413277,> 12 Months,2024-05
CP33060,Cup Campaign,LinkedIn,2024-03-28,2025-08-26,12253.0,1116.0,43965.29,False,516,0.09107973557496124,3.588124540928752,39.3954211469534,0.02538366061044974,> 12 Months,2024-03
CP78851,Describe Campaign,Twitter,2024-02-13,2025-09-12,10673.0,285.0,28236.79,False,577,0.026702895156001126,2.6456282207439332,99.07645614035088,0.010093215269866014,> 12 Months,2024-02
CP22109,Save Campaign,Google,2023-11-14,2025-06-23,1054.0,1640.0,21562.87,True,587,1.555977229601518,20.45813092979127,13.148091463414634,0.07605666592619628,> 12 Months,2023-11
CP55561,Man Campaign,Facebook,2024-05-09,2025-09-25,5959.0,1570.0,38722.5,False,504,0.26346702466856853,6.498154052693405,24.664012738853504,0.04054490283426948,> 12 Months,2024-05
CP79221,Similar Campaign,Twitter,2024-09-05,2025-10-06,8096.0,1011.0,10208.35,False,396,0.12487648221343874,1.2609127964426878,10.097279920870426,0.09903657300151346,> 12 Months,2024-09
CP57698,Note Campaign,Facebook,2024-07-22,2025-07-10,18673.0,927.0,31808.41,False,353,0.04964387082953998,1.7034440100680126,34.31327939590076,0.029143236018398907,6–12 Months,2024-07
CP39941,Thought Campaign,Google,2024-02-06,2025-05-25,7292.0,1761.0,26687.01,False,474,0.24149753154141526,3.6597654964344484,15.154463373083475,0.06598716004528046,> 12 Months,2024-02
CP50785,Visit Campaign,Google,2023-10-25,2025-06-07,4098.0,1660.0,42495.96,False,591,0.4050756466569058,10.369926793557832,25.599975903614457,0.039062536768201025,> 12 Months,2023-10
CP82000,Well Campaign,LinkedIn,2024-09-15,2024-12-17,17549.0,1438.0,12515.91,False,93,0.08194199099663799,0.7131979030144168,8.703692628650904,0.1148937632181759,3–6 Months,2024-09
CP25173,Early Campaign,Facebook,2023-10-25,2024-11-27,11073.0,1906.0,23338.39,False,399,0.1721304072970288,2.107684457689876,12.244695697796432,0.08166801566003482,> 12 Months,2023-10
CP50675,Development Campaign,Google,2023-12-29,2025-01-24,19089.0,891.0,2566.84,False,392,0.04667609618104668,0.13446697050657447,2.8808529741863076,0.3471194153122127,> 12 Months,2023-12
CP84977,Name Campaign,Facebook,2023-10-29,2025-04-01,2054.0,353.0,11043.38,False,520,0.17185978578383643,5.3765238558909445,31.284362606232293,0.03196485134080327,> 12 Months,2023-10
CP99470,Travel Campaign,Google,2024-05-10,2025-10-01,14882.0,1457.0,30959.55,False,509,0.09790350759306544,2.0803353043945707,21.248833218943034,0.04706140754629832,> 12 Months,2024-05
CP64348,Rather Campaign,Facebook,2024-06-27,2024-10-31,15655.0,997.0,39758.1,False,126,0.06368572341105078,2.539642286809326,39.877733199598794,0.025076651047207993,3–6 Months,2024-06
CP81601,Quickly Campaign,Facebook,2024-02-05,2025-10-07,2375.0,839.0,16479.2,False,610,0.35326315789473683,6.93861052631579,19.641477949940406,0.05091266566338171,> 12 Months,2024-02
CP42170,Listen Campaign,LinkedIn,2024-02-21,2025-05-15,17656.0,1221.0,21692.25,False,449,0.06915496148618033,1.2286050067965564,17.765970515970515,0.05628738374304187,> 12 Months,2024-02
CP42370,Last Campaign,Twitter,2024-07-06,2025-05-30,4835.0,759.0,6969.82,False,328,0.15698035160289556,1.4415346432264735,9.182898550724637,0.10889807771219344,6–12 Months,2024-07
CP20281,Arrive Campaign,Twitter,2024-05-14,2025-05-13,10951.0,1647.0,25768.31,False,364,0.15039722399780842,2.3530554287279704,15.645604128718883,0.06391571663023303,6–12 Months,2024-05
CP75280,Wide Campaign,Facebook,2024-01-21,2024-11-23,18424.0,77.0,36671.55,False,307,0.004179331306990881,1.9904228180633958,476.2538961038961,0.0020997203554253907,6–12 Months,2024-01
CP59338,Similar Campaign,LinkedIn,2024-06-10,2025-05-09,11067.0,304.0,29607.37,False,333,0.027469052136983824,2.675284178187404,97.3926644736842,0.010267713748299833,6–12 Months,2024-06
CP88925,Professor Campaign,Google,2024-02-16,2025-08-22,14943.0,372.0,40399.96,False,553,0.024894599478016463,2.7036043632470053,108.60204301075268,0.009207929908841493,> 12 Months,2024-02
CP67968,Capital Campaign,LinkedIn,2023-10-31,2025-03-28,1549.0,1161.0,26598.63,False,514,0.749515816655907,17.171484828921887,22.910103359173128,0.04364886462197489,> 12 Months,2023-10
CP16855,Above Campaign,Instagram,2023-11-27,2025-02-03,286.0,341.0,20771.14,True,434,1.1923076923076923,72.62636363636364,60.91243401759531,0.016417009369731273,> 12 Months,2023-11
CP76469,Wall Campaign,Facebook,2024-02-14,2025-03-01,7828.0,1848.0,21122.3,False,381,0.23607562595809914,2.6983009708737864,11.429816017316018,0.087490472155021,> 12 Months,2024-02
CP21764,Price Campaign,Google,2024-01-04,2024-11-02,4152.0,1803.0,415.67,False,303,0.4342485549132948,0.10011319845857418,0.23054353854686635,4.337575480549474,6–12 Months,2024-01
CP28005,With Campaign,LinkedIn,2024-02-11,2025-05-07,10635.0,1030.0,39144.17,False,451,0.09685002350728726,3.6806929948283966,38.00404854368932,0.02631298607174453,> 12 Months,2024-02
CP77848,Nice Campaign,Google,2023-12-25,2024-11-29,9506.0,817.0,41601.85,False,340,0.085945718493583,4.376378077003998,50.92025703794369,0.01963854972795681,6–12 Months,2023-12
CP45046,Cost Campaign,Email,2024-03-20,2024-12-31,2593.0,1951.0,19113.79,False,286,0.7524103355187042,7.3713035094485155,9.796919528446951,0.10207290129273158,6–12 Months,2024-03
CP33558,Authority Campaign,Google,2024-07-01,2025-03-04,10878.0,1426.0,25315.12,False,246,0.1310902739474168,2.327185144328001,17.752538569424964,0.0563299719693211,6–12 Months,2024-07
CP76295,Sound Campaign,LinkedIn,2024-07-23,2025-01-04,8378.0,158.0,17636.6,False,165,0.01885891620911912,2.105108617808546,111.62405063291138,0.008958642822312691,3–6 Months,2024-07
CP77795,Check Campaign,Google,2024-07-06,2025-07-22,7932.0,1630.0,14415.31,False,381,0.2054967221381745,1.817361321230459,8.843748466257669,0.11307422455708549,> 12 Months,2024-07
CP37593,Candidate Campaign,LinkedIn,2024-01-28,2025-09-25,2346.0,92.0,36551.15,False,606,0.0392156862745098,15.580200341005968,397.2951086956522,0.0025170206682963462,> 12 Months,2024-01
CP84850,Sit Campaign,Facebook,2024-02-01,2024-12-26,8633.0,148.0,1503.42,False,329,0.01714351905478976,0.17414803660372988,10.158243243243243,0.09844221840869484,6–12 Months,2024-02
CP44109,Republican Campaign,Google,2024-06-10,2025-02-08,11316.0,1032.0,32493.15,False,243,0.0911983032873807,2.871434252386002,31.48561046511628,0.03176054029849368,6–12 Months,2024-06
CP13403,Seem Campaign,Email,2023-11-30,2025-07-10,18419.0,411.0,44805.2,False,588,0.02231391497909767,2.4325533416580702,109.01508515815084,0.009173042414719721,> 12 Months,2023-11
CP98396,Agreement Campaign,Facebook,2024-08-08,2024-12-21,13440.0,375.0,14066.3,False,135,0.027901785714285716,1.0465997023809523,37.51013333333333,0.026659462687416025,3–6 Months,2024-08
CP96176,Receive Campaign,Google,2024-07-08,2025-09-20,15824.0,772.0,46003.17,False,439,0.04878665318503539,2.907177072800809,59.589598445595854,0.016781452234704695,> 12 Months,2024-07
CP47772,Play Campaign,Facebook,2023-11-30,2025-04-19,4753.0,590.0,15951.73,False,506,0.12413212707763517,3.3561392804544496,27.036830508474576,0.03698658390030423,> 12 Months,2023-11
CP35560,However Campaign,Instagram,2024-02-06,2025-06-18,3866.0,1203.0,2766.35,False,498,0.3111743404035178,0.7155587170201758,2.2995428096425603,0.4348690512769534,> 12 Months,2024-02
CP11184,Hour Campaign,Facebook,2024-07-07,2025-03-20,54.0,1323.0,42483.66,True,256,24.5,786.7344444444445,32.111609977324264,0.03114138471120426,6–12 Months,2024-07
CP45176,Performance Campaign,Google,2024-03-07,2025-08-27,15603.0,943.0,18686.09,False,538,0.060437095430365954,1.1975959751329872,19.81557794273595,0.050465346147856506,> 12 Months,2024-03
CP46066,Address Campaign,Facebook,2024-02-27,2025-07-30,3873.0,709.0,10786.98,False,519,0.18306222566485927,2.7851742835011617,15.214358251057828,0.06572738616368994,> 12 Months,2024-02
CP11270,Writer Campaign,Twitter,2024-10-04,2024-11-20,2599.0,609.0,45946.08,False,47,0.23432089265101963,17.678368603308964,75.44512315270936,0.01325466720991214,1–3 Months,2024-10
CP66443,Allow Campaign,LinkedIn,2023-12-31,2025-04-15,18246.0,617.0,39298.93,False,471,0.03381563082319412,2.153838101501699,63.69356564019449,0.015700173007254906,> 12 Months,2023-12
CP14660,Push Campaign,Google,2024-06-12,2024-11-03,16807.0,340.0,12193.64,False,144,0.020229666210507525,0.7255096090914499,35.86364705882353,0.027883388389357076,3–6 Months,2024-06
CP90203,Leader Campaign,Google,2024-03-30,2025-02-15,2277.0,533.0,13876.22,False,322,0.23407992973210365,6.0940799297321036,26.034183864915573,0.03841103701152043,6–12 Months,2024-03
CP70792,Bag Campaign,Google,2024-08-20,2025-06-29,3046.0,1491.0,32363.0,False,313,0.48949441891004597,10.624753775443205,21.705566733735747,0.04607113061211878,6–12 Months,2024-08
CP23884,Establish Campaign,Facebook,2024-09-08,2025-08-01,9235.0,658.0,16405.43,False,327,0.07125067677314564,1.776440714672442,24.93226443768997,0.04010867133625879,6–12 Months,2024-09
CP92548,Successful Campaign,LinkedIn,2024-05-30,2025-06-01,17072.0,506.0,13518.06,False,367,0.029639175257731958,0.7918263823805061,26.715533596837943,0.03743140657757104,> 12 Months,2024-05
CP85326,Choose Campaign,Facebook,2024-05-19,2025-04-29,14538.0,66.0,6091.5,False,345,0.004539826661163846,0.41900536524969045,92.29545454545455,0.010834769761142575,6–12 Months,2024-05
CP90220,Paper Campaign,Twitter,2023-11-11,2024-10-26,19877.0,1803.0,38630.06,False,350,0.09070785329778136,1.943455249786185,21.425435385468663,0.04667349727129598,6–12 Months,2023-11
CP20440,Seem Campaign,Instagram,2023-11-08,2025-01-25,16080.0,1268.0,49613.89,False,444,0.07885572139303483,3.08544092039801,39.127673501577284,0.025557359037962957,> 12 Months,2023-11
CP23658,Sport Campaign,Facebook,2024-04-30,2025-08-16,19295.0,359.0,16134.62,False,473,0.018605856439492096,0.8362073075926406,44.94323119777159,0.022250291608974987,> 12 Months,2024-04
CP18588,Father Campaign,Email,2024-01-09,2025-02-25,4286.0,1569.0,30254.38,False,413,0.366075594960336,7.058884741017266,19.282587635436585,0.051860259572333,> 12 Months,2024-01
CP44938,Nice Campaign,Google,2024-04-03,2025-09-21,16038.0,1857.0,21125.18,False,536,0.11578750467639357,1.3171954108991146,11.375971997845989,0.08790457643437831,> 12 Months,2024-04
CP43547,Table Campaign,Facebook,2024-03-29,2025-07-13,15721.0,749.0,3807.63,False,471,0.047643279689587176,0.24220024171490365,5.083618157543391,0.19671028960271875,> 12 Months,2024-03
CP15513,Evidence Campaign,Instagram,2024-08-13,2024-11-17,14280.0,1027.0,30922.87,False,96,0.0719187675070028,2.1654670868347337,30.109902629016553,0.03321166502333063,3–6 Months,2024-08
CP96313,Movie Campaign,Facebook,2023-11-29,2024-12-26,14676.0,507.0,6718.11,False,393,0.03454619787408013,0.457761651676206,13.250710059171597,0.07546765384907363,> 12 Months,2023-11
CP22010,Information Campaign,Twitter,2024-09-18,2025-02-21,6264.0,1570.0,47527.47,False,156,0.25063856960408687,7.587399425287357,30.27227388535032,0.033033527768256965,3–6 Months,2024-09
CP92017,Often Campaign,Google,2024-07-25,2025-02-23,1304.0,937.0,13707.43,False,213,0.718558282208589,10.51183282208589,14.62906083244397,0.06835708809018175,6–12 Months,2024-07
CP80560,Nothing Campaign,Facebook,2024-09-28,2025-05-25,6161.0,1805.0,39739.4,False,239,0.29297192014283396,6.4501541957474435,22.01628808864266,0.045420917276053484,6–12 Months,2024-09
CP83853,Contain Campaign,Facebook,2023-10-25,2025-05-01,12535.0,1175.0,39105.28,False,554,0.09373753490227363,3.119687275628241,33.28108936170213,0.03004709338483192,> 12 Months,2023-10
CP15983,Carry Campaign,Facebook,2024-08-13,2024-10-25,13865.0,1555.0,4297.08,False,73,0.11215290299314822,0.30992282726289216,2.763395498392283,0.36187364442830944,1–3 Months,2024-08
CP59446,Sing Campaign,Instagram,2024-04-03,2025-02-25,9237.0,468.0,29754.5,False,328,0.05066580058460539,3.221229836527011,63.577991452991455,0.015728713303870004,6–12 Months,2024-04
CP51907,Religious Campaign,Email,2023-12-03,2025-06-14,605.0,1329.0,22772.22,True,559,2.196694214876033,37.64003305785124,17.134853273137697,0.05836058144528728,> 12 Months,2023-12
CP12876,Clear Campaign,Facebook,2024-07-04,2024-10-24,5820.0,425.0,28847.94,False,112,0.07302405498281787,4.956690721649484,67.87750588235293,0.014732421101818709,3–6 Months,2024-07
CP90087,Him Campaign,LinkedIn,2024-06-28,2025-05-25,3892.0,891.0,3174.61,False,331,0.2289311408016444,0.8156757451181912,3.5629741863075197,0.28066439657154735,6–12 Months,2024-06
CP78282,As Campaign,LinkedIn,2024-05-14,2025-05-02,19626.0,1940.0,324.71,False,353,0.09884846632018751,0.01654488943238561,0.16737628865979381,5.974561916787287,6–12 Months,2024-05
CP47981,Support Campaign,Twitter,2024-08-19,2025-08-21,18769.0,1060.0,40443.3,False,367,0.056476104214396076,2.154792476956684,38.15405660377359,0.02620953285216587,> 12 Months,2024-08
CP95893,Adult Campaign,Google,2024-09-29,2025-05-09,1056.0,1505.0,16315.72,True,222,1.425189393939394,15.450492424242423,10.841009966777408,0.09224232825765581,6–12 Months,2024-09
CP95772,Skill Campaign,Facebook,2023-12-27,2025-06-10,15816.0,1281.0,24404.21,False,531,0.08099393019726858,1.5430077137076377,19.050905542544886,0.05249094316103656,> 12 Months,2023-12
CP82804,Discuss Campaign,Twitter,2024-05-04,2025-08-03,17811.0,3.0,48024.86,False,456,0.0001684352366515075,2.696359553085172,16008.286666666667,6.246764696450963e-05,> 12 Months,2024-05
CP18485,Movement Campaign,Facebook,2024-06-25,2025-02-09,13649.0,1649.0,1776.89,False,229,0.12081471170049088,0.13018462891054292,1.0775560946027896,0.928025932950267,6–12 Months,2024-06
CP41585,Voice Campaign,Facebook,2023-12-19,2025-03-03,15147.0,769.0,32913.52,False,440,0.05076912920050175,2.172939856077111,42.80041612483745,0.02336425882129897,> 12 Months,2023-12
CP69614,Task Campaign,Email,2024-01-20,2025-09-15,14260.0,662.0,19117.9,False,604,0.04642356241234222,1.3406661991584854,28.879003021148037,0.034627234162747995,> 12 Months,2024-01
CP81543,Control Campaign,Email,2024-06-06,2024-12-01,6613.0,431.0,41545.42,False,178,0.06517465598064419,6.282386208982308,96.39308584686775,0.010374188057311733,3–6 Months,2024-06
CP58352,Tend Campaign,LinkedIn,2024-07-19,2025-03-29,6385.0,471.0,32509.83,False,253,0.07376664056382146,5.091594361785435,69.02299363057325,0.014487925652025863,6–12 Months,2024-07
CP13067,Sound Campaign,Google,2024-03-26,2025-04-13,17435.0,1571.0,15388.47,False,383,0.09010610840263837,0.8826194436478347,9.795334182049649,0.10208942149544432,> 12 Months,2024-03
CP23844,Dark Campaign,Google,2024-03-30,2025-02-26,8233.0,1571.0,28237.41,False,333,0.19081744200170048,3.429783796914855,17.974162953532783,0.055635414154485134,6–12 Months,2024-03
CP35932,Report Campaign,Google,2024-04-26,2025-05-09,7945.0,814.0,44113.66,False,378,0.10245437382001259,5.552380113278792,54.19368550368551,0.01845233426562203,> 12 Months,2024-04
CP71093,Whatever Campaign,Email,2024-03-24,2025-04-08,4960.0,248.0,25574.11,False,380,0.05,5.1560705645161296,103.12141129032258,0.009697307159467133,> 12 Months,2024-03
CP80729,Agreement Campaign,LinkedIn,2024-10-14,2025-08-13,8694.0,1593.0,25253.85,False,303,0.18322981366459629,2.9047446514837816,15.853013182674198,0.06307949084991002,6–12 Months,2024-10
CP77893,Nice Campaign,Twitter,2024-05-12,2025-07-01,11853.0,58.0,47610.42,False,415,0.004893275963890998,4.0167400658061245,820.8693103448276,0.0012182207172295478,> 12 Months,2024-05
CP26649,Paper Campaign,Google,2024-01-06,2025-04-23,19291.0,233.0,15353.1,False,473,0.01207817116790213,0.7958685397335545,65.8931330472103,0.015176088216711934,> 12 Months,2024-01
CP54795,Gas Campaign,Instagram,2024-04-14,2024-11-02,3251.0,1874.0,7525.56,False,202,0.5764380190710551,2.31484466318056,4.0157737459978655,0.2490180132774172,6–12 Months,2024-04
CP60293,Whatever Campaign,Instagram,2024-04-18,2024-11-09,11719.0,1054.0,37241.17,False,205,0.08993941462582132,3.177845379298575,35.33317836812144,0.028302010919635447,6–12 Months,2024-04
CP49531,Call Campaign,Instagram,2024-02-25,2024-11-10,1347.0,1960.0,26293.47,True,259,1.4550853749072012,19.52002227171492,13.415035714285715,0.07454322308923089,6–12 Months,2024-02
CP21034,Protect Campaign,Google,2024-09-23,2025-07-15,15019.0,978.0,20457.72,False,295,0.06511751781077302,1.36212264465011,20.91791411042945,0.04780591385550296,6–12 Months,2024-09
CP90110,Exactly Campaign,Twitter,2024-07-04,2025-08-12,15758.0,984.0,10798.34,False,404,0.0624444726488133,0.6852608199010026,10.973922764227643,0.09112511737915271,> 12 Months,2024-07
CP78851,Write Campaign,Facebook,2024-10-14,2025-08-29,14278.0,458.0,17176.07,False,319,0.03207732175374702,1.202974506233366,37.50233624454148,0.02666500544070908,6–12 Months,2024-10
CP32984,Challenge Campaign,Facebook,2024-05-25,2025-05-03,14914.0,1438.0,36788.78,False,343,0.09641947163738769,2.4667279066648784,25.58329624478442,0.0390880045492131,6–12 Months,2024-05
CP71634,Girl Campaign,Google,2024-04-05,2025-06-18,18378.0,1596.0,28027.96,False,439,0.08684296441397323,1.5250821634563063,17.561378446115288,0.05694313820913117,> 12 Months,2024-04
CP45280,Theory Campaign,Facebook,2023-10-28,2025-05-02,14684.0,1175.0,24717.16,False,552,0.08001906837374012,1.6832715881231273,21.03588085106383,0.04753782392475511,> 12 Months,2023-10
CP44435,Decade Campaign,Google,2024-09-12,2025-08-10,14020.0,480.0,20111.92,False,332,0.034236804564907276,1.4345164051355206,41.899833333333326,0.023866443382829686,6–12 Months,2024-09
CP85392,Better Campaign,LinkedIn,2024-10-19,2024-12-13,8678.0,1123.0,49184.19,False,55,0.12940769762618115,5.66768725512791,43.79714158504007,0.022832540293944048,1–3 Months,2024-10
CP28629,Too Campaign,Google,2023-11-14,2025-04-02,17401.0,956.0,32992.39,False,505,0.05493937130049997,1.8960054019883914,34.51086820083682,0.028976379098331465,> 12 Months,2023-11
CP62447,Base Campaign,Email,2024-04-08,2025-07-07,4608.0,412.0,26151.13,False,455,0.08940972222222222,5.675158420138889,63.47361650485437,0.015754577335663888,> 12 Months,2024-04
CP70214,Air Campaign,Google,2024-06-20,2024-12-07,2287.0,827.0,29024.69,False,170,0.3616090948841277,12.691163095758634,35.096360338573156,0.02849298304305748,3–6 Months,2024-06
CP51616,Resource Campaign,Facebook,2023-12-05,2025-10-14,15039.0,926.0,41593.37,False,679,0.061573242901788686,2.765700512002128,44.91724622030238,0.022263163576310356,> 12 Months,2023-12
CP19742,Especially Campaign,Email,2024-04-21,2025-07-01,19238.0,1655.0,45769.47,False,436,0.08602765360224555,2.379117891672731,27.65526888217523,0.0361594748639213,> 12 Months,2024-04
CP67887,Goal Campaign,Google,2023-11-13,2025-07-09,17592.0,1558.0,4130.86,False,604,0.08856298317417008,0.23481468849477033,2.6513863928112964,0.3771611722498463,> 12 Months,2023-11
CP96971,Matter Campaign,Google,2024-02-02,2025-01-08,6677.0,207.0,49354.99,False,341,0.031001946982177626,7.3917912236034145,238.4299033816425,0.0041941047906199555,6–12 Months,2024-02
CP90324,Figure Campaign,LinkedIn,2024-05-11,2025-07-17,13167.0,559.0,13523.68,False,432,0.04245462140198982,1.0270889344573555,24.19262969588551,0.041334902925830835,> 12 Months,2024-05
CP16155,Might Campaign,LinkedIn,2024-01-14,2024-10-24,8410.0,1021.0,14853.1,False,284,0.12140309155766944,1.7661236623067778,14.547600391772772,0.0687398590193293,6–12 Months,2024-01
CP81819,Oil Campaign,Instagram,2023-10-30,2025-01-25,13365.0,500.0,23017.44,False,453,0.03741114852225964,1.7222177328843995,46.034879999999994,0.0217226589924857,> 12 Months,2023-10
CP68174,Attorney Campaign,Instagram,2024-02-13,2025-06-29,19040.0,1768.0,15960.63,False,502,0.09285714285714286,0.8382683823529411,9.027505656108596,0.11077256975445206,> 12 Months,2024-02
CP38711,President Campaign,Google,2024-09-17,2025-03-18,18154.0,1128.0,47787.32,False,182,0.06213506665197752,2.632330064999449,42.36464539007092,0.023604587995309217,6–12 Months,2024-09
CP16500,Religious Campaign,Facebook,2023-11-25,2024-11-21,15341.0,462.0,22305.53,False,362,0.030115377094061663,1.4539814875171109,48.280367965367965,0.020712352497340346,6–12 Months,2023-11
CP71561,Positive Campaign,Email,2024-01-27,2025-06-29,3758.0,1293.0,6501.36,False,519,0.3440659925492283,1.7300053219797764,5.028120649651972,0.19888146480121083,> 12 Months,2024-01
CP91047,Feeling Campaign,Facebook,2023-10-26,2025-01-10,9057.0,452.0,38253.59,False,442,0.04990614993927349,4.223649111184718,84.63183628318583,0.011815884469928184,> 12 Months,2023-10
CP12023,Pay Campaign,Google,2024-09-14,2024-10-22,15780.0,1095.0,9932.32,False,38,0.06939163498098859,0.6294245880861851,9.070611872146118,0.1102461459155565,1–3 Months,2024-09
CP61074,Eight Campaign,Facebook,2024-01-25,2025-06-10,18576.0,277.0,24731.7,False,502,0.014911714039621016,1.3313791989664083,89.2841155234657,0.01120020055232758,> 12 Months,2024-01
CP23012,Past Campaign,Email,2023-12-04,2024-11-04,7646.0,835.0,26043.88,False,336,0.10920742872089982,3.4062097828930162,31.190275449101797,0.03206127504811111,6–12 Months,2023-12
CP58910,Option Campaign,Twitter,2023-11-23,2025-06-07,4476.0,703.0,9402.72,False,562,0.15705987488829312,2.100697050938338,13.375135135135134,0.07476559974135144,> 12 Months,2023-11
CP90507,Strategy Campaign,Instagram,2024-09-05,2024-11-27,7902.0,1611.0,9174.27,False,83,0.20387243735763097,1.1610060744115414,5.694767225325885,0.17559980249109738,1–3 Months,2024-09
CP87989,Drive Campaign,Google,2024-03-23,2024-12-23,16004.0,294.0,2412.93,False,275,0.018370407398150462,0.15077043239190202,8.207244897959184,0.12184356777859284,6–12 Months,2024-03
CP48406,Maybe Campaign,Google,2023-10-28,2025-08-31,4361.0,1613.0,6875.91,False,673,0.36986929603301993,1.5766819536803485,4.26280843149411,0.2345871310124769,> 12 Months,2023-10
CP29341,Type Campaign,LinkedIn,2024-02-03,2024-11-05,9016.0,258.0,6358.33,False,276,0.028615794143744454,0.7052273735581189,24.64468992248062,0.04057669230757133,6–12 Months,2024-02
CP58876,Allow Campaign,Facebook,2023-11-07,2024-12-19,5478.0,1667.0,17161.47,False,408,0.3043081416575392,3.1327984665936475,10.294823035392922,0.0971362010363914,> 12 Months,2023-11
CP93304,Great Campaign,Google,2023-11-08,2024-11-23,7744.0,714.0,15699.92,False,381,0.0922004132231405,2.027365702479339,21.988683473389354,0.04547793874108912,> 12 Months,2023-11
CP85707,Individual Campaign,Facebook,2024-03-07,2025-02-21,2210.0,1421.0,38283.51,False,351,0.6429864253393666,17.32285520361991,26.94124560168895,0.037117808685776195,6–12 Months,2024-03
CP34444,Wide Campaign,Twitter,2023-12-26,2025-01-16,3338.0,1397.0,26213.15,False,387,0.41851408028759735,7.8529508687837035,18.763886900501074,0.05329386205015421,> 12 Months,2023-12
CP48489,Mr Campaign,Facebook,2024-10-06,2025-04-27,12711.0,1135.0,47301.85,False,203,0.08929273857288962,3.7213319172370385,41.675638766519825,0.023994833183057323,6–12 Months,2024-10
CP63789,Bring Campaign,Facebook,2024-08-07,2024-12-30,7623.0,1510.0,43287.29,False,145,0.19808474353928898,5.678511084874722,28.667079470198676,0.03488321860758666,3–6 Months,2024-08
CP46396,Piece Campaign,LinkedIn,2023-12-07,2025-08-07,6541.0,1283.0,38103.0,False,609,0.19614737807674668,5.825256077052439,29.698363211223693,0.03367188935254442,> 12 Months,2023-12
CP75327,Book Campaign,Email,2023-10-24,2025-09-25,1995.0,750.0,18426.61,False,702,0.37593984962406013,9.236395989974937,24.568813333333335,0.040702006500381784,> 12 Months,2023-10
CP59404,Space Campaign,Google,2024-01-24,2025-08-01,17147.0,135.0,26026.81,False,555,0.007873097334810755,1.517863766256488,192.79118518518518,0.005186959139441214,> 12 Months,2024-01
CP41339,Bring Campaign,Google,2023-10-23,2025-06-05,17763.0,497.0,29200.89,False,591,0.027979507965996735,1.6439165681472725,58.75430583501006,0.017020029184041992,> 12 Months,2023-10
CP57625,Score Campaign,Google,2024-09-16,2025-08-15,17482.0,857.0,32234.5,False,333,0.049021851046790986,1.8438679784921634,37.61318553092182,0.026586421380818688,6–12 Months,2024-09
CP23197,Health Campaign,Google,2024-10-13,2025-08-21,4331.0,392.0,44834.14,False,312,0.0905102747633341,10.351914107596398,114.37280612244898,0.008743337108730088,6–12 Months,2024-10
CP35618,Throw Campaign,Instagram,2024-08-03,2025-08-16,1531.0,945.0,39934.92,False,378,0.6172436316133246,26.08420640104507,42.2591746031746,0.023663500515338456,> 12 Months,2024-08
CP74639,Ball Campaign,Email,2024-02-18,2025-07-14,14107.0,728.0,33103.21,False,512,0.05160558587935068,2.346580421067555,45.47144230769231,0.021991824961990092,> 12 Months,2024-02
CP60408,Floor Campaign,Google,2024-02-21,2025-08-04,3233.0,796.0,47453.18,False,530,0.24621094958243117,14.677754407670895,59.61454773869347,0.01677442902667429,> 12 Months,2024-02
CP80584,Four Campaign,Google,2024-08-08,2025-04-21,946.0,989.0,23238.33,True,256,1.0454545454545454,24.56483086680761,23.496794742163804,0.042558996278992504,6–12 Months,2024-08
CP48620,Role Campaign,LinkedIn,2024-04-09,2025-07-11,3192.0,1019.0,36425.48,False,458,0.3192355889724311,11.411491228070176,35.74630029440628,0.027974923048371632,> 12 Months,2024-04
CP64132,Something Campaign,Instagram,2023-11-08,2024-12-17,15104.0,569.0,19092.66,False,405,0.037672139830508475,1.2640797139830509,33.55476274165202,0.029802028632992993,> 12 Months,2023-11
CP59392,Development Campaign,Google,2024-10-06,2025-01-04,1005.0,97.0,36920.14,False,90,0.09651741293532339,36.73645771144279,380.62,0.0026272923125426934,1–3 Months,2024-10
CP59843,In Campaign,Email,2024-05-04,2025-09-15,14745.0,1061.0,24019.4,False,499,0.0719565954560868,1.628986096982028,22.638454288407164,0.044172627126406155,> 12 Months,2024-05
CP16398,Offer Campaign,LinkedIn,2024-04-18,2025-05-06,5335.0,838.0,27337.04,False,383,0.15707591377694471,5.124093720712278,32.621766109785206,0.030654379552431426,> 12 Months,2024-04
CP45967,Agency Campaign,Twitter,2024-07-06,2025-01-03,8935.0,827.0,45289.11,False,181,0.09255735870173475,5.068730833799664,54.763131801692865,0.01826046040648624,6–12 Months,2024-07
CP67695,Cost Campaign,Instagram,2024-07-15,2025-02-23,7572.0,604.0,20429.61,False,223,0.0797675647120972,2.6980467511885897,33.82385761589404,0.02956493051017616,6–12 Months,2024-07
CP10094,Meet Campaign,Twitter,2024-08-01,2024-12-14,10060.0,971.0,46026.03,False,135,0.09652087475149106,4.575152087475149,47.400648815653966,0.02109675763910118,3–6 Months,2024-08
CP11648,Open Campaign,Facebook,2024-04-27,2025-05-22,12535.0,812.0,28910.43,False,390,0.06477861986437973,2.306376545672118,35.603977832512314,0.02808674931503959,> 12 Months,2024-04
CP11879,Quite Campaign,Facebook,2023-12-16,2025-08-14,13472.0,1715.0,33577.96,False,607,0.12730106888361045,2.4924257719714964,19.578985422740523,0.05107516954573774,> 12 Months,2023-12
CP99987,Partner Campaign,Instagram,2024-09-05,2025-08-05,9458.0,1172.0,42054.73,False,334,0.12391626136603934,4.446471769930218,35.88287542662116,0.027868446664620124,6–12 Months,2024-09
CP15305,Between Campaign,Google,2024-01-14,2025-07-24,9417.0,1809.0,34584.14,False,557,0.19209939471169163,3.6725220346182437,19.117822001105583,0.05230721365342611,> 12 Months,2024-01
CP65707,Summer Campaign,Facebook,2024-07-31,2024-12-31,10782.0,1741.0,9075.75,False,153,0.1614728250788351,0.8417501391207568,5.212952326249282,0.19182987631876153,3–6 Months,2024-07
CP59438,Smile Campaign,LinkedIn,2024-03-24,2025-03-22,14269.0,1908.0,7438.69,False,363,0.133716448244446,0.521318242343542,3.8986844863731656,0.2564967756419477,6–12 Months,2024-03
CP22169,Stay Campaign,Google,2024-02-05,2025-06-03,16661.0,1376.0,26537.12,False,484,0.08258807994718204,1.5927687413720664,19.285697674418603,0.05185189651326143,> 12 Months,2024-02
CP97666,Table Campaign,Google,2024-03-18,2025-08-23,5720.0,1825.0,35810.08,False,523,0.31905594405594406,6.260503496503497,19.62196164383562,0.05096330418697752,> 12 Months,2024-03
CP68209,Build Campaign,Facebook,2024-03-27,2025-03-28,4788.0,769.0,26152.61,False,366,0.16060985797827904,5.462115705931495,34.0085955786736,0.029404330963525245,> 12 Months,2024-03
CP98023,Life Campaign,Instagram,2023-11-10,2025-09-04,9940.0,1380.0,31690.96,False,664,0.13883299798792756,3.188225352112676,22.96446376811594,0.04354554106281413,> 12 Months,2023-11
CP51029,Effort Campaign,Twitter,2023-11-19,2025-07-25,8353.0,929.0,16351.48,False,614,0.11121752663713635,1.9575577636777206,17.601162540365983,0.056814429030277384,> 12 Months,2023-11
CP21961,Current Campaign,Facebook,2024-03-19,2024-11-06,15351.0,938.0,37964.84,False,232,0.061103511171910624,2.4731183636245193,40.47424307036247,0.024707071068915346,6–12 Months,2024-03
CP26825,Good Campaign,Facebook,2024-07-16,2025-05-29,2801.0,1291.0,40238.62,False,317,0.4609068189932167,14.365805069617995,31.168567002323783,0.032083605252864036,6–12 Months,2024-07
CP40788,Official Campaign,Google,2024-02-15,2024-12-07,17285.0,1832.0,31038.38,False,296,0.10598785073763378,1.7956829621058723,16.94234716157205,0.05902369904614867,6–12 Months,2024-02
CP51677,Impact Campaign,LinkedIn,2024-09-21,2025-04-11,11758.0,854.0,10437.49,False,202,0.07263139989794183,0.887692634801837,12.221885245901639,0.08182043767227562,6–12 Months,2024-09
CP33975,Want Campaign,Google,2024-02-26,2025-05-04,313.0,1097.0,44222.21,True,433,3.5047923322683707,141.28501597444088,40.311950774840476,0.024806539519395345,> 12 Months,2024-02
CP49948,Production Campaign,Facebook,2024-04-19,2024-11-18,9615.0,347.0,11980.07,False,213,0.03608944357774311,1.2459771190847633,34.52469740634006,0.02896477232603816,6–12 Months,2024-04
CP61630,Social Campaign,Facebook,2024-03-06,2025-09-01,5296.0,589.0,23488.68,False,544,0.11121601208459214,4.435173716012085,39.87891341256367,0.025075908905907017,> 12 Months,2024-03
CP24531,Word Campaign,Google,2024-05-29,2025-02-16,6426.0,292.0,3996.39,False,263,0.045440398381574855,0.6219094304388422,13.68626712328767,0.07306594201266643,6–12 Months,2024-05
CP19836,Teach Campaign,Facebook,2024-02-01,2025-09-13,7614.0,273.0,5382.46,False,590,0.035855003940110326,0.706916206987129,19.715970695970697,0.05072030261256005,> 12 Months,2024-02
CP90878,Heavy Campaign,Facebook,2023-10-24,2025-01-10,2123.0,543.0,21444.6,False,444,0.25577013659915215,10.101083372585963,39.49281767955801,0.02532105984723427,> 12 Months,2023-10
CP97079,Shoulder Campaign,Google,2024-03-12,2025-05-27,14860.0,1175.0,1275.04,False,441,0.07907133243606998,0.08580349932705249,1.0851404255319148,0.9215397164010541,> 12 Months,2024-03
CP99731,Space Campaign,Twitter,2024-06-14,2025-06-17,17048.0,781.0,24712.5,False,368,0.04581182543406851,1.4495835288596903,31.64212548015365,0.03160343955488113,> 12 Months,2024-06
CP73632,Which Campaign,Google,2024-10-13,2025-07-28,16905.0,395.0,2707.31,False,288,0.02336586808636498,0.16014847678201716,6.853949367088608,0.14590128208443068,6–12 Months,2024-10
CP91607,Draw Campaign,Instagram,2024-08-16,2025-04-25,9005.0,1440.0,24590.69,False,252,0.15991116046640755,2.7307817878956135,17.076868055555554,0.05855874723320086,6–12 Months,2024-08
CP41132,Shake Campaign,Email,2023-11-23,2025-10-16,9673.0,706.0,14390.06,False,693,0.07298666390985216,1.4876522278507185,20.38252124645892,0.04906164394033104,> 12 Months,2023-11
